dealer_id,name,website,street,street2,zip,city,province,country,phone,email,fax,mobile,latitude,longitude,distance_m,rank,retailer_types,premium_partner,expert,premium_flagship,delivery_types,payment_methods,open_now,closes_at,benefits,badges,shop_hours,service_hours,found_via_query
C058815,ONUBA DE FERRETERIA,https://www.onufer.es/,"ENCINA SOLA, 2",,21440,LEPE,HUELVA,ES,+34959223511,,,,37.263367,-7.198239,248813,,regular_dealer,True,True,False,,,False,,,expert-powertools; premium-partner; regular-dealer,,,"36.00000,-9.50000"
C058814,ONUBA DE FERRETERIA,https://www.onufer.es/,"POLÍGONO INDUSTRIAL MENAJA, 1 BAJO",,21007,HUELVA,HUELVA,ES,+34959381269,,,,37.268518,-6.958821,267011,,regular_dealer,True,True,False,,,False,,,expert-powertools; premium-partner; regular-dealer,L: |07:00 - 16:00 H | M: |07:00 - 16:00 H | X: |07:00 - 16:00 H | J: |07:00 - 16:00 H | V: |07:00 - 16:00 H | S: |07:00 - 13:00 H | D: |Cerrado,L: |07:00 - 16:00 H | M: |07:00 - 16:00 H | X: |07:00 - 16:00 H | J: |07:00 - 16:00 H | V: |07:00 - 16:00 H | S: |07:00 - 13:00 H | D: |Cerrado,"36.00000,-9.50000"
C084752,COMERCIAL ROLDAN ONUBENSE,https://roldanmaquinarias.com,"AVENIDA CRISTOBAL COLON, 132",,21002,HUELVA,HUELVA,ES,+34959242836,info@roldanmaquinarias.com,,,37.272584,-6.949725,267934,,TRADITIONAL_TRADE; regular_dealer,True,True,False,,,False,,,expert-powertools; offline-traditional-trade; premium-partner; regular-dealer,L: |08:30 - 13:30 H y 16:00 - 19:00 H | M: |08:30 - 13:30 H y 16:00 - 19:00 H | X: |08:30 - 13:30 H y 16:00 - 19:30 H | J: |08:30 - 13:30 H y 16:00 - 19:00 H | V: |08:30 - 13:30 H y 16:00 - 19:00 H | S: |10:00 - 13:30 H | D: |Cerrado,L: |08:30 - 13:30 H y 16:00 - 19:00 H | M: |08:30 - 13:30 H y 16:00 - 19:00 H | X: |08:30 - 13:30 H y 16:00 - 19:30 H | J: |08:30 - 13:30 H y 16:00 - 19:00 H | V: |08:30 - 13:30 H y 16:00 - 19:00 H | S: |10:00 - 13:30 H | D: |Cerrado,"36.00000,-9.50000"
C148687,COMERCIAL ROLDAN ONUBENSE,https://roldanmaquinarias.com,"AVENIDA DEL JAMÓN, 54",POLÍGONO HUELVA EMPRESARIAL,21007,HUELVA,HUELVA,ES,+34959282283,info@roldanmaquinarias.com,,,37.310068,-6.873928,275828,,regular_dealer,True,True,False,,,False,,,expert-powertools; premium-partner; regular-dealer,L: |08:30 - 13:30 H y 16:00 - 19:00 H | M: |08:30 - 13:30 H y 16:00 - 19:00 H | X: |08:30 - 13:30 H y 16:00 - 19:30 H | J: |08:30 - 13:30 H y 16:00 - 19:00 H | V: |08:30 - 13:30 H y 16:00 - 19:00 H | S: |10:00 - 13:30 H | D: |Cerrado,L: |08:30 - 13:30 H y 16:00 - 19:00 H | M: |08:30 - 13:30 H y 16:00 - 19:00 H | X: |08:30 - 13:30 H y 16:00 - 19:30 H | J: |08:30 - 13:30 H y 16:00 - 19:00 H | V: |08:30 - 13:30 H y 16:00 - 19:00 H | S: |10:00 - 13:30 H | D: |Cerrado,"36.00000,-9.50000"
C058903,SUMINISTROS INDUSTRIALES RAME,https://www.suministrosrame.com,"LUXEMBURGO, 1",POLIGONO INDUSTRIAL EL TROCADERO,11510,PUERTO REAL,CÁDIZ,ES,+34956264659,comercial@rame.es,,,36.522791,-6.210419,300585,,regular_dealer,True,True,False,,,False,,,expert-powertools; premium-partner; regular-dealer,,,"36.00000,-9.50000"
C058665,FERRETERÍA XEREZ,https://ferreteriaxerez.com/,"CARRETERA SANLUCAR, KM 1",PARQUE EMPRESARIAL OESTE,11408,JEREZ DE LA FRONTERA (CADIZ),CÁDIZ,ES,+34956325100,info@ferreteriaxerez.com,,,36.680719,-6.158434,308689,,regular_dealer,True,True,False,,,False,,,expert-powertools; premium-partner; regular-dealer,L: |07:30 - 15:00 H y 18:00 - 20:00 H | M: |07:30 - 15:00 H y 18:00 - 20:00 H | X: |07:30 - 15:00 H y 18:00 - 20:00 H | J: |07:30 - 15:00 H y 18:00 - 20:00 H | V: |07:30 - 15:00 H y 18:00 - 20:00 H | S: |09:00 - 14:00 H | D: |Cerrado,L: |07:30 - 15:00 H y 18:00 - 20:00 H | M: |07:30 - 15:00 H y 18:00 - 20:00 H | X: |07:30 - 15:00 H y 18:00 - 20:00 H | J: |07:30 - 15:00 H y 18:00 - 20:00 H | V: |07:30 - 15:00 H y 18:00 - 20:00 H | S: |09:00 - 14:00 H | D: |Cerrado,"36.00000,-9.50000"
C068946,SUMINISTROS INDUSTRIALES SHERRY SUR,https://www.sherrysur.com,"CALLE AMIANTO, 9",,11405,JEREZ DE LA FRONTERA,CÁDIZ,ES,+34856058822,ignacio@sherrysur.com,,,36.698637,-6.114351,312972,,regular_dealer,True,True,False,,,False,,,expert-powertools; premium-partner; regular-dealer,L: |07:00 - 15:00 H | M: |07:00 - 15:00 H | X: |07:00 - 15:00 H | J: |07:00 - 15:00 H | V: |07:00 - 15:00 H | S: |09:00 - 14:00 H | D: |Cerrado,L: |07:00 - 15:00 H | M: |07:00 - 15:00 H | X: |07:00 - 15:00 H | J: |07:00 - 15:00 H | V: |07:00 - 15:00 H | S: |09:00 - 14:00 H | D: |Cerrado,"36.00000,-9.50000"
C084753,SUMINISTROS INDUSTRIALES HERBI,https://suministrosherbi.com/,"AVENIDA JOSÉ MARÍA TOMASSETTI, 59",,41740,LEBRIJA,SEVILLA,ES,+34955972918,web@suministrosherbi.com,,,36.920446,-6.064954,323760,,regular_dealer,True,True,False,,,False,,,expert-powertools; premium-partner; regular-dealer,L: |08:00 - 14:00 H y 16:00 - 20:00 H | M: |08:00 - 14:00 H y 16:00 - 20:00 H | X: |08:00 - 14:00 H y 16:00 - 20:00 H | J: |08:00 - 14:00 H y 16:00 - 20:00 H | V: |08:00 - 14:00 H y 16:00 - 20:00 H | S: |08:30 - 14:00 H | D: |Cerrado,L: |08:00 - 14:00 H y 16:00 - 20:00 H | M: |08:00 - 14:00 H y 16:00 - 20:00 H | X: |08:00 - 14:00 H y 16:00 - 20:00 H | J: |08:00 - 14:00 H y 16:00 - 20:00 H | V: |08:00 - 14:00 H y 16:00 - 20:00 H | S: |08:30 - 14:00 H | D: |Cerrado,"36.00000,-9.50000"
C250999,RUBIX IBERIA (MAIRENA ALJAR),https://es.rubix.com/,"POLÍGONO INDUSTRIAL PISA. CALLE CONGRESO, 2",,41927,MAIRENA DEL ALJARAFE,,ES,+34954254244,,,,37.352737,-6.067115,341055,,regular_dealer,True,True,False,,,False,,,expert-powertools; premium-partner; regular-dealer,,,"36.00000,-9.50000"
C058682,GOIPE SEVILLA,https://www.goipe.com/,"PINCEL, 31. PARQUE INDUSTRIAL NUEVO CALONGE",PARQUE INDUSTRIAL NUEVO CALONGE,41007,SEVILLA,SEVILLA,ES,+34954355318,sevilla@goipe.com,,,37.415828,-5.951654,353274,,regular_dealer,True,True,False,,,False,,,expert-powertools; premium-partner; regular-dealer,L: |08:00 - 19:00 H | M: |08:00 - 19:00 H | X: |08:00 - 19:00 H | J: |08:00 - 19:00 H | V: |08:00 - 19:00 H | S: |Cerrado | D: |Cerrado,L: |08:00 - 19:00 H | M: |08:00 - 19:00 H | X: |08:00 - 19:00 H | J: |08:00 - 19:00 H | V: |08:00 - 19:00 H | S: |Cerrado | D: |Cerrado,"36.00000,-9.50000"
C250988,FERRETERIA MORCILLO,https://www.ferreteriamorcillo.com/,"POLÍGONO INDUSTRIAL EL NEVERO, CALLE NEVERO 21 - PARCELA 17",,6006,BADAJOZ,BADAJOZ,ES,+34667625742,info@ferreteriamorcillo.com,,,38.899608,-7.00105,390605,,regular_dealer,True,True,False,,,False,,,expert-powertools; premium-partner; regular-dealer,,,"36.00000,-9.50000"
C058825,PROVEEDORA DEL SUR (PROSUR),http://prosursl.com/,"CARRETERA NACIONAL SEVILLA-MALAGA-GRANADA (KM 3,3)",POLÍGONO INDUSTRIAL LA CHAPARRILLA,41016,SEVILLA,SEVILLA,ES,+34954400111,prosur@prosursl.com,,,37.496804,-5.920104,359716,,regular_dealer,True,True,False,,,False,,,expert-powertools; premium-partner; regular-dealer,L: |08:00 - 13:30 H y 16:30 - 19:30 H | M: |08:00 - 13:30 H y 16:30 - 19:30 H | X: |08:00 - 13:30 H y 16:30 - 19:30 H | J: |08:00 - 13:30 H y 16:30 - 19:30 H | V: |08:00 - 13:30 H y 16:30 - 19:30 H | S: |Cerrado | D: |Cerrado,L: |08:00 - 13:30 H y 16:30 - 19:30 H | M: |08:00 - 13:30 H y 16:30 - 19:30 H | X: |08:00 - 13:30 H y 16:30 - 19:30 H | J: |08:00 - 13:30 H y 16:30 - 19:30 H | V: |08:00 - 13:30 H y 16:30 - 19:30 H | S: |Cerrado | D: |Cerrado,"36.00000,-9.50000"
C010028,MARTINEZ FERRETERIA Y SUMINISTROS,https://www.ferreteriamartinez.com/,"RONDA DE LOS TORNEROS, 10","POLÍGONO INDUSTRIAL EL TORNO,",41710 ,UTRERA ,SEVILLA,ES,+34955867640,online@ferreteriamartinez.com,,,37.197809,-5.794899,356515,,regular_dealer,True,True,False,,,False,,,expert-powertools; premium-partner; regular-dealer,,,"36.00000,-9.50000"
C186420,FERRETERIA MORCILLO,https://www.ferreteriamorcillo.com/,"CALLE BADAJOZ, 46, C",,6200,ALMENDRALEJO,BADAJOZ,ES,,,,,38.688277,-6.422738,404099,,regular_dealer,True,True,False,,,False,,,expert-powertools; premium-partner; regular-dealer,L: |08:00 - 14:00 H y 16:30 - 20:00 H | M: |08:00 - 14:00 H y 16:30 - 20:00 H | X: |08:00 - 14:00 H y 16:30 - 20:00 H | J: |08:00 - 14:00 H y 16:30 - 20:00 H | V: |08:00 - 14:00 H y 16:30 - 20:00 H | S: |09:00 - 13:00 H | D: |Cerrado,L: |08:00 - 14:00 H y 16:30 - 20:00 H | M: |08:00 - 14:00 H y 16:30 - 20:00 H | X: |08:00 - 14:00 H y 16:30 - 20:00 H | J: |08:00 - 14:00 H y 16:30 - 20:00 H | V: |08:00 - 14:00 H y 16:30 - 20:00 H | S: |09:00 - 13:00 H | D: |Cerrado,"36.00000,-9.50000"
C065273,FERRETERIA LA PAZ,https://ferreterialapaz.com/,"CAMINO PADRE CURA, 15",,29680,ESTEPONA,MÁLAGA,ES,+34952801998,ferlapazdos@terra.es,,,36.422955,-5.1518,392877,,regular_dealer,True,True,False,,,False,,,expert-powertools; premium-partner; regular-dealer,L: |09:00 - 14:00 H y 16:00 - 20:00 H | M: |09:00 - 14:00 H y 16:00 - 20:00 H | X: |09:00 - 14:00 H y 16:00 - 20:00 H | J: |09:00 - 14:00 H y 16:00 - 20:00 H | V: |09:00 - 14:00 H y 16:00 - 20:00 H | S: |09:00 - 13:30 H | D: |Cerrado,L: |09:00 - 14:00 H y 16:00 - 20:00 H | M: |09:00 - 14:00 H y 16:00 - 20:00 H | X: |09:00 - 14:00 H y 16:00 - 20:00 H | J: |09:00 - 14:00 H y 16:00 - 20:00 H | V: |09:00 - 14:00 H y 16:00 - 20:00 H | S: |09:00 - 13:30 H | D: |Cerrado,"36.00000,-9.50000"
C007193,FERRETERIA MORCILLO,https://www.ferreteriamorcillo.com/,"CALLE EDISON, 12. POLÍGONO INDUSTRIAL LAS CUMBRES",POLÍGONO INDUSTRIAL LAS CUMBRES,06400,DON BENITO,BADAJOZ,ES,+34924804492,info@ferreteriamorcillo.com,,,38.960226,-5.880964,458512,,BUILDING_CONSTRUCTION; DIY; ONLINE_PURE_PLAYER; TRADITIONAL_TRADE; regular_dealer,True,True,False,NORMAL; PICKUP,CASH; CREDITCARD; DEBIT; VISA,False,,company.b2c; company.b2b,diy; expert-powertools; offline-traditional-trade; premium-partner; regular-dealer,L: |08:00 - 14:00 H y 16:00 - 20:00 H | M: |08:00 - 14:00 H y 16:00 - 20:00 H | X: |08:00 - 14:00 H y 16:00 - 20:00 H | J: |08:00 - 14:00 H y 16:00 - 20:00 H | V: |08:00 - 14:00 H y 16:00 - 20:00 H | S: |09:00 - 14:00 H | D: |Cerrado,L: |08:00 - 14:00 H y 16:00 - 20:00 H | M: |08:00 - 14:00 H y 16:00 - 20:00 H | X: |08:00 - 14:00 H y 16:00 - 20:00 H | J: |08:00 - 14:00 H y 16:00 - 20:00 H | V: |08:00 - 14:00 H y 16:00 - 20:00 H | S: |09:00 - 14:00 H | D: |Cerrado,"36.00000,-9.50000"
C186419,FERRETERIA MORCILLO,https://www.ferreteriamorcillo.com/,"AVENIDA DE LA CONSTITUCION, 150 L2",,6450,QUINTANA DE LA SERENA,BADAJOZ,ES,+34 924 777807,info@ferreteriamorcillo.com,,,38.734874,-5.673315,454694,,regular_dealer,True,True,False,,,False,,,expert-powertools; premium-partner; regular-dealer,L: |09:00 - 14:00 H y 16:00 - 20:00 H | M: |09:00 - 14:00 H y 16:00 - 20:00 H | X: |09:00 - 14:00 H y 16:00 - 20:00 H | J: |09:00 - 14:00 H y 16:00 - 20:00 H | V: |09:00 - 14:00 H y 16:00 - 20:00 H | S: |09:00 - 14:00 H | D: |Cerrado,L: |09:00 - 14:00 H y 16:00 - 20:00 H | M: |09:00 - 14:00 H y 16:00 - 20:00 H | X: |09:00 - 14:00 H y 16:00 - 20:00 H | J: |09:00 - 14:00 H y 16:00 - 20:00 H | V: |09:00 - 14:00 H y 16:00 - 20:00 H | S: |09:00 - 14:00 H | D: |Cerrado,"36.00000,-9.50000"
C058453,AISLAMIENTOS Y CUBIERTAS EXTREMEÑOS,http://aislamientosycubiertas.es/,"CARRETERA MADRID LISBOA, 0 KM 292 (ANTIGUA N-V)",,10100,MIAJADAS,CÁCERES,ES,+34927347194,info@aislamientosycubiertas.es,,,39.154741,-5.902132,472736,,regular_dealer,True,True,False,,,False,,,expert-powertools; premium-partner; regular-dealer,L: |08:30 - 13:30 H y 15:30 - 19:00 H | M: |08:30 - 13:30 H y 15:30 - 19:00 H | X: |08:30 - 13:30 H y 15:30 - 19:00 H | J: |08:30 - 13:30 H y 15:30 - 19:00 H | V: |08:30 - 13:30 H y 15:30 - 19:00 H | S: |09:00 - 14:00 H | D: |Cerrado,L: |08:30 - 13:30 H y 15:30 - 19:00 H | M: |08:30 - 13:30 H y 15:30 - 19:00 H | X: |08:30 - 13:30 H y 15:30 - 19:00 H | J: |08:30 - 13:30 H y 15:30 - 19:00 H | V: |08:30 - 13:30 H y 15:30 - 19:00 H | S: |09:00 - 14:00 H | D: |Cerrado,"36.00000,-9.50000"
C058893,SUMINISTROS INDUSTRIALES CABO NOVAL,http://www.cabonoval.com,"AVENIDA CABO NOVAL, S/N",,11540,SANLUCAR DE BARRAMEDA,CÁDIZ,ES,+34956364947,info@cabonoval.com,,,36.785101,-6.351831,294969,,regular_dealer,True,False,False,,,False,,,premium-partner; regular-dealer,,,"36.00000,-9.50000"
C065241,FERRETERIA MORCILLO,http://www.ferreteriamorcillo.com,"CALLE EDISON, 12. POLÍGONO INDUSTRIAL LAS CUMBRES",POLÍGONO INDUSTRIAL LAS CUMBRES,06400,DON BENITO,BADAJOZ,ES,+34924804492,info@ferreteriamorcillo.com,,,38.960226,-5.880964,458512,,regular_dealer,True,False,False,,,False,,,premium-partner; regular-dealer,L: |08:00 - 14:00 H y 16:00 - 20:00 H | M: |08:00 - 14:00 H y 16:00 - 20:00 H | X: |08:00 - 14:00 H y 16:00 - 20:00 H | J: |08:00 - 14:00 H y 16:00 - 20:00 H | V: |08:00 - 14:00 H y 16:00 - 20:00 H | S: |09:00 - 14:00 H | D: |Cerrado,L: |08:00 - 14:00 H y 16:00 - 20:00 H | M: |08:00 - 14:00 H y 16:00 - 20:00 H | X: |08:00 - 14:00 H y 16:00 - 20:00 H | J: |08:00 - 14:00 H y 16:00 - 20:00 H | V: |08:00 - 14:00 H y 16:00 - 20:00 H | S: |09:00 - 14:00 H | D: |Cerrado,"36.00000,-9.50000"
C076804,LEROY MERLIN LEPE (COMPACT),https://www.leroymerlin.es/,AVENIDA DE ANDALUCIA SUR II,,21440,LEPE,HUELVA,ES,+34959468406,,,,37.252453,-7.195702,248329,,regular_dealer,False,False,False,,,False,,,regular-dealer,L: |09:00 - 21:30 H | M: |09:00 - 21:30 H | X: |09:00 - 21:30 H | J: |09:00 - 21:30 H | V: |09:00 - 21:30 H | S: |09:00 - 21:30 H | D: |Cerrado,L: |09:00 - 21:30 H | M: |09:00 - 21:30 H | X: |09:00 - 21:30 H | J: |09:00 - 21:30 H | V: |09:00 - 21:30 H | S: |09:00 - 21:30 H | D: |Cerrado,"36.00000,-9.50000"
C073782,LEROY MERLIN HUELVA,,"JUNTO A PARQUE COMERCIAL HOLEA. RONDA EXTERIOR SUR, S/N",,21007,HUELVA,HUELVA,ES,+34959495340,,,,37.310354,-6.864367,276569,,regular_dealer,False,False,False,,,False,,,regular-dealer,L: |09:00 - 22:00 H | M: |09:00 - 22:00 H | X: |09:00 - 22:00 H | J: |09:00 - 22:00 H | V: |09:00 - 22:00 H | S: |09:00 - 22:00 H | D: |Cerrado,L: |09:00 - 22:00 H | M: |09:00 - 22:00 H | X: |09:00 - 22:00 H | J: |09:00 - 22:00 H | V: |09:00 - 22:00 H | S: |09:00 - 22:00 H | D: |Cerrado,"36.00000,-9.50000"
C175909,SUMINISTROS MAQUIVAL,https://www.maquival.com/,"AVENIDA ALCALDE AMÉRICO SANTOS, 10",,21600,VALVERDE DEL CAMINO,HUELVA,ES,+34959551342,maquival@maquival.com,,,37.570914,-6.749978,300775,,regular_dealer,False,False,False,,,False,,,regular-dealer,L: |08:00 - 15:00 H | M: |08:00 - 15:00 H | X: |08:00 - 15:00 H | J: |08:00 - 15:00 H | V: |08:00 - 15:00 H | S: |Cerrado | D: |Cerrado,L: |08:00 - 15:00 H | M: |08:00 - 15:00 H | X: |08:00 - 15:00 H | J: |08:00 - 15:00 H | V: |08:00 - 15:00 H | S: |Cerrado | D: |Cerrado,"36.00000,-9.50000"
C069547,LEROY MERLIN PUERTO REAL,https://www.leroymerlin.es/,"POLÍGONO INDUSTRIAL TRES CAMINOS, S/N",,11518,PUERTO REAL,CÁDIZ,ES,+34956598804,,,,36.469621,-6.171923,302997,,regular_dealer,False,False,False,,,False,,,regular-dealer,L: |07:30 - 22:00 H | M: |07:30 - 22:00 H | X: |07:30 - 22:00 H | J: |07:30 - 22:00 H | V: |07:30 - 22:00 H | S: |09:00 - 22:00 H | D: |Cerrado,J: |09:00 - 22:00 H,"36.00000,-9.50000"
C069525,LEROY MERLIN JEREZ,http://www.leroymerlin.es/,"AVENIDA DE LA ILUSTRACIÓN, 1",,11407,JEREZ DE LA FRONTERA,CÁDIZ,ES,+34956302963,,,,36.70855,-6.128056,312041,,regular_dealer,False,False,False,,,False,,,regular-dealer,L: |09:00 - 22:00 H | M: |09:00 - 22:00 H | X: |09:00 - 22:00 H | J: |09:00 - 22:00 H | V: |09:00 - 22:00 H | S: |09:00 - 22:00 H | D: |Cerrado,L: |09:00 - 22:00 H | M: |09:00 - 22:00 H | X: |09:00 - 22:00 H | J: |09:00 - 22:00 H | V: |09:00 - 22:00 H | S: |09:00 - 22:00 H | D: |Cerrado,"36.00000,-9.50000"
C175888,BRICODEPOT (JEREZ DE LA FRONTERA),https://www.bricodepot.es,"PARQUE EMPRESARIAL JEREZ N-IV- KM 634,5",,11407,JEREZ DE LA FRONTERA,CÁDIZ,ES,+34956185832,,,,36.709832,-6.119747,312794,,regular_dealer,False,False,False,,,False,,,regular-dealer,L: |07:00 - 21:00 H | M: |07:00 - 21:00 H | X: |07:00 - 21:00 H | J: |07:00 - 21:00 H | V: |07:00 - 21:00 H | S: |07:00 - 21:00 H | D: |Cerrado,L: |07:00 - 21:00 H | M: |07:00 - 21:00 H | X: |07:00 - 21:00 H | J: |07:00 - 21:00 H | V: |07:00 - 21:00 H | S: |07:00 - 21:00 H | D: |Cerrado,"36.00000,-9.50000"
C001828,OBRAMAT BORMUJOS,https://www.obramat.es/,"CARRETERA A49, SALIDA 5",,41930,BORMUJOS,SEVILLA,ES,+34954983030,info.bormujos@obramat.es,,,37.379171,-6.075256,341665,,regular_dealer,False,False,False,,,False,,,regular-dealer,L: |07:00 - 22:00 H | M: |07:00 - 22:00 H | X: |07:00 - 22:00 H | J: |07:00 - 22:00 H | V: |07:00 - 22:00 H | S: |07:00 - 22:00 H | D: |Cerrado,L: |07:00 - 22:00 H | M: |07:00 - 22:00 H | X: |07:00 - 22:00 H | J: |07:00 - 22:00 H | V: |07:00 - 22:00 H | S: |07:00 - 22:00 H | D: |Cerrado,"36.00000,-9.50000"
C069519,LEROY MERLIN SEVILLA TOMARES,https://www.leroymerlin.es/,CARRETERA N617. PARQUE ALJARAFE-TOMARES,PARQUE ALJARAFE-TOMARES,41940,TOMARES,SEVILLA,ES,+34954151080,,,,37.376554,-6.029406,345198,,regular_dealer,False,False,False,,,False,,,regular-dealer,L: |07:00 - 22:00 H | M: |07:00 - 22:00 H | X: |07:00 - 22:00 H | J: |07:00 - 22:00 H | V: |07:00 - 22:00 H | S: |08:00 - 22:00 H | D: |Cerrado,L: |07:00 - 22:00 H | M: |07:00 - 22:00 H | X: |07:00 - 22:00 H | J: |07:00 - 22:00 H | V: |07:00 - 22:00 H | S: |08:00 - 22:00 H | D: |Cerrado,"36.00000,-9.50000"
C076823,LEROY MERLIN DOS HERMANAS,https://www.leroymerlin.es/,"AVENIDA INGENIERO JOSÉ LUIS PRATS, 1. CARRETERA SEVILLA-CÁDIZ, 303. CENTRO COMERCIAL WAY",CENTRO COMERCIAL WAY,41700,DOS HERMANAS,SEVILLA,ES,+34955146122,,,,37.285348,-5.940934,348172,,regular_dealer,False,False,False,,,False,,,regular-dealer,L: |08:00 - 22:00 H | M: |08:00 - 22:00 H | X: |08:00 - 22:00 H | J: |08:00 - 22:00 H | V: |08:00 - 22:00 H | S: |09:00 - 22:00 H | D: |Cerrado,L: |08:00 - 22:00 H | M: |08:00 - 22:00 H | X: |08:00 - 22:00 H | J: |08:00 - 22:00 H | V: |08:00 - 22:00 H | S: |09:00 - 22:00 H | D: |Cerrado,"36.00000,-9.50000"
C175901,BRICODEPOT (SEVILLA),https://www.bricodepot.es,PARQUE COMERCIAL CIUDAD DE LA IMAGEN. RONDA SUPERNORTE,,41015,SEVILLA,SEVILLA,ES,+34955494444,,,,37.430288,-5.973016,352267,,regular_dealer,False,False,False,,,False,,,regular-dealer,L: |07:00 - 21:30 H | M: |07:00 - 21:30 H | X: |07:00 - 21:30 H | J: |07:00 - 21:30 H | V: |07:00 - 21:30 H | S: |07:00 - 21:30 H | D: |Cerrado,L: |07:00 - 21:30 H | M: |07:00 - 21:30 H | X: |07:00 - 21:30 H | J: |07:00 - 21:30 H | V: |07:00 - 21:30 H | S: |07:00 - 21:30 H | D: |Cerrado,"36.00000,-9.50000"
C058943,TORSESA,https://www.torsesa.com/,"AVENIDA MONTES SIERRA, 5",POLÍGONO INDUSTRIAL CARRETERA AMARILLA,41007,SEVILLA,SEVILLA,ES,+34954670300,ventas@torsesa.es,,,37.391774,-5.957275,351686,,regular_dealer,False,False,False,,,False,,,regular-dealer,,,"36.00000,-9.50000"
C175900,BRICODEPOT (SEVILLA MONTEQUINO),https://www.bricodepot.es,CARRETERA UTRERA KM 1,,41031,SEVILLA,SEVILLA,ES,+34954297111,,,,37.357647,-5.935596,351841,,regular_dealer,False,False,False,,,False,,,regular-dealer,L: |07:00 - 21:30 H | M: |07:00 - 21:30 H | X: |07:00 - 21:30 H | J: |07:00 - 21:30 H | V: |07:00 - 21:30 H | S: |07:00 - 21:30 H | D: |Cerrado,L: |07:00 - 21:30 H | M: |07:00 - 21:30 H | X: |07:00 - 21:30 H | J: |07:00 - 21:30 H | V: |07:00 - 21:30 H | S: |07:00 - 21:30 H | D: |Cerrado,"36.00000,-9.50000"
C073789,LEROY MERLIN BADAJOZ,https://www.leroymerlin.es/,"AVENIDA ANTONIO NEVADO GONZÁLEZ, 43. SALIDA 403 A-5. POLIGONO INDUSTRIAL EL NEVERO",POLIGONO INDUSTRIAL EL NEVERO,06006,BADAJOZ,BADAJOZ,ES,+34924288700,,,,38.900723,-6.992332,391141,,regular_dealer,False,False,False,,,False,,,regular-dealer,L: |09:00 - 22:00 H | M: |09:00 - 22:00 H | X: |09:00 - 22:00 H | J: |09:00 - 22:00 H | V: |09:00 - 22:00 H | S: |09:00 - 22:00 H | D: |Cerrado,L: |09:00 - 22:00 H | M: |09:00 - 22:00 H | X: |09:00 - 22:00 H | J: |09:00 - 22:00 H | V: |09:00 - 22:00 H | S: |09:00 - 22:00 H | D: |Cerrado,"36.00000,-9.50000"
C058832,REPUESTOS PANIAGUA,,"NEVERO TRECE, PARCELA 17,7. POLÍGONO INDUSTRIAL EL NEVERO",POLÍGONO INDUSTRIAL EL NEVERO,06009,BADAJOZ,BADAJOZ,ES,+34924262690,info@repuestospaniagua.es,,,38.877314,-6.960106,390643,,regular_dealer,False,False,False,,,False,,,regular-dealer,L: |07:30 - 15:00 H y 16:00 - 20:00 H | M: |07:30 - 15:00 H y 16:00 - 20:00 H | X: |07:30 - 15:00 H y 16:00 - 20:00 H | J: |07:30 - 15:00 H y 16:00 - 20:00 H | V: |07:30 - 15:00 H y 16:00 - 20:00 H | S: |09:00 - 12:00 H | D: |Cerrado,L: |07:30 - 15:00 H y 16:00 - 20:00 H | M: |07:30 - 15:00 H y 16:00 - 20:00 H | X: |07:30 - 15:00 H y 16:00 - 20:00 H | J: |07:30 - 15:00 H y 16:00 - 20:00 H | V: |07:30 - 15:00 H y 16:00 - 20:00 H | S: |09:00 - 12:00 H | D: |Cerrado,"36.00000,-9.50000"
C069556,LEROY MERLIN SEVILLA - ALCALÁ,https://www.leroymerlin.es/,"POLÍGONO INDUSTRIAL FRIDEX, PARCELA 1-8","CTRA.A-92, KM. 4,40",41500,ALCALÁ DE GUADAIRA,SEVILLA,ES,+34954466300,,,,37.375132,-5.89628,355808,,regular_dealer,False,False,False,,,False,,,regular-dealer,L: |08:00 - 22:00 H | M: |08:00 - 22:00 H | X: |08:00 - 22:00 H | J: |08:00 - 22:00 H | V: |08:00 - 22:00 H | S: |09:00 - 22:00 H | D: |Cerrado,L: |08:00 - 22:00 H | M: |08:00 - 22:00 H | X: |08:00 - 22:00 H | J: |08:00 - 22:00 H | V: |08:00 - 22:00 H | S: |09:00 - 22:00 H | D: |Cerrado,"36.00000,-9.50000"
C001583,OBRAMAT ALCALÁ DE GUADAIRA,https://www.obramat.es/,"AVENIDA PRINCIPE DE ASTURIAS, S/N",,41500,ALCALÁ DE GUADAIRA,SEVILLA,ES,+34955620501,info.alcalag@obramat.es,,,37.351342,-5.860375,357628,,DIY; regular_dealer,False,False,False,,,False,,,diy; regular-dealer,L: |07:00 - 22:00 H | M: |07:00 - 22:00 H | X: |07:00 - 22:00 H | J: |07:00 - 22:00 H | V: |07:00 - 22:00 H | S: |07:00 - 22:00 H | D: |Cerrado,L: |07:00 - 22:00 H | M: |07:00 - 22:00 H | X: |07:00 - 22:00 H | J: |07:00 - 22:00 H | V: |07:00 - 22:00 H | S: |07:00 - 22:00 H | D: |Cerrado,"36.00000,-9.50000"
C076905,LEROY MERLIN LOS BARRIOS_2 (115),https://www.leroymerlin.es/,"CENTRO COMERCIAL GUADACORTE CENTER, LOCAL 5. N-340 KM 112",CENTRO COMERCIAL GUADACORTE CENTER,11379,LOS BARRIOS,CÁDIZ,ES,+34956646203,,,,36.182465,-5.438422,365469,,regular_dealer,False,False,False,,,False,,,regular-dealer,L: |07:30 - 21:30 H | M: |07:30 - 21:30 H | X: |07:30 - 21:30 H | J: |07:30 - 21:30 H | V: |07:30 - 21:30 H | S: |09:00 - 21:30 H | D: |Cerrado,L: |07:30 - 21:30 H | M: |07:30 - 21:30 H | X: |07:30 - 21:30 H | J: |07:30 - 21:30 H | V: |07:30 - 21:30 H | S: |09:00 - 21:30 H | D: |Cerrado,"36.00000,-9.50000"
C162930,OBRAMAT CÁDIZ (LOS BARRIOS),https://www.obramat.es/,"FRAGATA, S/N. POLÍGONO INDUSTRIAL PALMONES",,11379,LOS BARRIOS,CÁDIZ,ES,+34856036193,,,,36.175553,-5.435526,365703,,regular_dealer,False,False,False,,,False,,,regular-dealer,L: |07:00 - 21:00 H | M: |07:00 - 21:00 H | X: |07:00 - 21:00 H | J: |07:00 - 21:00 H | V: |07:00 - 21:00 H | S: |07:00 - 22:00 H | D: |Cerrado,L: |07:00 - 21:00 H | M: |07:00 - 21:00 H | X: |07:00 - 21:00 H | J: |07:00 - 21:00 H | V: |07:00 - 21:00 H | S: |07:00 - 22:00 H | D: |Cerrado,"36.00000,-9.50000"
C069532,LEROY MERLIN LOS BARRIOS,,"CARRETERA N340, KM. 112. CENTRO COMERCIAL LAS MARISMAS",CENTRO COMERCIAL LAS MARISMAS,11379,LOS BARRIOS,CÁDIZ,ES,+34956646212,,,,36.18477,-5.42891,366331,,regular_dealer,False,False,False,,,False,,,regular-dealer,L: |07:30 - 22:00 H | M: |07:30 - 22:00 H | X: |07:30 - 22:00 H | J: |07:30 - 22:00 H | V: |07:30 - 22:00 H | S: |07:30 - 22:00 H | D: |Cerrado,L: |07:30 - 22:00 H | M: |07:30 - 22:00 H | X: |07:30 - 22:00 H | J: |07:30 - 22:00 H | V: |07:30 - 22:00 H | S: |07:30 - 22:00 H | D: |Cerrado,"36.00000,-9.50000"
C162923,FONTAGRICOLA DEL SUR,,"ALBADONEROS, 18",,41410,CARMONA,SEVILLA,ES,+34955260333,,,,37.481004,-5.648814,380571,,regular_dealer,False,False,False,,,False,,,regular-dealer,L: |08:00 - 14:00 H y 16:00 - 20:00 H | M: |08:00 - 14:00 H y 16:00 - 20:00 H | X: |08:00 - 14:00 H y 16:00 - 20:00 H | J: |08:00 - 14:00 H y 16:00 - 20:00 H | V: |08:00 - 14:00 H y 16:00 - 20:00 H | S: |08:00 - 14:00 H | D: |Cerrado,L: |08:00 - 14:00 H y 16:00 - 20:00 H | M: |08:00 - 14:00 H y 16:00 - 20:00 H | X: |08:00 - 14:00 H y 16:00 - 20:00 H | J: |08:00 - 14:00 H y 16:00 - 20:00 H | V: |08:00 - 14:00 H y 16:00 - 20:00 H | S: |08:00 - 14:00 H | D: |Cerrado,"36.00000,-9.50000"
C001964,FERRETERIA ARRONES,https://www.arrones.com/,"AVENIDA DEL PILAR, 1",,41530,MORON DE LA FRONTERA,SEVILLA,ES,+34954852435,ferreteria@arrones.com,,,37.130305,-5.453947,382526,,TRADITIONAL_TRADE; regular_dealer,False,False,False,,,False,,,offline-traditional-trade; regular-dealer,L: |08:00 - 13:30 H y 16:30 - 20:00 H | M: |08:00 - 13:30 H y 16:30 - 20:00 H | X: |08:00 - 13:30 H y 16:30 - 20:00 H | J: |08:00 - 13:30 H y 16:30 - 20:00 H | V: |08:00 - 13:30 H y 16:30 - 20:00 H | S: |09:00 - 14:00 H | D: |Cerrado,L: |08:00 - 13:30 H y 16:30 - 20:00 H | M: |08:00 - 13:30 H y 16:30 - 20:00 H | X: |08:00 - 13:30 H y 16:30 - 20:00 H | J: |08:00 - 13:30 H y 16:30 - 20:00 H | V: |08:00 - 13:30 H y 16:30 - 20:00 H | S: |09:00 - 14:00 H | D: |Cerrado,"36.00000,-9.50000"
C080536,BIG MAT EL MOTOR,http://www.elmotor2.com/es/,"AVENIDA DE LOS CANOS, S/N",,11311,PUEBLO NUEVO DE GUADIARO,CÁDIZ,ES,+34956794493,admon@elmotor2.com,,,36.29404,-5.302011,378306,,regular_dealer,False,False,False,,,False,,,regular-dealer,L: |08:00 - 14:00 H y 16:00 - 20:00 H | M: |08:00 - 14:00 H y 16:00 - 20:00 H | X: |08:00 - 14:00 H y 16:00 - 20:00 H | J: |08:00 - 14:00 H y 16:00 - 20:00 H | V: |08:00 - 14:00 H y 16:00 - 20:00 H | S: |09:00 - 13:30 H | D: |Cerrado,L: |08:00 - 14:00 H y 16:00 - 20:00 H | M: |08:00 - 14:00 H y 16:00 - 20:00 H | X: |08:00 - 14:00 H y 16:00 - 20:00 H | J: |08:00 - 14:00 H y 16:00 - 20:00 H | V: |08:00 - 14:00 H y 16:00 - 20:00 H | S: |09:00 - 13:30 H | D: |Cerrado,"36.00000,-9.50000"
C024433,LEROY MERLIN MÉRIDA (COMPACT),https://www.leroymerlin.es/,"AVENIDA JOSE SARAMAGO DE SOUSA, 11. POLÍGONO COMERCIAL REINA SOFIA",POLÍGONO COMERCIAL REINA SOFIA,06800,MÉRIDA,BADAJOZ,ES,+34924380820,,,,38.90648,-6.350943,426201,,DIY; regular_dealer,False,False,False,,,False,,,diy; regular-dealer,L: |09:00 - 22:00 H | M: |09:00 - 22:00 H | X: |09:00 - 22:00 H | J: |09:00 - 22:00 H | V: |09:00 - 22:00 H | S: |09:00 - 22:00 H | D: |Cerrado,L: |09:00 - 22:00 H | M: |09:00 - 22:00 H | X: |09:00 - 22:00 H | J: |09:00 - 22:00 H | V: |09:00 - 22:00 H | S: |09:00 - 22:00 H | D: |Cerrado,"36.00000,-9.50000"
C078533,MATERIALES DE CONSTRUCCION ORTEGA AVILES,https://www.ortegaaviles.com/,AUTOVIA A-7 KM 150,,29692,SABINILLAS-MANILVA,MÁLAGA,ES,+34952891565,,,,36.411594,-5.210357,387540,,regular_dealer,False,False,False,,,False,,,regular-dealer,L: |08:00 - 13:30 H y 15:30 - 19:00 H | M: |08:00 - 13:30 H y 15:30 - 19:00 H | X: |08:00 - 13:30 H y 15:30 - 19:00 H | J: |08:00 - 13:30 H y 15:30 - 19:00 H | V: |08:00 - 13:30 H y 15:30 - 19:00 H | S: |09:00 - 13:00 H | D: |Cerrado,L: |08:00 - 13:30 H y 15:30 - 19:00 H | M: |08:00 - 13:30 H y 15:30 - 19:00 H | X: |08:00 - 13:30 H y 15:30 - 19:00 H | J: |08:00 - 13:30 H y 15:30 - 19:00 H | V: |08:00 - 13:30 H y 15:30 - 19:00 H | S: |09:00 - 13:00 H | D: |Cerrado,"36.00000,-9.50000"
C078524,FEMACON (ESTEPONA),http://www.femacon.net,"ALONSO CANO, 12. POLÍGONO INDUSTRIAL MARTIN MENDEZ",POLÍGONO INDUSTRIAL MARTIN MENDEZ,29680,ESTEPONA,MÁLAGA,ES,+34952797117,,,,36.43173,-5.16789,391541,,regular_dealer,False,False,False,,,False,,,regular-dealer,L: |08:00 - 13:30 H y 16:00 - 19:00 H | M: |08:00 - 13:30 H y 16:00 - 19:00 H | X: |08:00 - 13:30 H y 16:00 - 19:00 H | J: |08:00 - 13:30 H y 16:00 - 19:00 H | V: |08:00 - 13:30 H y 16:00 - 19:00 H | S: |Cerrado | D: |Cerrado,L: |08:00 - 13:30 H y 16:00 - 19:00 H | M: |08:00 - 13:30 H y 16:00 - 19:00 H | X: |08:00 - 13:30 H y 16:00 - 19:00 H | J: |08:00 - 13:30 H y 16:00 - 19:00 H | V: |08:00 - 13:30 H y 16:00 - 19:00 H | S: |Cerrado | D: |Cerrado,"36.00000,-9.50000"
C019900,LEROY MERLIN CÁCERES (COMPACT),https://www.leroymerlin.es/,"AVENIDA FERROCARRIL, S/N",,10005,CÁCERES,CÁCERES,ES,+34927663004,,,,39.466295,-6.388074,472609,,DIY; regular_dealer,False,False,False,,,False,,,diy; regular-dealer,L: |09:00 - 22:00 H | M: |09:00 - 22:00 H | X: |09:00 - 22:00 H | J: |09:00 - 22:00 H | V: |09:00 - 22:00 H | S: |09:00 - 22:00 H | D: |Cerrado,L: |09:00 - 22:00 H | M: |09:00 - 22:00 H | X: |09:00 - 22:00 H | J: |09:00 - 22:00 H | V: |09:00 - 22:00 H | S: |09:00 - 22:00 H | D: |Cerrado,"36.00000,-9.50000"
C070773,LEROY MERLIN VILLANUEVA DE LA SERENA (COMPACT),https://www.leroymerlin.es/,CARRETERA EX-206 (VILLANUEVA - DON BENITO),ROTONDA ACCESO A VILLANUEVA,06700,VILLANUEVA DE LA SERENA,BADAJOZ,ES,+34924111426,,,,38.969852,-5.81051,463606,,regular_dealer,False,False,False,,,False,,,regular-dealer,L: |09:00 - 22:00 H | M: |09:00 - 22:00 H | X: |09:00 - 22:00 H | J: |09:00 - 22:00 H | V: |09:00 - 22:00 H | S: |09:00 - 22:00 H | D: |Cerrado,L: |09:00 - 22:00 H | M: |09:00 - 22:00 H | X: |09:00 - 22:00 H | J: |09:00 - 22:00 H | V: |09:00 - 22:00 H | S: |09:00 - 22:00 H | D: |Cerrado,"36.00000,-9.50000"
C078523,FEMACON (MÁLAGA),http://www.femacon.net,"ISOLDA, PARCELA 54. POLÍGONO INDUSTRIAL ALAMEDA",POLÍGONO INDUSTRIAL ALAMEDA,29006,MÁLAGA,MÁLAGA,ES,+34952333847,,,,36.709116,-4.472024,121383,,regular_dealer,True,True,False,,,False,,,expert-powertools; premium-partner; regular-dealer,L: |08:00 - 13:30 H y 16:00 - 19:00 H | M: |08:00 - 13:30 H y 16:00 - 19:00 H | X: |08:00 - 13:30 H y 16:00 - 19:00 H | J: |08:00 - 13:30 H y 16:00 - 19:00 H | V: |08:00 - 13:30 H y 16:00 - 19:00 H | S: |Cerrado | D: |Cerrado,L: |08:00 - 13:30 H y 16:00 - 19:00 H | M: |08:00 - 13:30 H y 16:00 - 19:00 H | X: |08:00 - 13:30 H y 16:00 - 19:00 H | J: |08:00 - 13:30 H y 16:00 - 19:00 H | V: |08:00 - 13:30 H y 16:00 - 19:00 H | S: |Cerrado | D: |Cerrado,"36.00000,-5.50265"
C076827,FERRETERIA EL STORE,https://www.cadena88.com/es/store/store,"HERMANOS ÁLVAREZ QUINTERO, 12",,29670,SAN PEDRO DE ALCÁNTARA,MÁLAGA,ES,+34952781149,ferreteriaelstore@yahoo.es,,,36.481445,-4.99077,70518,,regular_dealer,False,False,False,,,False,,,regular-dealer,,,"36.00000,-5.50265"
C078522,FEMACON (MARBELLA),http://www.femacon.net,"CALLE ORO, 26. POLIGONO INDUSTRIAL LA HERMITA",POLIGONO INDUSTRIAL LA HERMITA,29600,MARBELLA,MÁLAGA,ES,+34952901784,,,,36.513755,-4.870785,80453,,regular_dealer,False,False,False,,,False,,,regular-dealer,L: |08:00 - 13:30 H y 16:00 - 19:00 H | M: |08:00 - 13:30 H y 16:00 - 19:00 H | X: |08:00 - 13:30 H y 16:00 - 19:00 H | J: |08:00 - 13:30 H y 16:00 - 19:00 H | V: |08:00 - 13:30 H y 16:00 - 19:00 H | S: |Cerrado | D: |Cerrado,L: |08:00 - 13:30 H y 16:00 - 19:00 H | M: |08:00 - 13:30 H y 16:00 - 19:00 H | X: |08:00 - 13:30 H y 16:00 - 19:00 H | J: |08:00 - 13:30 H y 16:00 - 19:00 H | V: |08:00 - 13:30 H y 16:00 - 19:00 H | S: |Cerrado | D: |Cerrado,"36.00000,-5.50265"
C069524,LEROY MERLIN MARBELLA,http://www.leroymerlin.es/,CARRETERA N340. CENTRO COMERCIAL DE LA CANADA,CENTRO COMERCIAL DE LA CANADA,29600,MARBELLA,MÁLAGA,ES,+34954990667,,,,36.52133,-4.875306,80768,,regular_dealer,False,False,False,,,False,,,regular-dealer,L: |08:00 - 22:00 H | M: |08:00 - 22:00 H | X: |08:00 - 22:00 H | J: |08:00 - 22:00 H | V: |08:00 - 22:00 H | S: |09:00 - 22:00 H | D: |Cerrado,L: |08:00 - 22:00 H | M: |08:00 - 22:00 H | X: |08:00 - 22:00 H | J: |08:00 - 22:00 H | V: |08:00 - 22:00 H | S: |09:00 - 22:00 H | D: |Cerrado,"36.00000,-5.50265"
C076805,LEROY MERLIN MIJAS (COMPACT),https://www.leroymerlin.es/,"AVENIDA CARMEN SAEZ DE TEJADA, S/N. PARQUE COMERCIAL MIRAMAR LOCAL 5",PARQUE COMERCIAL MIRAMAR,29649,MIJAS COSTA,MÁLAGA,ES,+34952663578,,,,36.529064,-4.632325,97716,,regular_dealer,False,False,False,,,False,,,regular-dealer,L: |09:00 - 22:00 H | M: |09:00 - 22:00 H | X: |09:00 - 22:00 H | J: |09:00 - 22:00 H | V: |09:00 - 22:00 H | S: |09:00 - 22:00 H | D: |09:00 - 22:00 H,L: |09:00 - 22:00 H | M: |09:00 - 22:00 H | X: |09:00 - 22:00 H | J: |09:00 - 22:00 H | V: |09:00 - 22:00 H | S: |09:00 - 22:00 H | D: |09:00 - 22:00 H,"36.00000,-5.50265"
C058463,ALMACENES MORENO COMERCIAL,https://bigmatmijas.com/,POLÍGONO INDUSTRIAL SAN RAFAEL 2 - 3,,29649,MIJAS COSTA,MÁLAGA,ES,+34952584473,morenocomercial@bigmat.es,,,36.543769,-4.637287,98352,,regular_dealer,False,False,False,,,False,,,regular-dealer,L: |07:30 - 20:00 H | M: |07:30 - 20:00 H | X: |07:30 - 20:00 H | J: |07:30 - 20:00 H | V: |07:30 - 20:00 H | S: |08:00 - 13:30 H | D: |Cerrado,L: |07:30 - 20:00 H | M: |07:30 - 20:00 H | X: |07:30 - 20:00 H | J: |07:30 - 20:00 H | V: |07:30 - 20:00 H | S: |08:00 - 13:30 H | D: |Cerrado,"36.00000,-5.50265"
C175834,PINTURAS ANDALUCIA,https://pinturas-andalucia.com,"CARRETERA FUENGIROLA-MIJAS, KM. 2,6",,29650,MIJAS COSTA,MÁLAGA,ES,+34952662766,info@pinturasandalucia.com,,,36.563924,-4.628006,100385,,regular_dealer,False,False,False,,,False,,,regular-dealer,L: |09:00 - 20:00 H | M: |09:00 - 20:00 H | X: |09:00 - 20:00 H | J: |09:00 - 20:00 H | V: |09:00 - 20:00 H | S: |09:00 - 20:00 H | D: |Cerrado,L: |09:00 - 20:00 H | M: |09:00 - 20:00 H | X: |09:00 - 20:00 H | J: |09:00 - 20:00 H | V: |09:00 - 20:00 H | S: |09:00 - 20:00 H | D: |Cerrado,"36.00000,-5.50265"
C076849,ALMACENES DE FERRETERIA J.HIDALGO,,"NEWTON, 14",,29004,MÁLAGA,MÁLAGA,ES,+34952240465,ferret.hidalgo@gmail.com,,,36.670602,-4.472538,118628,,regular_dealer,False,False,False,,,False,,,regular-dealer,,,"36.00000,-5.50265"
C058622,"FERRETERÍA JOSÉ ANTONIO LUQUE, S.L.",http://www.ferreluque.com/,"CIRO ALEGRIA, 10",POLÍGONO INDUSTRIAL GUADALHORCE,29004,MÁLAGA,MÁLAGA,ES,+34952247930,,,,36.694895,-4.481827,119696,,regular_dealer,False,False,False,,,False,,,regular-dealer,L: |07:30 - 18:00 H | M: |07:30 - 18:00 H | X: |07:30 - 18:00 H | J: |07:30 - 18:00 H | V: |07:30 - 18:00 H | S: |Cerrado | D: |Cerrado,L: |07:30 - 18:00 H | M: |07:30 - 18:00 H | X: |07:30 - 18:00 H | J: |07:30 - 18:00 H | V: |07:30 - 18:00 H | S: |Cerrado | D: |Cerrado,"36.00000,-5.50265"
C001822,OBRAMAT MÁLAGA,https://www.obramat.es/,"AVENIDA MANUEL CASTILLO, S/N",,29004,MÁLAGA,MÁLAGA,ES,+34951908150,info.malaga@obramat.es,,,36.691913,-4.4771,119808,,DIY; regular_dealer,False,False,False,,,False,,,diy; regular-dealer,L: |07:00 - 22:00 H | M: |07:00 - 22:00 H | X: |07:00 - 22:00 H | J: |07:00 - 22:00 H | V: |07:00 - 22:00 H | S: |07:00 - 22:00 H | D: |Cerrado,L: |07:00 - 22:00 H | M: |07:00 - 22:00 H | X: |07:00 - 22:00 H | J: |07:00 - 22:00 H | V: |07:00 - 22:00 H | S: |07:00 - 22:00 H | D: |Cerrado,"36.00000,-5.50265"
C065102,BAUHAUS MÁLAGA,http://www.bauhaus.es/,"PALENCIA, 3. CENTRO COMERCIAL MÁLAGA NOSTRUM",CENTRO COMERCIAL MÁLAGA NOSTRUM,29004,MÁLAGA,MÁLAGA,ES,+34952241890,malaga@bauhaus.es,,,36.685111,-4.471164,119737,,DIY; regular_dealer,False,False,False,,,False,,,diy; regular-dealer,L: |08:00 - 22:00 H | M: |08:00 - 22:00 H | X: |08:00 - 22:00 H | J: |08:00 - 22:00 H | V: |08:00 - 22:00 H | S: |08:00 - 22:00 H | D: |Cerrado,L: |08:00 - 22:00 H | M: |08:00 - 22:00 H | X: |08:00 - 22:00 H | J: |08:00 - 22:00 H | V: |08:00 - 22:00 H | S: |08:00 - 22:00 H | D: |Cerrado,"36.00000,-5.50265"
C069541,LEROY MERLIN MALAGA,https://www.leroymerlin.es/,CARRETERA N-340. S.GUADALMAR. POLÍGONO INDUSTRIAL SAN JULIAN,,29004,SAN JULIAN,MÁLAGA,ES,+34952248800,,,,36.679929,-4.461096,120073,,regular_dealer,False,False,False,,,False,,,regular-dealer,L: |07:30 - 22:00 H | M: |07:30 - 22:00 H | X: |07:30 - 22:00 H | J: |07:30 - 22:00 H | V: |07:30 - 22:00 H | S: |07:30 - 22:00 H | D: |Cerrado,L: |07:30 - 22:00 H | M: |07:30 - 22:00 H | X: |07:30 - 22:00 H | J: |07:30 - 22:00 H | V: |07:30 - 22:00 H | S: |07:30 - 22:00 H | D: |Cerrado,"36.00000,-5.50265"
C084209,PEREZ LÁZARO SALOBREÑA,https://tiendareco.com/,POLIGONO INDUSTRIAL LA GASOLINERA PARCELA 45,,18680,SALOBREÑA,GRANADA,ES,+34958617106,ferreteriacosta@perezlazaro.com,,,36.742944,-3.585066,97817,,TRADITIONAL_TRADE; regular_dealer,True,True,False,,,False,,,expert-powertools; offline-traditional-trade; premium-partner; regular-dealer,L: |09:00 - 14:00 H y 15:00 - 20:00 H | M: |09:00 - 14:00 H y 15:00 - 20:00 H | X: |09:00 - 14:00 H y 15:00 - 20:00 H | J: |09:00 - 14:00 H y 15:00 - 20:00 H | V: |09:00 - 14:00 H y 15:00 - 20:00 H | S: |09:00 - 14:00 H | D: |Cerrado,L: |09:00 - 14:00 H y 15:00 - 20:00 H | M: |09:00 - 14:00 H y 15:00 - 20:00 H | X: |09:00 - 14:00 H y 15:00 - 20:00 H | J: |09:00 - 14:00 H y 15:00 - 20:00 H | V: |09:00 - 14:00 H y 15:00 - 20:00 H | S: |09:00 - 14:00 H | D: |Cerrado,"36.00000,-4.17021"
C058906,SUMINISTROS INDUSTRIALES TEYMO,https://www.teymo.com/,CARRETERA DE LA CELULOSA S/N NAVE 1-6,,18613,MOTRIL,GRANADA,ES,+34958601630,teymo@teymo.com,,,36.731365,-3.545972,98674,,regular_dealer,True,False,False,,,False,,,premium-partner; regular-dealer,,,"36.00000,-4.17021"
C078525,FEMACON (VÉLEZ-MÁLAGA),http://www.femacon.net,"SANTIAGO RUSIÑOL, 20",POLÍGONO INDUSTRIAL LA PAÑOLETA,29700,VELEZ - MÁLAGA,MÁLAGA,ES,+34952502262,,,,36.764005,-4.096901,85202,,regular_dealer,False,False,False,,,False,,,regular-dealer,L: |08:00 - 13:30 H y 16:00 - 19:00 H | M: |08:00 - 13:30 H y 16:00 - 19:00 H | X: |08:00 - 13:30 H y 16:00 - 19:00 H | J: |08:00 - 13:30 H y 16:00 - 19:00 H | V: |08:00 - 13:30 H y 16:00 - 19:00 H | S: |Cerrado | D: |Cerrado,L: |08:00 - 13:30 H y 16:00 - 19:00 H | M: |08:00 - 13:30 H y 16:00 - 19:00 H | X: |08:00 - 13:30 H y 16:00 - 19:00 H | J: |08:00 - 13:30 H y 16:00 - 19:00 H | V: |08:00 - 13:30 H y 16:00 - 19:00 H | S: |Cerrado | D: |Cerrado,"36.00000,-4.17021"
C069512,LEROY MERLIN MOTRIL (COMPACT),https://www.leroymerlin.es/,"AVENIDA SALOBREÑA, S/N. CENTRO COMERCIAL ALCAMPO",CENTRO COMERCIAL ALCAMPO,18600,MOTRIL,GRANADA,ES,+34958823861,,,,36.741654,-3.530734,100389,,regular_dealer,False,False,False,,,False,,,regular-dealer,L: |07:30 - 22:00 H | M: |07:30 - 22:00 H | X: |07:30 - 22:00 H | J: |07:30 - 22:00 H | V: |07:30 - 22:00 H | S: |07:30 - 22:00 H | D: |Cerrado,L: |07:30 - 22:00 H | M: |07:30 - 22:00 H | X: |07:30 - 22:00 H | J: |07:30 - 22:00 H | V: |07:30 - 22:00 H | S: |07:30 - 22:00 H | D: |Cerrado,"36.00000,-4.17021"
C250972,ALMESU,http://www.almesu.es/,"CARRETERA DE MALAGA, 60",,04710,SANTA MARÍA DE ÁGUILA,ALMERÍA,ES,+34950581826,info@almesu.es,,,36.750036,-2.906566,83623,,regular_dealer,True,True,False,,,False,,,expert-powertools; premium-partner; regular-dealer,,,"36.00000,-2.83776"
C250991,SUMINISTROS INDUSTRIALES MARTINEZ,https://suministrosmartinez.es/,"AVENIDA EL TREINTA, 251",,4710,SANTA MARIA DEL AGUILA,ALMERÍA,ES,+34950606666,alejandro@suministrosmartinez.es,,,36.77873,-2.783677,86721,,regular_dealer,True,True,False,,,False,,,expert-powertools; premium-partner; regular-dealer,,,"36.00000,-2.83776"
C078725,ALMESU,http://www.almesu.es/,"TRANCE NUEVO, 48. POLÍGONO INDUSTRIAL LA REDONDA S/N",,04710,SANTA MARÍA DE ÁGUILA,ALMERÍA,ES,+34950581826,info@almesu.es,,,36.784695,-2.775492,87427,,regular_dealer,True,True,False,,,False,,,expert-powertools; premium-partner; regular-dealer,,,"36.00000,-2.83776"
C078726,ALMESU,http://www.almesu.es/,"AVENIDA MONSERRAT, 156",,04006,ALMERÍA,ALMERÍA,ES,+34950226000,info@almesu.es,,,36.838646,-2.444894,99653,,regular_dealer,True,True,False,,,False,,,expert-powertools; premium-partner; regular-dealer,,,"36.00000,-2.83776"
C162926,SUMINISTROS INDUSTRIALES MARTINEZ,,"AVENIDA MONSERRAT, 146",,04006,ALMERÍA,ALMERÍA,ES,+34950225766,,,,36.857357,-2.449593,101456,,regular_dealer,True,True,False,,,False,,,expert-powertools; premium-partner; regular-dealer,,,"36.00000,-2.83776"
C058469,ALMESU,http://www.almesu.es/,"CARRETERA VIATOR - EL ALQUIAN, KM 1",,04240,VIATOR,ALMERÍA,ES,+34950304104,info@almesu.es,,,36.856032,-2.417475,102339,,regular_dealer,True,True,False,,,False,,,expert-powertools; premium-partner; regular-dealer,,,"36.00000,-2.83776"
C065442,PRONOR CUATRO CAMINOS,,"CARLOS DE ARELLANO, 29",,52004,MELILLA,MELILLA,ES,+34952686681,tienda@pronorsl.es,,,35.291192,-2.94576,79413,,regular_dealer,False,False,False,,,False,,,regular-dealer,,,"36.00000,-2.83776"
C076817,LEROY MERLIN MELILLA (COMPACT),https://www.leroymerlin.es/,"PASEO DE LAS ROSAS, 19A. CENTRO COMERCIAL PARQUE MELILLA",CENTRO COMERCIAL PARQUE MELILLA,52006,MELILLA,MELILLA,ES,+34951957510,,,,35.270966,-2.938449,81570,,regular_dealer,False,False,False,,,False,,,regular-dealer,L: |09:00 - 22:00 H | M: |09:00 - 22:00 H | X: |09:00 - 22:00 H | J: |09:00 - 22:00 H | V: |09:00 - 22:00 H | S: |09:00 - 22:00 H | D: |Cerrado,L: |09:00 - 22:00 H | M: |09:00 - 22:00 H | X: |09:00 - 22:00 H | J: |09:00 - 22:00 H | V: |09:00 - 22:00 H | S: |09:00 - 22:00 H | D: |Cerrado,"36.00000,-2.83776"
C069533,LEROY MERLIN ROQUETAS DE MAR,http://www.leroymerlin.es/,"CARRETERA ALICUM, S/N. CENTRO COMERCIAL GRAN PLAZA",CENTRO COMERCIAL GRAN PLAZA,04740,ROQUETAS DE MAR,ALMERÍA,ES,+34950339827,,,,36.774819,-2.613192,88465,,regular_dealer,False,False,False,,,False,,,regular-dealer,L: |07:00 - 22:00 H | M: |07:00 - 22:00 H | X: |07:00 - 22:00 H | J: |07:00 - 22:00 H | V: |07:00 - 22:00 H | S: |07:00 - 22:00 H | D: |Cerrado,L: |07:00 - 22:00 H | M: |07:00 - 22:00 H | X: |07:00 - 22:00 H | J: |07:00 - 22:00 H | V: |07:00 - 22:00 H | S: |07:00 - 22:00 H | D: |Cerrado,"36.00000,-2.83776"
C175852,JOSE TERRIZA MORO,https://www.ferreteriaterriza.com/,"BULEVAR CIUDAD DE VÍCAR, 646",,4738,LA GANGOSA. VÍCAR,ALMERÍA,ES,+34950341907,info@ferreteriaterriza.com,,,36.805473,-2.620672,91643,,regular_dealer,False,False,False,,,False,,,regular-dealer,L: |08:30 - 14:00 H y 16:30 - 19:00 H | M: |08:30 - 14:00 H y 16:30 - 19:00 H | X: |08:30 - 14:00 H y 16:30 - 19:00 H | J: |08:30 - 14:00 H y 16:30 - 19:00 H | V: |08:30 - 14:00 H y 16:30 - 19:00 H | S: |Cerrado | D: |Cerrado,L: |08:30 - 14:00 H y 16:30 - 19:00 H | M: |08:30 - 14:00 H y 16:30 - 19:00 H | X: |08:30 - 14:00 H y 16:30 - 19:00 H | J: |08:30 - 14:00 H y 16:30 - 19:00 H | V: |08:30 - 14:00 H y 16:30 - 19:00 H | S: |Cerrado | D: |Cerrado,"36.00000,-2.83776"
C076903,LEROY MERLIN ALMERIA,https://www.leroymerlin.es/,"AVENIDA MEDICO FRANCISCO PEREZ COMPANY, 19",,04009,ALMERIA,ALMERÍA,ES,+34950979524,,,,36.860442,-2.439259,102098,,regular_dealer,False,False,False,,,False,,,regular-dealer,L: |08:00 - 22:00 H | M: |08:00 - 22:00 H | X: |08:00 - 22:00 H | J: |08:00 - 22:00 H | V: |08:00 - 22:00 H | S: |08:00 - 22:00 H | D: Cerrado,L: |08:00 - 22:00 H | M: |08:00 - 22:00 H | X: |08:00 - 22:00 H | J: |08:00 - 22:00 H | V: |08:00 - 22:00 H | S: |08:00 - 22:00 H | D: Cerrado,"36.00000,-2.83776"
C175895,BRICODEPOT (HUÉRCAL DE ALMERÍA),https://www.bricodepot.es,PARQUE COMERCIAL LA CEPA. N-340 S/N,,4230,HUÉRCAL DE ALMERÍA,ALMERÍA,ES,+34950625652,,,,36.873792,-2.448715,103201,,regular_dealer,False,False,False,,,False,,,regular-dealer,L: |07:00 - 21:30 H | M: |07:00 - 21:30 H | X: |07:00 - 21:30 H | J: |07:00 - 21:30 H | V: |07:00 - 21:30 H | S: |07:00 - 21:30 H | D: |Cerrado,L: |07:00 - 21:30 H | M: |07:00 - 21:30 H | X: |07:00 - 21:30 H | J: |07:00 - 21:30 H | V: |07:00 - 21:30 H | S: |07:00 - 21:30 H | D: |Cerrado,"36.00000,-2.83776"
C076882,COMPLEMENTOS Y SUMINSTROS CRUZ,,"SIERRA DE LAS VILLAS,  20",,04240,VIATOR,ALMERÍA,ES,+34950305340,,,,36.884204,-2.418131,105235,,regular_dealer,False,False,False,,,False,,,regular-dealer,,,"36.00000,-2.83776"
C250990,SUMINISTROS INDUSTRIALES MARTINEZ,https://suministrosmartinez.es/,POLÍGONO INDUSTRIAL EL REAL DE ANTAS AVENIDA PRINCIPAL F8,,4628,ANTAS,ALMERÍA,ES,+34950391219,luis.vera@suministrosmartinez.es,,,37.264585,-1.90225,208755,,regular_dealer,True,True,False,,,False,,,expert-powertools; premium-partner; regular-dealer,,,"36.00000,-0.17286"
C162920,SUMINISTROS MAYOR,https://tienda.suministrosmayor.com/,ARTES Y OFICIOS NAVE D2,,30360,LA UNIÓN,MURCIA,ES,+34968540778,info@suministrosmayor.es,,,37.629594,-0.897926,192343,,regular_dealer,False,False,False,,,False,,,regular-dealer,L: |08:00 - 13:30 H y 15:30 - 19:00 H | M: |08:00 - 13:30 H y 15:30 - 19:00 H | X: |08:00 - 13:30 H y 15:30 - 19:00 H | J: |08:00 - 13:30 H y 15:30 - 19:00 H | V: |08:00 - 13:30 H y 15:30 - 19:00 H | S: |Cerrado | D: |Cerrado,L: |08:00 - 13:30 H y 15:30 - 19:00 H | M: |08:00 - 13:30 H y 15:30 - 19:00 H | X: |08:00 - 13:30 H y 15:30 - 19:00 H | J: |08:00 - 13:30 H y 15:30 - 19:00 H | V: |08:00 - 13:30 H y 15:30 - 19:00 H | S: |Cerrado | D: |Cerrado,"36.00000,-0.17286"
C069545,LEROY MERLIN CARTAGENA,http://www.leroymerlin.es/,"POLÍGONO INDUSTRIAL CABEZO BEAZA, S/N. PARQUE COMERCIAL ESPACIO MEDITERRANEO",PARQUE COMERCIAL ESPACIO MEDITERRANEO,30353,CARTAGENA,MURCIA,ES,+34968149800,,,,37.625983,-0.949275,193550,,regular_dealer,False,False,False,,,False,,,regular-dealer,L: |08:00 - 22:00 H | M: |08:00 - 22:00 H | X: |08:00 - 22:00 H | J: |08:00 - 22:00 H | V: |08:00 - 22:00 H | S: |09:00 - 22:00 H | D: |10:00 - 22:00 H,L: |08:00 - 22:00 H | M: |08:00 - 22:00 H | X: |08:00 - 22:00 H | J: |08:00 - 22:00 H | V: |08:00 - 22:00 H | S: |09:00 - 22:00 H | D: |10:00 - 22:00 H,"36.00000,-0.17286"
C092851,SUMINISTROS INDUSTRIALES FERREVERA,,"EL RUBIAL, 26",,30880,AGUILAS,MURCIA,ES,+34968412311,,,,37.404263,-1.590085,200845,,regular_dealer,False,False,False,,,False,,,regular-dealer,L: |09:00 - 13:30 H y 16:00 - 19:30 H | M: |09:00 - 13:30 H y 16:00 - 19:30 H | X: |09:00 - 13:30 H y 16:00 - 19:30 H | J: |09:00 - 13:30 H y 16:00 - 19:30 H | V: |09:00 - 13:30 H y 16:00 - 19:30 H | S: |09:00 - 13:30 H | D: |Cerrado,L: |09:00 - 13:30 H y 16:00 - 19:30 H | M: |09:00 - 13:30 H y 16:00 - 19:30 H | X: |09:00 - 13:30 H y 16:00 - 19:30 H | J: |09:00 - 13:30 H y 16:00 - 19:30 H | V: |09:00 - 13:30 H y 16:00 - 19:30 H | S: |09:00 - 13:30 H | D: |Cerrado,"36.00000,-0.17286"
C092850,SUMINISTROS INDUSTRIALES FERREVERA,,"CALLE MAYOR, 3",,4620,VERA,ALMERIA,ES,+34950390004,,,,37.247311,-1.868558,205253,,regular_dealer,False,False,False,,,False,,,regular-dealer,L: |08:30 - 13:30 H y 16:00 - 19:30 H | M: |08:30 - 13:30 H y 16:00 - 19:30 H | X: |08:30 - 13:30 H y 16:00 - 19:30 H | J: |08:30 - 13:30 H y 16:00 - 19:30 H | V: |08:30 - 13:30 H y 16:00 - 19:30 H | S: |09:00 - 13:30 H | D: |Cerrado,L: |08:30 - 13:30 H y 16:00 - 19:30 H | M: |08:30 - 13:30 H y 16:00 - 19:30 H | X: |08:30 - 13:30 H y 16:00 - 19:30 H | J: |08:30 - 13:30 H y 16:00 - 19:30 H | V: |08:30 - 13:30 H y 16:00 - 19:30 H | S: |09:00 - 13:30 H | D: |Cerrado,"36.00000,-0.17286"
C080534,H & L COMERCIAL FERRETERA,,"URBANIZACIÓN VERASOL, BLOQUE 6, BAJOS",,4620,VERA,ALMERÍA,ES,+34950391135,hlcomercialferretera@yahoo.es,,,37.387385,-1.907888,218453,,regular_dealer,False,False,False,,,False,,,regular-dealer,,,"36.00000,-0.17286"
C250989,NICOLAS ALVAREZ RUBIO,http://www.nar-valencia.com/,AVENIDA SANT AGUSTI 147,SANT JOSEP DE SA TALAIA,7829,IBIZA,ILLES BALEARS,ES,+34627933550,ibiza@nar-valencia.com,,,38.966616,1.28169,346702,,regular_dealer,True,True,False,,,False,,,expert-powertools; premium-partner; regular-dealer,L: |08:00 - 13:30 H y 15:30 - 18:30 H | M: |08:00 - 13:30 H y 15:30 - 18:30 H | X: |08:00 - 13:30 H y 15:30 - 18:30 H | J: |08:00 - 13:30 H y 15:30 - 18:30 H | V: 08:00 - 13:30 H y 15:30 - 18:30 H | S: |Cerrado | D: |Cerrado,L: |08:00 - 13:30 H y 15:30 - 18:30 H | M: |08:00 - 13:30 H y 15:30 - 18:30 H | X: |08:00 - 13:30 H y 15:30 - 18:30 H | J: |08:00 - 13:30 H y 15:30 - 18:30 H | V: 08:00 - 13:30 H y 15:30 - 18:30 H | S: |Cerrado | D: |Cerrado,"36.00000,2.49204"
C078541,DYRECO CALVIA,http://www.dyreco.com,"VALENCIA, 16. POLÍGONO INDUSTRIAL SON BUGADELLAS",POLÍGONO INDUSTRIAL SON BUGADELLAS,07180,SANTA PONSA,MALLORCA,ES,+34661288487,info@dyreco.com,,,39.531727,2.509989,392694,,regular_dealer,True,True,False,,,False,,,expert-powertools; premium-partner; regular-dealer,L: |08:00 - 18:00 H | M: |08:00 - 18:00 H | X: |08:00 - 18:00 H | J: |08:00 - 18:00 H | V: |08:00 - 18:00 H | S: |Cerrado | D: |Cerrado,L: |08:00 - 18:00 H | M: |08:00 - 18:00 H | X: |08:00 - 18:00 H | J: |08:00 - 18:00 H | V: |08:00 - 18:00 H | S: |Cerrado | D: |Cerrado,"36.00000,2.49204"
C078518,BRICO AITANA,https://www.bricoaitana.com,"AVENIDA GABRIEL MIRO, 13 LOCAL-12",,03710,CALPE,ALICANTE,ES,+34965832729,info@galerias-aitana.es,,,38.643655,0.047951,364807,,regular_dealer,True,True,False,,,False,,,expert-powertools; premium-partner; regular-dealer,,,"36.00000,2.49204"
C016138,LA HERRAMIENTA BALEAR,http://www.laherramientabalear.com,"GREMIO BONETEROS, 12",POLÍGONO INDUSTRIAL SON CASTELLO,07009,PALMA DE MALLORCA,MALLORCA,ES,+34971431179,soncastello@laherramientabalear.com,,,39.601248,2.664805,400708,50,TRADITIONAL_TRADE; BUILDING_CONSTRUCTION; ONLINE_PURE_PLAYER; regular_dealer,True,True,False,DELIVERY_TO_CONSTRUCTION; EXPRESS; HOME_DELIVERY; NORMAL; PICKUP,CASH; CREDITCARD; DEBIT; INVOICE; PAYPAL; VISA,False,,company.b2b; company.b2c; misc.waitingarea; misc.wifi,construction; expert-powertools; express; offline-traditional-trade; premium-partner; regular-dealer,L: |07:30 - 17:00 H | M: |07:30 - 17:00 H | X: |07:30 - 17:00 H | J: |07:30 - 17:00 H | V: |07:30 - 17:00 H | S: |Cerrado | D: |Cerrado,L: |07:30 - 17:00 H | M: |07:30 - 17:00 H | X: |07:30 - 17:00 H | J: |07:30 - 17:00 H | V: |07:30 - 17:00 H | S: |Cerrado | D: |Cerrado,"36.00000,2.49204"
C058755,LEFEYMA,https://www.lefeyma.com/,"RONDA DE LAS MURALLAS, 15",,03700,DENIA,ALICANTE,ES,+34965786246,lefeyma@lefeyma.com,,,38.846654,0.088695,381043,,regular_dealer,True,True,False,,,False,,,expert-powertools; premium-partner; regular-dealer,L: |08:00 - 13:30 H y 15:00 - 20:00 H | M: |08:00 - 13:30 H y 15:00 - 20:00 H | X: |08:00 - 13:30 H y 15:00 - 20:00 H | J: |08:00 - 13:30 H y 15:00 - 20:00 H | V: |08:00 - 13:30 H y 15:00 - 20:00 H | S: |09:00 - 13:00 H | D: |Cerrado,L: |08:00 - 13:30 H y 15:00 - 20:00 H | M: |08:00 - 13:30 H y 15:00 - 20:00 H | X: |08:00 - 13:30 H y 15:00 - 20:00 H | J: |08:00 - 13:30 H y 15:00 - 20:00 H | V: |08:00 - 13:30 H y 15:00 - 20:00 H | S: |09:00 - 13:00 H | D: |Cerrado,"36.00000,2.49204"
C157276,FERRETERIA ALBALADEJO,https://www.ferreteria-albaladejo.com/,"POLÍGONO INDUSTRIAL LOS URREAS. CARRETERA DE SUCINA, 31",POLÍGONO INDUSTRIAL LOS URREAS,30730,SAN JAVIER,MURCIA,ES,+34968193027,atencionalcliente@grupo-albaladejo.es,,,37.809803,-0.838125,357957,,regular_dealer,True,True,False,,,False,,,expert-powertools; premium-partner; regular-dealer,L: |09:00 - 14:00 H y 15:30 - 20:00 H | M: |09:00 - 14:00 H y 15:30 - 20:00 H | X: |09:00 - 14:00 H y 15:30 - 20:00 H | J: |09:00 - 14:00 H y 15:30 - 20:00 H | V: |09:00 - 14:00 H y 15:30 - 20:00 H | S: |09:00 - 13:00 H | D: |Cerrado,L: |09:00 - 14:00 H y 15:30 - 20:00 H | M: |09:00 - 14:00 H y 15:30 - 20:00 H | X: |09:00 - 14:00 H y 15:30 - 20:00 H | J: |09:00 - 14:00 H y 15:30 - 20:00 H | V: |09:00 - 14:00 H y 15:30 - 20:00 H | S: |09:00 - 13:00 H | D: |Cerrado,"36.00000,2.49204"
C065211,FERRETERIA ALBALADEJO,https://www.ferreteria-albaladejo.com/,"POLÍGONO INDUSTRIAL LOS URREAS. CARRETERA DE SUCINA, 31",POLÍGONO INDUSTRIAL LOS URREAS,30730,SAN JAVIER,MURCIA,ES,+34968193027,atencionalcliente@grupo-albaladejo.es,,,37.809803,-0.838125,357957,,ONLINE_PURE_PLAYER; TRADITIONAL_TRADE; regular_dealer,True,True,False,DELIVERY_TO_CONSTRUCTION; HOME_DELIVERY; NORMAL; PICKUP,BANK_TRANSFER; CASH; CREDITCARD; VISA,False,,company.b2b; company.b2c,construction; expert-powertools; offline-traditional-trade; premium-partner; regular-dealer,L: |09:00 - 14:00 H y 15:30 - 20:00 H | M: |09:00 - 14:00 H y 15:30 - 20:00 H | X: |09:00 - 14:00 H y 15:30 - 20:00 H | J: |09:00 - 14:00 H y 15:30 - 20:00 H | V: |09:00 - 14:00 H y 15:30 - 20:00 H | S: |09:00 - 13:00 H | D: |Cerrado,L: |09:00 - 14:00 H y 15:30 - 20:00 H | M: |09:00 - 14:00 H y 15:30 - 20:00 H | X: |09:00 - 14:00 H y 15:30 - 20:00 H | J: |09:00 - 14:00 H y 15:30 - 20:00 H | V: |09:00 - 14:00 H y 15:30 - 20:00 H | S: |09:00 - 13:00 H | D: |Cerrado,"36.00000,2.49204"
C250995,RUBIX IBERIA (ALICANTE),https://es.rubix.com/,"POLIGONO INDUSTRIAL LAS ATALAYAS, CALLE DRACMA, 10",,3114,ALICANTE,ALICANTE,ES,+34965113441,alicante@rubix.com,,,38.338937,-0.570627,375811,,regular_dealer,True,True,False,,,False,,,expert-powertools; premium-partner; regular-dealer,L: |08:00 - 14:00 H y 15:00 - 17:00 H | M: |08:00 - 14:00 H y 15:00 - 17:00 H | X: |08:00 - 14:00 H y 15:00 - 17:00 H | J: |08:00 - 14:00 H y 15:00 - 17:00 H | V: |08:00 - 14:00 H y 15:00 - 17:00 H | S: |Cerrado | D: |Cerrado,L: |08:00 - 14:00 H y 15:00 - 17:00 H | M: |08:00 - 14:00 H y 15:00 - 17:00 H | X: |08:00 - 14:00 H y 15:00 - 17:00 H | J: |08:00 - 14:00 H y 15:00 - 17:00 H | V: |08:00 - 14:00 H y 15:00 - 17:00 H | S: |Cerrado | D: |Cerrado,"36.00000,2.49204"
C058483,CABANERO FERRETERIA INDUSTRIAL (ANTONIO RUIZ MARTÍNEZ),https://cabanero.es/,"CARRETERA DOLORES - ALMORADI, 7",,03150,DOLORES,ALICANTE,ES,+34966710305,cabanero@cabanero.es,,,38.120635,-0.784407,374272,,TRADITIONAL_TRADE; regular_dealer,True,True,False,HOME_DELIVERY; NORMAL; PICKUP,BANK_TRANSFER; CASH; CREDITCARD; DEBIT; PAYPAL,False,,company.b2b; company.b2c,expert-powertools; offline-traditional-trade; premium-partner; regular-dealer,L: |08:00 - 14:00 H y 15:30 - 20:00 | M: |08:00 - 14:00 H y 15:30 - 20:00 | X: |08:00 - 14:00 H y 15:30 - 20:00 | J: |08:00 - 14:00 H y 15:30 - 20:00 | V: |08:00 - 14:00 H y 15:30 - 19:30 | S: |09:00 - 13:30 H | D: |Cerrado,L: |08:00 - 14:00 H y 15:30 - 20:00 | M: |08:00 - 14:00 H y 15:30 - 20:00 | X: |08:00 - 14:00 H y 15:30 - 20:00 | J: |08:00 - 14:00 H y 15:30 - 20:00 | V: |08:00 - 14:00 H y 15:30 - 19:30 | S: |09:00 - 13:30 H | D: |Cerrado,"36.00000,2.49204"
C065427,METALCO ALCOY,,CAMÍ DELS TALECONS S/N,COMPLEJO INDUSTRIAL SIDEROPARC,03804,ALCOY,ALICANTE,ES,+34966526126,talcoy@prolians.es,,,38.709,-0.475753,399365,,TRADITIONAL_TRADE; regular_dealer,True,True,False,,,False,,,expert-powertools; offline-traditional-trade; premium-partner; regular-dealer,,,"36.00000,2.49204"
C058808,MRM ELECTROMECANICA DE MURCIA,https://www.mrmaquinaria.com/,"VEREDA SOLIS, 14",,30006,MURCIA,MURCIA,ES,+34968300150,info@mrmaquianria.com,,,37.997046,-1.085933,387581,,regular_dealer,True,True,False,DELIVERY_TO_CONSTRUCTION,,False,,,construction; expert-powertools; premium-partner; regular-dealer,L: |08:00 - 13:30 H y 15:30 - 19:30 H | M: |08:00 - 13:30 H y 15:30 - 19:30 H | X: |08:00 - 13:30 H y 15:30 - 19:30 H | J: |08:00 - 13:30 H y 15:30 - 19:30 H | V: |08:00 - 13:30 H y 15:30 - 19:30 H | S: |Cerrado | D: |Cerrado,L: |08:00 - 13:30 H y 15:30 - 19:30 H | M: |08:00 - 13:30 H y 15:30 - 19:30 H | X: |08:00 - 13:30 H y 15:30 - 19:30 H | J: |08:00 - 13:30 H y 15:30 - 19:30 H | V: |08:00 - 13:30 H y 15:30 - 19:30 H | S: |Cerrado | D: |Cerrado,"36.00000,2.49204"
C058775,MAHESSA: MAQUINARIA Y HERRAM. DEL SURESTE,http://www.mahessa.es,"AVENIDA LIBERTAD, 205. POLIGONO INDUSTRIAL OESTE NAVE 9 / 10",POLIGONO INDUSTRIAL OESTE NAVE 9 / 10,30007,CASILLAS,MURCIA,ES,+34968279000,clientes@mahessa.es,,,38.006486,-1.104789,389538,,regular_dealer,True,True,False,DELIVERY_TO_CONSTRUCTION; HOME_DELIVERY; NORMAL; PICKUP,CASH; CREDITCARD; DEBIT; INVOICE; VISA,False,,company.b2b; company.b2c,construction; expert-powertools; premium-partner; regular-dealer,L: |08:30 - 14:00 H y 16:00 - 18:30 H | M: |08:30 - 14:00 H y 16:00 - 18:30 H | X: |08:30 - 14:00 H y 16:00 - 18:30 H | J: |08:30 - 14:00 H y 16:00 - 18:30 H | V: |08:30 - 14:00 H y 16:00 - 18:30 H | S: |Cerrado | D: |Cerrado,L: |08:30 - 14:00 H y 16:00 - 18:30 H | M: |08:30 - 14:00 H y 16:00 - 18:30 H | X: |08:30 - 14:00 H y 16:00 - 18:30 H | J: |08:30 - 14:00 H y 16:00 - 18:30 H | V: |08:30 - 14:00 H y 16:00 - 18:30 H | S: |Cerrado | D: |Cerrado,"36.00000,2.49204"
C076881,FERAGRO SUMINISTRO INDUSTRIAL,http://www.davasa.es,"AVENIDA CICLISTA MARIANO ROJAS, 15",,30009,MURCIA,MURCIA,ES,+34968396912,miguelangelsalar@feragro.es,,,38.000609,-1.146623,392227,,regular_dealer,True,True,False,,,False,,,expert-powertools; premium-partner; regular-dealer,,,"36.00000,2.49204"
C058667,FERRETERÍA Y SUMINISTROS INDUSTRIALES CEUTI,http://fesuic.es/,ALCALDE CLEMENTE GARCIA. PARCELA 29/14,POLÍGONO INDUSTRIAL OESTE,30169,SAN GINES,MURCIA,ES,+34968827781,,,,37.953302,-1.185892,392252,,regular_dealer,True,True,False,,,False,,,expert-powertools; premium-partner; regular-dealer,,,"36.00000,2.49204"
C058448,ABESAN,,CLEMENTE GARCÍA PARCELA 19/30. POLÍGONO INDUSTRIAL OESTE,POLÍGONO INDUSTRIAL OESTE,30169,SAN GINÉS,MURCIA,ES,+34968296171,,,,37.951957,-1.193538,392737,,regular_dealer,True,True,False,,,False,,,expert-powertools; premium-partner; regular-dealer,L: |08:00 - 14:00 H y 16:00 - 19:30 H | M: |08:00 - 14:00 H y 16:00 - 19:30 H | X: |08:00 - 14:00 H y 16:00 - 19:30 H | J: |08:00 - 14:00 H y 16:00 - 19:30 H | V: |08:00 - 14:00 H y 16:00 - 19:00 H | S: |Cerrado | D: |Cerrado,L: |08:00 - 14:00 H y 16:00 - 19:30 H | M: |08:00 - 14:00 H y 16:00 - 19:30 H | X: |08:00 - 14:00 H y 16:00 - 19:30 H | J: |08:00 - 14:00 H y 16:00 - 19:30 H | V: |08:00 - 14:00 H y 16:00 - 19:00 H | S: |Cerrado | D: |Cerrado,"36.00000,2.49204"
C006204,SIA SUMINISTROS INDUSTRIALES,,"CARRETERA N344 KM 8,5",POLÍGONO INDUSTRIAL SAN PEDRO,30565,LA TORRES DE COTILLAS,MURCIA,ES,+34968388109,clientes@siasuministros.com,,,38.029351,-1.234655,400427,50,regular_dealer,True,True,False,DELIVERY_TO_CONSTRUCTION; EXPRESS; HOME_DELIVERY; NORMAL; PICKUP,CASH; CREDITCARD; DEBIT; INVOICE; VISA,False,,company.b2b; company.b2c,construction; expert-powertools; express; premium-partner; regular-dealer,L: |08:00 - 13:30 H y 16:00 - 19:00 H | M: |08:00 - 13:30 H y 16:00 - 19:00 H | X: |08:00 - 13:30 H y 16:00 - 19:00 H | J: |08:00 - 13:30 H y 16:00 - 19:00 H | V: |08:00 - 13:30 H y 16:00 - 19:00 H | S: |Cerrado | D: |Cerrado,L: |08:00 - 13:30 H y 16:00 - 19:00 H | M: |08:00 - 13:30 H y 16:00 - 19:00 H | X: |08:00 - 13:30 H y 16:00 - 19:00 H | J: |08:00 - 13:30 H y 16:00 - 19:00 H | V: |08:00 - 13:30 H y 16:00 - 19:00 H | S: |Cerrado | D: |Cerrado,"36.00000,2.49204"
C087272,COMERCIAL INDUSTRIAL GARCIA,https://www.comercialgarcia.es/,"ALMENDRO, S/N",POLÍGONO INDUSTRIAL EL TAPIADO,30500,MOLINA DE SEGURA,MURCIA,ES,+34968010500,info@comercialgarcia.es,,,38.070545,-1.219697,401862,,ONLINE_PURE_PLAYER; TRADITIONAL_TRADE; regular_dealer,True,True,False,DELIVERY_TO_CONSTRUCTION; HOME_DELIVERY; NORMAL; PICKUP,BANK_TRANSFER; CASH; CREDITCARD; DEBIT; VISA,False,,company.b2b; company.b2c,construction; expert-powertools; offline-traditional-trade; premium-partner; regular-dealer,L: |08:00 - 19:00 H | M: |08:00 - 19:00 H | X: |08:00 - 19:00 H | J: |08:00 - 19:00 H | V: |08:00 - 19:00 H | S: |Cerrado | D: |Cerrado,L: |08:00 - 19:00 H | M: |08:00 - 19:00 H | X: |08:00 - 19:00 H | J: |08:00 - 19:00 H | V: |08:00 - 19:00 H | S: |Cerrado | D: |Cerrado,"36.00000,2.49204"
C006295,FERRI VILLENA,http://www.ferri.es,"AVENIDA DE LA PAZ, 35",,03400,VILLENA,ALICANTE,ES,+34965343434,info@ferri.es,,,38.646091,-0.867886,418059,,regular_dealer,True,True,False,,,False,,,expert-powertools; premium-partner; regular-dealer,,,"36.00000,2.49204"
C250996,RUBIX IBERIA (CATARROJA),https://es.rubix.com/,POLIGONO INDUSTRIAL DE CATARROJA CL 26 NAVE 22,,46470,CATARROJA,,ES,+34961667024,,,,39.399034,-0.39485,455283,,regular_dealer,True,True,False,,,False,,,expert-powertools; premium-partner; regular-dealer,,,"36.00000,2.49204"
C058811,NICOLAS ALVAREZ RUBIO,http://www.nar-valencia.com/,"SAN VICENTE MARTIR, 420",POLIGONO INDUSTRIAL TRES CANTOS,46017,VALENCIA,VALENCIA,ES,+34963776498,nar@nar-valencia.com,,,39.44459,-0.38737,459089,,regular_dealer,True,True,False,,,False,,,expert-powertools; premium-partner; regular-dealer,L: |08:00 - 13:30 H y 15:30 - 19:00 H | M: |08:00 - 13:30 H y 15:30 - 19:00 H | X: |08:00 - 13:30 H y 15:30 - 19:00 H | J: |08:00 - 13:30 H y 15:30 - 19:00 H | V: |08:00 - 13:30 H y 15:30 - 19:00 H | S: |09:00 - 13:00 H | D: |Cerrado,L: |08:00 - 13:30 H y 15:30 - 19:00 H | M: |08:00 - 13:30 H y 15:30 - 19:00 H | X: |08:00 - 13:30 H y 15:30 - 19:00 H | J: |08:00 - 13:30 H y 15:30 - 19:00 H | V: |08:00 - 13:30 H y 15:30 - 19:00 H | S: |09:00 - 13:00 H | D: |Cerrado,"36.00000,2.49204"
C058791,METALCO VALENCIA,https://prolians.es/,"CARRETERA ANTIGUA TORRENTE, S/N",POLÍGONO INDUSTRIAL VIRGEN DE LA SALUD,46950,CHIRIVELLA,VALENCIA,ES,+34963790203,comercial.levante@prolians.es,,,39.465453,-0.426113,462884,,TRADITIONAL_TRADE; regular_dealer,True,True,False,,,False,,,expert-powertools; offline-traditional-trade; premium-partner; regular-dealer,,,"36.00000,2.49204"
C058947,UNION STULEP,http://www.unionstulep.com,"CARRETERA CARRER DE PICANYA, 6Z",,46900,TORRENT,VALENCIA,ES,+34961588726,info@unionstulep.com,,,39.441278,-0.461456,462410,,regular_dealer,True,True,False,,,False,,,expert-powertools; premium-partner; regular-dealer,,,"36.00000,2.49204"
C058946,UNION STULEP,http://www.unionstulep.com,"CARRER DE LA CIUTAR DE LLIRIA, 106",POLIGONO INDUSTRIAL FUENTE DEL JARRO,46988,PATERNA,VALENCIA,ES,+34963645859,info@unionstulep.com,,,39.522441,-0.46394,469944,,regular_dealer,True,True,False,,,False,,,expert-powertools; premium-partner; regular-dealer,,,"36.00000,2.49204"
C002365,FERRETERIA CAMPOLLANO,http://www.ferreteriacampollano.com,"PARQUE EMPRESARIAL CAMPOLLANO. CALLE G, 35",PARQUE EMPRESARIAL CAMPOLLANO,2007,ALBACETE,ALBACETE,ES,+34967240112,consultasweb@ferreteriacampollano.com,,,39.013466,-1.879567,510717,50,BUILDING_CONSTRUCTION; ONLINE_PURE_PLAYER; TRADITIONAL_TRADE; regular_dealer,True,True,False,DELIVERY_TO_CONSTRUCTION; EXPRESS; HOME_DELIVERY; NORMAL; PICKUP,CASH; CREDITCARD; DEBIT; INVOICE; VISA,False,,company.b2b; company.b2c,construction; expert-powertools; express; offline-traditional-trade; premium-partner; regular-dealer,L: |08:00 - 13:30 H y 15:30 - 18:00 H | M: |08:00 - 13:30 H y 15:30 - 18:00 H | X: |08:00 - 13:30 H y 15:30 - 18:00 H | J: |08:00 - 13:30 H y 15:30 - 18:00 H | V: |08:00 - 13:30 H y 15:30 - 18:00 H | S: |Cerrado | D: |Cerrado,L: |08:00 - 13:30 H y 15:30 - 18:00 H | M: |08:00 - 13:30 H y 15:30 - 18:00 H | X: |08:00 - 13:30 H y 15:30 - 18:00 H | J: |08:00 - 13:30 H y 15:30 - 18:00 H | V: |08:00 - 13:30 H y 15:30 - 18:00 H | S: |Cerrado | D: |Cerrado,"36.00000,2.49204"
C065196,DYMFER SUMINISTROS INDUSTRIALES,http://www.dymfer.com/,"POLÍGONO INDUSTRIAL CAMPOLLANO, C/D, 18 NAVE 3",POLÍGONO INDUSTRIAL CAMPOLLANO,02007,ALBACETE,ALBACETE,ES,+34967592476,dymfer@dymfer.com,,,39.014915,-1.885787,511233,,regular_dealer,True,True,False,,,False,,,expert-powertools; premium-partner; regular-dealer,,,"36.00000,2.49204"
C058727,LA HERRAMIENTA BALEAR,http://www.laherramientabalear.com,"CARRER ALACANT, 60",POLÍGONO INDUSTRIAL SON BUGADELLES,07180,SANTA PONÇA,MALLORCA,ES,+34971695530,santaponsa@laherramientabalear.com,,,39.529705,2.510276,392469,,regular_dealer,True,False,False,,,False,,,premium-partner; regular-dealer,L: |08:00 - 17:00 H | M: |08:00 - 17:00 H | X: |08:00 - 17:00 H | J: |08:00 - 17:00 H | V: |08:00 - 17:00 H | S: |Cerrado | D: |Cerrado,L: |08:00 - 17:00 H | M: |08:00 - 17:00 H | X: |08:00 - 17:00 H | J: |08:00 - 17:00 H | V: |08:00 - 17:00 H | S: |Cerrado | D: |Cerrado,"36.00000,2.49204"
C078520,BRICO AITANA,https://www.bricoaitana.com,"AVENIDA VALL DE L'AGUART, 12",,03710,CALPE,ALICANTE,ES,+34965874566,info@bricoaitana.com,,,38.645202,0.051927,364736,,regular_dealer,True,False,False,,,False,,,premium-partner; regular-dealer,,,"36.00000,2.49204"
C058725,LA HERRAMIENTA BALEAR,http://www.laherramientabalear.com,"POIMA, 23 LOCAL 2",POLÍGONO INDUSTRIAL DE CAN VALERO,07011,PALMA DE MALLORCA,MALLORCA,ES,+34971253085,canvalero@laherramientabalear.com,,,39.598328,2.629603,400278,,regular_dealer,True,False,False,,,False,,,premium-partner; regular-dealer,L: |08:00 - 17:00 H | M: |08:00 - 17:00 H | X: |08:00 - 17:00 H | J: |08:00 - 17:00 H | V: |08:00 - 17:00 H | S: |Cerrado | D: |Cerrado,L: |08:00 - 17:00 H | M: |08:00 - 17:00 H | X: |08:00 - 17:00 H | J: |08:00 - 17:00 H | V: |08:00 - 17:00 H | S: |Cerrado | D: |Cerrado,"36.00000,2.49204"
C078519,BRICO AITANA,https://www.aitanacalpe.com,"CARRETERA NACIONAL 332, ENTRADA CALPE SUR",CENTRO COMERCIAL AITANA,03710,CALPE,ALICANTE,ES,+34965875454,info@aitanacalpe.com,,,38.660339,0.035123,366958,,regular_dealer,True,False,False,,,False,,,premium-partner; regular-dealer,,,"36.00000,2.49204"
C058882,SUMINISTROS BIGMAT,http://www.bigmat.es/materiales-de-construccion/bigmat_suministros,"CARRETERA BALSICAS - SAN JAVIER, KM20",,30591,BALSICAS,MURCIA,ES,+34968580193,suministrosbigmat@bigmat.es,,,37.818258,-0.964487,367802,,regular_dealer,True,False,False,,,False,,,premium-partner; regular-dealer,L: |08:00 - 14:00 H y 15:30 - 19:30 H | M: |08:00 - 14:00 H y 15:30 - 19:30 H | X: |08:00 - 14:00 H y 15:30 - 19:30 H | J: |08:00 - 14:00 H y 15:30 - 19:30 H | V: |08:00 - 14:00 H y 15:30 - 19:30 H | S: |08:00 - 13:00 H | D: |Cerrado,L: |08:00 - 14:00 H y 15:30 - 19:30 H | M: |08:00 - 14:00 H y 15:30 - 19:30 H | X: |08:00 - 14:00 H y 15:30 - 19:30 H | J: |08:00 - 14:00 H y 15:30 - 19:30 H | V: |08:00 - 14:00 H y 15:30 - 19:30 H | S: |08:00 - 13:00 H | D: |Cerrado,"36.00000,2.49204"
C058861,SIA SUMINISTROS INDUSTRIALES,http://www.siasuministros.com,"CARRETERA N344 KM 8,5",POLÍGONO INDUSTRIAL SAN PEDRO,30565,LA TORRES DE COTILLAS,MURCIA,ES,+34968388109,clientes@siasuministros.com,,,38.029351,-1.234655,400427,,regular_dealer,True,False,False,,,False,,,premium-partner; regular-dealer,L: |08:00 - 13:30 H y 16:00 - 19:00 H | M: |08:00 - 13:30 H y 16:00 - 19:00 H | X: |08:00 - 13:30 H y 16:00 - 19:00 H | J: |08:00 - 13:30 H y 16:00 - 19:00 H | V: |08:00 - 13:30 H y 16:00 - 19:00 H | S: |Cerrado | D: |Cerrado,L: |08:00 - 13:30 H y 16:00 - 19:00 H | M: |08:00 - 13:30 H y 16:00 - 19:00 H | X: |08:00 - 13:30 H y 16:00 - 19:00 H | J: |08:00 - 13:30 H y 16:00 - 19:00 H | V: |08:00 - 13:30 H y 16:00 - 19:00 H | S: |Cerrado | D: |Cerrado,"36.00000,2.49204"
C058509,CAN TAUET,,"CTRA. LA SAVINA, KM 2,400",,07860,SANT FRANCESC XAVIER,FORMENTERA,ES,+34971322460,canteuet@bigmat.es,,,38.710149,1.42925,315633,,regular_dealer,False,False,False,,,False,,,regular-dealer,,,"36.00000,2.49204"
C076862,VICENTE GUASCH Y CARDONA,,"AVENIA SANT JOAN DE LABRITJA, S/N",,07800,IBIZA,ILLES BALEARS,ES,+34971312400,contabilidad@vgcibiza.com,,,38.920433,1.439994,337728,,regular_dealer,False,False,False,,,False,,,regular-dealer,,,"36.00000,2.49204"
C069554,BRICO EIVISSA,https://www.hipercentro.com/es-brico/,"CARRETERA IBIZA-SAN ANTONIO, KM 3,700",,07800,IBIZA,ISLAS BALEARES,ES,34971551215,comunicacion@hipercentro.net,,,38.936732,1.416148,340049,,regular_dealer,False,False,False,,,False,,,regular-dealer,,,"36.00000,2.49204"
C076831,CA`N ROS CAMPOS,https://www.canroscampos.es/,"CAMI VELL DE CIUTAT, 46. NAVE B-4",,07630,CAMPOS,ILLES BALEARS,ES,+34971650962,info@canroscampos.com,,,39.437149,3.00561,384833,,regular_dealer,False,False,False,,,False,,,regular-dealer,L: |08:00 - 20:00 H | M: |08:00 - 20:00 H | X: |08:00 - 20:00 H | J: |08:00 - 20:00 H | V: |08:00 - 20:00 H | S: |08:00 - 20:00 H | D: |Cerrado,L: |08:00 - 20:00 H | M: |08:00 - 20:00 H | X: |08:00 - 20:00 H | J: |08:00 - 20:00 H | V: |08:00 - 20:00 H | S: |08:00 - 20:00 H | D: |Cerrado,"36.00000,2.49204"
C078627,GUILLERMO DURAN,https://gdurantienda.com/,"ILLES BALEARS, 40. POLÍGONO INDUSTRIAL SON BUGADELLAS",POLÍGONO INDUSTRIAL SON BUGADELLAS,07180,CALVIÀ,PALMA DE MALLORCA,ES,+34971699696,atencionalcliente@gduran.com,,,39.531727,2.509989,392694,,regular_dealer,False,False,False,,,False,,,regular-dealer,L: |07:00 - 19:00 H | M: |07:00 - 19:00 H | X: |07:00 - 19:00 H | J: |07:00 - 19:00 H | V: |07:00 - 19:00 H | S: |08:00 - 13:00 H | D: |Cerrado,L: |07:00 - 19:00 H | M: |07:00 - 19:00 H | X: |07:00 - 19:00 H | J: |07:00 - 19:00 H | V: |07:00 - 19:00 H | S: |08:00 - 13:00 H | D: |Cerrado,"36.00000,2.49204"
C078628,GUILLERMO DURAN,http://www.gduran.com/,"SON FONDO, 35",,07007,COLL DE'N REBASSA,PALMA DE MALLORCA,ES,+34971460000,atencionalcliente@gduran.com,,,39.554305,2.700794,395626,,regular_dealer,False,False,False,,,False,,,regular-dealer,L: |07:00 - 19:30 H | M: |07:00 - 19:30 H | X: |07:00 - 19:30 H | J: |07:00 - 19:30 H | V: |07:00 - 19:30 H | S: |08:00 - 13:00 H | D: |Cerrado,L: |07:00 - 19:30 H | M: |07:00 - 19:30 H | X: |07:00 - 19:30 H | J: |07:00 - 19:30 H | V: |07:00 - 19:30 H | S: |08:00 - 13:00 H | D: |Cerrado,"36.00000,2.49204"
C175898,BRICODEPOT (PALMA DE MALLORCA),https://www.bricodepot.es,HORT DE SES ÀNIMES S/N. POLÍGONO DE SERVICIOS DE LEVANTE,,7007,PALMA DE MALLORCA,PALMA DE MALLORCA,ES,+34971242572,,,,39.570632,2.673243,397335,,regular_dealer,False,False,False,,,False,,,regular-dealer,L: |07:00 - 21:00 H | M: |07:00 - 21:00 H | X: |07:00 - 21:00 H | J: |07:00 - 21:00 H | V: |07:00 - 21:00 H | S: |07:00 - 21:00 H | D: |Cerrado,L: |07:00 - 21:00 H | M: |07:00 - 21:00 H | X: |07:00 - 21:00 H | J: |07:00 - 21:00 H | V: |07:00 - 21:00 H | S: |07:00 - 21:00 H | D: |Cerrado,"36.00000,2.49204"
C003311,OBRAMAT PALMA,https://www.obramat.es/,"CAMI VELL DE SINEU, 20 E",,07007,PALMA DE MALLORCA,ILLES BALEARS,ES,+34971424821,info.palma@obramat.es,,,39.574416,2.686044,397802,,DIY; regular_dealer,False,False,False,,,False,,,diy; regular-dealer,L: |07:00 - 21:30 H | M: |07:00 - 21:30 H | X: |07:00 - 21:30 H | J: |07:00 - 21:30 H | V: |07:00 - 21:30 H | S: |07:00 - 22:00 H | D: |Cerrado,L: |07:00 - 21:30 H | M: |07:00 - 21:30 H | X: |07:00 - 21:30 H | J: |07:00 - 21:30 H | V: |07:00 - 21:30 H | S: |07:00 - 22:00 H | D: |Cerrado,"36.00000,2.49204"
C058659,FERRETERIA SON GARRIT,https://ferreteriasongarrit.es/,"CAMI DELS REIS, 117",,07013,PALMA DE MALLORCA,MALLORCA,ES,+34971793445,administracion@ferreteriasongarrit.com,,,39.585833,2.619281,398863,,regular_dealer,False,False,False,,,False,,,regular-dealer,,,"36.00000,2.49204"
C069516,LEROY MERLIN PALMA-MARRATXI,https://www.leroymerlin.es/,"CARRETERA PALMA-INCA PM-27, KM 3, 9",,07141,PALMA DE MALLORCA,ISLAS BALEARES,ES,+34971226131,,,,39.59138,2.672754,399639,,regular_dealer,False,False,False,,,False,,,regular-dealer,L: |08:00 - 22:00 H | M: |08:00 - 22:00 H | X: |08:00 - 22:00 H | J: |08:00 - 22:00 H | V: |08:00 - 22:00 H | S: |09:00 - 22:00 H | D: |Cerrado,L: |08:00 - 22:00 H | M: |08:00 - 22:00 H | X: |08:00 - 22:00 H | J: |08:00 - 22:00 H | V: |08:00 - 22:00 H | S: |09:00 - 22:00 H | D: |Cerrado,"36.00000,2.49204"
C078629,GUILLERMO DURAN,https://gdurantienda.com/,"CALLE DEL BUSQUERET, 20. POLÍGONO INDUSTRIAL CA NA LLORETA",POLÍGONO INDUSTRIAL CA NA LLORETA,07400,ALCUDIA,PALMA DE MALLORCA,ES,+34971578057,atencionalcliente@gduran.com,,,39.594241,2.610609,399777,,regular_dealer,False,False,False,,,False,,,regular-dealer,L: |07:30 - 18:00 H | M: |07:30 - 18:00 H | X: |07:30 - 18:00 H | J: |07:30 - 18:00 H | V: |07:30 - 18:00 H | S: |08:00 - 13:00 H | D: |Cerrado,L: |07:30 - 18:00 H | M: |07:30 - 18:00 H | X: |07:30 - 18:00 H | J: |07:30 - 18:00 H | V: |07:30 - 18:00 H | S: |08:00 - 13:00 H | D: |Cerrado,"36.00000,2.49204"
C058923,TALLERES GUILLAMON (TALLER DE ASISTENCIA TÉCNICA),http://www.talleresguillamon.com,"MERÇE RODOREDA, 11",,07004,PALMA DE MALLORCA,MALLORCA,ES,+34971752750,sat@talleresguillamon.com,,,39.595166,2.656293,400005,,regular_dealer,False,False,False,,,False,,,regular-dealer; service-center; service-partner,L-V: |7:00-14:30,L-V: |7:00-14:30,"36.00000,2.49204"
C069543,LEROY MERLIN PALMA CIUDAD,https://www.leroymerlin.es/,"CARRER DEL BISBE PERE DE PUIGDORFILA, 3. CENTRO COMERCIAL OCIMAX",CENTRO COMERCIAL OCIMAX,08040,PALMA DE MALLORCA,ISLAS BALEARES,ES,+34971212500,,,,39.596067,2.649485,400084,,regular_dealer,False,False,False,,,False,,,regular-dealer,L: |07:00 - 22:00 H | M: |07:00 - 22:00 H | X: |07:00 - 22:00 H | J: |07:00 - 22:00 H | V: |07:00 - 22:00 H | S: |07:00 - 22:00 H | D: |Cerrado,L: |07:00 - 22:00 H | M: |07:00 - 22:00 H | X: |07:00 - 22:00 H | J: |07:00 - 22:00 H | V: |07:00 - 22:00 H | S: |07:00 - 22:00 H | D: |Cerrado,"36.00000,2.49204"
C175906,LEROY MERLIN CALPE (COMPACT),https://www.leroymerlin.es/,"PARTIDA ESTACIÓN, 332, b-1",,3710,CALPE,ALICANTE,ES,+34966139444,,,,38.647257,0.033433,365887,,regular_dealer,False,False,False,,,False,,,regular-dealer,L: |08:00 - 22:00 H | M: |08:00 - 22:00 H | X: |08:00 - 22:00 H | J: |08:00 - 22:00 H | V: |08:00 - 22:00 H | S: |09:00 - 22:00 H | D: |Cerrado,L: |08:00 - 22:00 H | M: |08:00 - 22:00 H | X: |08:00 - 22:00 H | J: |08:00 - 22:00 H | V: |08:00 - 22:00 H | S: |09:00 - 22:00 H | D: |Cerrado,"36.00000,2.49204"
C162921,MATERIALES DE CONSTRUCCIÓN RAMPUIXA,https://rampuixa.com/productos/materiales-construccion/,"CARRETERA SAN JUAN KM 1,8",,7800,IBIZA,ISLAS BALEARES,ES,+34971313 512,comercial@rampuixa.com,,,39.595439,3.038843,402649,,regular_dealer,False,False,False,,,False,,,regular-dealer,L: |08:00 - 18:00 H | M: |08:00 - 18:00 H | X: |08:00 - 18:00 H | J: |08:00 - 18:00 H | V: |08:00 - 18:00 H | S: |08:00 - 13:00 H | D: |Cerrado,L: |08:00 - 18:00 H | M: |08:00 - 18:00 H | X: |08:00 - 18:00 H | J: |08:00 - 18:00 H | V: |08:00 - 18:00 H | S: |08:00 - 13:00 H | D: |Cerrado,"36.00000,2.49204"
C065120,BRICO MANACOR,,"CARRETERA PALMA-ARTA, KM 47.200",,07500,MANACOR - PALMA DE MALLORCA,ISLAS BALEARES,ES,+34971551215,comunicacion@hipercentro.net,,,39.57182,3.192322,401883,,regular_dealer,False,False,False,,,False,,,regular-dealer,,,"36.00000,2.49204"
C076833,BRICO CONSTRUCCION ROMICON,https://tienda.bricol.es/es/,"CALVARIO, 43",,03580,ALFAZ DEL PI,ALICANTE,ES,+34965887956,,,,38.584748,-0.098043,367507,,regular_dealer,False,False,False,,,False,,,regular-dealer,L: |08:30 - 14:00 H y 16:00 - 19:00 H | M: |08:30 - 14:00 H y 16:00 - 19:00 H | X: |08:30 - 14:00 H y 16:00 - 19:00 H | J: |08:30 - 14:00 H y 16:00 - 19:00 H | V: |08:30 - 14:00 H y 16:00 - 19:00 H | S: |09:00 - 13:30 H | D: |Cerrado,L: |08:30 - 14:00 H y 16:00 - 19:00 H | M: |08:30 - 14:00 H y 16:00 - 19:00 H | X: |08:30 - 14:00 H y 16:00 - 19:00 H | J: |08:30 - 14:00 H y 16:00 - 19:00 H | V: |08:30 - 14:00 H y 16:00 - 19:00 H | S: |09:00 - 13:30 H | D: |Cerrado,"36.00000,2.49204"
C073807,LEROY MERLIN FINESTRAT,https://www.leroymerlin.es/,"AVENIDA FINESTRAT, 11-13",,03509,FINESTRAT (BENIDORM),ALICANTE,ES,+34965595555,,,,38.53386,-0.171266,367271,,regular_dealer,False,False,False,,,False,,,regular-dealer,L: |07:00 - 22:00 H | M: |07:00 - 22:00 H | X: |07:00 - 22:00 H | J: |07:00 - 22:00 H | V: |07:00 - 22:00 H | S: |07:00 - 22:00 H | D: |Cerrado,L: |07:00 - 22:00 H | M: |07:00 - 22:00 H | X: |07:00 - 22:00 H | J: |07:00 - 22:00 H | V: |07:00 - 22:00 H | S: |07:00 - 22:00 H | D: |Cerrado,"36.00000,2.49204"
C042215,OBRAMAT FINESTRAT,https://www.obramat.es/,"AVINGUDA PAIS VALENCIA, 11. BULEVARD COMERCIAL",,03509,FINESTRAT,ALICANTE,ES,+34965594325,info.finestrat@obramat.es,,,38.535097,-0.181603,367962,,regular_dealer,False,False,False,,,False,,,regular-dealer,L: |07:00 - 21:30 H | M: |07:00 - 21:30 H | X: |07:00 - 21:30 H | J: |07:00 - 21:30 H | V: |07:00 - 21:30 H | S: |07:00 - 20:00 H | D: |09:00 - 15:00 H,L: |07:00 - 21:30 H | M: |07:00 - 21:30 H | X: |07:00 - 21:30 H | J: |07:00 - 21:30 H | V: |07:00 - 21:30 H | S: |07:00 - 20:00 H | D: |09:00 - 15:00 H,"36.00000,2.49204"
C076813,LEROY MERLIN ONDARA (COMPACT),https://www.leroymerlin.es/,"AVENIDA COSTA BLANCA, 12",FRENTE CENTRO COMERCIAL PORTAL DE LA MARINA,03760,ONDARA,ALICANTE,ES,+34966477593,,,,38.815559,0.022227,381525,,regular_dealer,False,False,False,,,False,,,regular-dealer,L: |08:00 - 22:00 H | M: |08:00 - 22:00 H | X: |08:00 - 22:00 H | J: |08:00 - 22:00 H | V: |08:00 - 22:00 H | S: |08:00 - 22:00 H | D: |Cerrado,L: |08:00 - 22:00 H | M: |08:00 - 22:00 H | X: |08:00 - 22:00 H | J: |08:00 - 22:00 H | V: |08:00 - 22:00 H | S: |08:00 - 22:00 H | D: |Cerrado,"36.00000,2.49204"
C069509,LEROY MERLIN TORREVIEJA (COMPACT),https://www.leroymerlin.es/,AVENIDA ROSA MAZÓN VALERO S/N. CENTRO COMERCIAL HABANERAS,CENTRO COMERCIAL HABANERAS,03180,TORREVIEJA,ALICANTE,ES,+34966927831,,,,37.990004,-0.686937,358650,,regular_dealer,False,False,False,,,False,,,regular-dealer,L: |08:30 - 22:00 H | M: |08:30 - 22:00 H | X: |08:30 - 22:00 H | J: |08:30 - 22:00 H | V: |08:30 - 22:00 H | S: |08:30 - 22:00 H | D: |Cerrado,L: |08:30 - 22:00 H | M: |08:30 - 22:00 H | X: |08:30 - 22:00 H | J: |08:30 - 22:00 H | V: |08:30 - 22:00 H | S: |08:30 - 22:00 H | D: |Cerrado,"36.00000,2.49204"
C073778,LEROY MERLIN LA ZENIA,https://www.leroymerlin.es/,"JADE, S/N. CENTRO COMERCIAL ORIHUELA",CENTRO COMERCIAL ORIHUELA,03189,LA ZENIA (ORIHUELA),ALICANTE,ES,+34965222340,,,,37.931913,-0.732737,358035,,regular_dealer,False,False,False,,,False,,,regular-dealer,L: |08:00 - 22:00 H | M: |08:00 - 22:00 H | X: |08:00 - 22:00 H | J: |08:00 - 22:00 H | V: |08:00 - 22:00 H | S: |08:00 - 22:00 H | D: |09:00 - 22:00 H,L: |08:00 - 22:00 H | M: |08:00 - 22:00 H | X: |08:00 - 22:00 H | J: |08:00 - 22:00 H | V: |08:00 - 22:00 H | S: |08:00 - 22:00 H | D: |09:00 - 22:00 H,"36.00000,2.49204"
C073809,LEROY MERLIN SAN PEDRO DEL PINATAR (COMPACT),https://www.leroymerlin.es/,CARRETERA N332 KM 33. CENTRO COMERCIAL DOS MARES,CENTRO COMERCIAL DOS MARES,30740,SAN PEDRO DEL PINATAR,MURCIA,ES,+34968198258,,,,37.822654,-0.808905,356601,,regular_dealer,False,False,False,,,False,,,regular-dealer,L: |09:00 - 22:00 H | M: |09:00 - 22:00 H | X: |09:00 - 22:00 H | J: |09:00 - 22:00 H | V: |09:00 - 22:00 H | S: |09:00 - 22:00 H | D: |10:00 - 21:00 H,L: |09:00 - 22:00 H | M: |09:00 - 22:00 H | X: |09:00 - 22:00 H | J: |09:00 - 22:00 H | V: |09:00 - 22:00 H | S: |09:00 - 22:00 H | D: |10:00 - 21:00 H,"36.00000,2.49204"
C162927,OBRAMAT ALICANTE,https://www.obramat.es/,"AVENIDA DE DENIA, 141",,3015,ALICANTE,ALICANTE,ES,+34966130071,info.alicante@obramat.es,,,38.372417,-0.456752,371190,,regular_dealer,False,False,False,,,False,,,regular-dealer,L: |07:00 - 21:00 H | M: |07:00 - 21:00 H | X: |07:00 - 21:00 H | J: |07:00 - 21:00 H | V: |07:00 - 21:00 H | S: |07:00 - 21:00 H | D: |Cerrado,L: |07:00 - 21:00 H | M: |07:00 - 21:00 H | X: |07:00 - 21:00 H | J: |07:00 - 21:00 H | V: |07:00 - 21:00 H | S: |07:00 - 21:00 H | D: |Cerrado,"36.00000,2.49204"
C069531,LEROY MERLIN ALICANTE,http://www.leroymerlin.es/,"AVENIDA ANTONIO RAMOS CARRATALA, S/N. PARQUE COMERCIAL VISTAHERMOSA",,03015,ALICANTE,ALICANTE,ES,+34965900028,,,,38.370169,-0.466645,371633,,regular_dealer,False,False,False,,,False,,,regular-dealer,L: |07:00 - 22:00 H | M: |07:00 - 22:00 H | X: |07:00 - 22:00 H | J: |07:00 - 22:00 H | V: |07:00 - 22:00 H | S: |07:00 - 22:00 H | D: |10:00 - 22:00 H,L: |07:00 - 22:00 H | M: |07:00 - 22:00 H | X: |07:00 - 22:00 H | J: |07:00 - 22:00 H | V: |07:00 - 22:00 H | S: |07:00 - 22:00 H | D: |10:00 - 22:00 H,"36.00000,2.49204"
C069558,LEROY MERLIN COCENTAINA (COMPACT),https://www.leroymerlin.es/,"AVENIDA L'ALTET, 2 (JUNTO A CARREFOUR)",,03820,COCENTAINA,ALICANTE,ES,+34965594315,,,,38.262819,-0.665539,376320,,regular_dealer,False,False,False,,,False,,,regular-dealer,L: |08:00 - 22:00 H | M: |08:00 - 22:00 H | X: |08:00 - 22:00 H | J: |08:00 - 22:00 H | V: |08:00 - 22:00 H | S: |08:00 - 22:00 H | D: |Cerrado,L: |08:00 - 22:00 H | M: |08:00 - 22:00 H | X: |08:00 - 22:00 H | J: |08:00 - 22:00 H | V: |08:00 - 22:00 H | S: |08:00 - 22:00 H | D: |Cerrado,"36.00000,2.49204"
C175836,EVERAK,https://www.everak.com/es/,"CARRETERA. DE DOLORES, 54",,3160,ALMORADI,ALICANTE,ES,+34965072847,info@everak.com,,,38.121889,-0.783004,374262,,regular_dealer,False,False,False,,,False,,,regular-dealer,L: |08:00 - 20:00 H | M: |08:00 - 20:00 H | X: |08:00 - 20:00 H | J: |08:00 - 20:00 H | V: |08:00 - 20:00 H | S: |08:00 - 13:30 H | D: |Cerrado,L: |08:00 - 20:00 H | M: |08:00 - 20:00 H | X: |08:00 - 20:00 H | J: |08:00 - 20:00 H | V: |08:00 - 20:00 H | S: |08:00 - 13:30 H | D: |Cerrado,"36.00000,2.49204"
C076880,FERRETERÍA Y SUMINISTROS GONZACAR,https://www.suministrosgonzacar.es/,"PORTUGAL, 2. POLÍGONO INDUSTRIAL LAS MAROMAS",POLÍGONO INDUSTRIAL LAS MAROMAS,03160,ALMORADI,ALICANTE,ES,+34600652896,ventas1@suministrosgonzacar.com,,,38.110709,-0.793702,374235,,regular_dealer,False,False,False,,,False,,,regular-dealer,,,"36.00000,2.49204"
C073774,LEROY MERLIN ELCHE,https://www.leroymerlin.es/,"ALMANSA, 68. POLÍGONO INDUSTRIAL EL CARRUS",POLÍGONO INDUSTRIAL EL CARRUS,03206,ELCHE,ALICANTE,ES,+34966619200,,,,38.277791,-0.722102,381144,,regular_dealer,False,False,False,,,False,,,regular-dealer,L: |07:00 - 22:00 H | M: |07:00 - 22:00 H | X: |07:00 - 22:00 H | J: |07:00 - 22:00 H | V: |07:00 - 22:00 H | S: |08:00 - 22:00 H | D: |Cerrado,L: |07:00 - 22:00 H | M: |07:00 - 22:00 H | X: |07:00 - 22:00 H | J: |07:00 - 22:00 H | V: |07:00 - 22:00 H | S: |08:00 - 22:00 H | D: |Cerrado,"36.00000,2.49204"
C076883,SUMINISTROS INDUSTRIALES CALLOSA,https://suministroscallosa.com/es,"CARRETERA CATRAL KM, 1",,03360,CALLOSA DE SEGURA,ALICANTE,ES,+34966757077,pedidosweb@suministroscallosa.com,,,38.129356,-0.859,380023,,regular_dealer,False,False,False,,,False,,,regular-dealer,,,"36.00000,2.49204"
C175886,BRICODEPOT (CREVILLENT),https://www.bricodepot.es,"N-340, km 711",,3330,CREVILLENT,ALICANTE,ES,+34965406063,,,,38.252262,-0.782336,383327,,regular_dealer,False,False,False,,,False,,,regular-dealer,L: |07:00 - 21:30 H | M: |07:00 - 21:30 H | X: |07:00 - 21:30 H | J: |07:00 - 21:30 H | V: |07:00 - 21:30 H | S: |07:00 - 21:30 H | D: |Cerrado,L: |07:00 - 21:30 H | M: |07:00 - 21:30 H | X: |07:00 - 21:30 H | J: |07:00 - 21:30 H | V: |07:00 - 21:30 H | S: |07:00 - 21:30 H | D: |Cerrado,"36.00000,2.49204"
C070769,LEROY MERLIN GANDIA,http://www.leroymerlin.es/,"LA EXPORTACIÓN, 14. PARQUE COMERCIAL MYO",,46702,GANDIA,VALENCIA,ES,+34962959040,,,,38.957707,-0.175399,404368,,regular_dealer,False,False,False,,,False,,,regular-dealer,L: |07:00 - 22:00 H | M: |07:00 - 22:00 H | X: |07:00 - 22:00 H | J: |07:00 - 22:00 H | V: |07:00 - 22:00 H | S: |08:00 - 22:00 H | D: |Cerrado,L: |07:00 - 22:00 H | M: |07:00 - 22:00 H | X: |07:00 - 22:00 H | J: |07:00 - 22:00 H | V: |07:00 - 22:00 H | S: |08:00 - 22:00 H | D: |Cerrado,"36.00000,2.49204"
C058482,ANTONIO GONZALEZ BERENGUER (TALLER DE ASISTENCIA TÉCNICA),https://gonzalezberenguer.es/,"AVENIDA LIBERTAD, 215",,30007,CASILLAS,MURCIA,ES,+34968279027,info@gonzalezberenguer.com,,,38.006465,-1.105073,389557,,regular_dealer,False,False,False,,,False,,,regular-dealer; service-center; service-partner,,,"36.00000,2.49204"
C076907,LEROY MERLIN MURCIA SUR,https://www.leroymerlin.es/,"CAMINO DE LA PALOMA, 25. CENTRO COMERCIAL MONTEVIDA",CENTRO COMERCIAL MONTEVIDA,30150,MURCIA,MURCIA,ES,+34968679800,,,,37.936945,-1.150028,388623,,regular_dealer,False,False,False,,,False,,,regular-dealer,L: |07:00 - 22:00 H | M: |07:00 - 22:00 H | X: |07:00 - 22:00 H | J: |07:00 - 22:00 H | V: |07:00 - 22:00 H | S: |07:00 - 22:00 H | D: |Cerrado,L: |07:00 - 22:00 H | M: |07:00 - 22:00 H | X: |07:00 - 22:00 H | J: |07:00 - 22:00 H | V: |07:00 - 22:00 H | S: |07:00 - 22:00 H | D: |Cerrado,"36.00000,2.49204"
C024927,OBRAMAT MURCIA,https://www.obramat.es/,"AVENIDA DE SAN GINÉS, 177. POLIGONO INDUSTRIAL OESTE",,30120,MURCIA,MURCIA,ES,+34968679404,info.murcia@obramat.es,,,37.949443,-1.175788,391274,,DIY; regular_dealer,False,False,False,,,False,,,diy; regular-dealer,L: |07:00 - 22:00 H | M: |07:00 - 22:00 H | X: |07:00 - 22:00 H | J: |07:00 - 22:00 H | V: |07:00 - 22:00 H | S: |07:00 - 22:00 H | D: |Cerrado,L: |07:00 - 22:00 H | M: |07:00 - 22:00 H | X: |07:00 - 22:00 H | J: |07:00 - 22:00 H | V: |07:00 - 22:00 H | S: |07:00 - 22:00 H | D: |Cerrado,"36.00000,2.49204"
C058776,MAQUERSAN,https://maqhersanshopping.com/,"AVENIDA DEL DESCUBRIMIENTO, BAJO, PARCELA 9-10",,30169,ALCANTARILLA,MURCIA,ES,+34968836415,mqh@maqhersan.com,,,37.955049,-1.19464,393003,,regular_dealer,False,False,False,,,False,,,regular-dealer,L: |08:00 - 13:30 H y 15:30 - 19:30 H | M: |08:00 - 13:30 H y 15:30 - 19:30 H | X: |08:00 - 13:30 H y 15:30 - 19:30 H | J: |08:00 - 13:30 H y 15:30 - 19:30 H | V: |08:00 - 13:30 H y 15:30 - 19:30 H | S: |Cerrado | D: |Cerrado,L: |08:00 - 13:30 H y 15:30 - 19:30 H | M: |08:00 - 13:30 H y 15:30 - 19:30 H | X: |08:00 - 13:30 H y 15:30 - 19:30 H | J: |08:00 - 13:30 H y 15:30 - 19:30 H | V: |08:00 - 13:30 H y 15:30 - 19:30 H | S: |Cerrado | D: |Cerrado,"36.00000,2.49204"
C069546,LEROY MERLIN MURCIA,https://www.leroymerlin.es/,CARRETERA NACIONAL A-7 SALIDA DON JUAN DE BORBÓN. CENTRO COMERCIAL NUEVA CONDOMINA,CENTRO COMERCIAL NUEVA CONDOMINA,30110,MURCIA,MURCIA,ES,+34968374800,,,,38.038501,-1.149398,394766,,regular_dealer,False,False,False,,,False,,,regular-dealer,L: |07:00 - 22:00 H | M: |07:00 - 22:00 H | X: |07:00 - 22:00 H | J: |07:00 - 22:00 H | V: |07:00 - 22:00 H | S: |07:00 - 22:00 H | D: |Cerrado,L: |07:00 - 22:00 H | M: |07:00 - 22:00 H | X: |07:00 - 22:00 H | J: |07:00 - 22:00 H | V: |07:00 - 22:00 H | S: |07:00 - 22:00 H | D: |Cerrado,"36.00000,2.49204"
C073773,LEROY MERLIN XATIVA (COMPACT),https://www.leroymerlin.es/,RONDA DE LA SEQUIA DE LA VILA. PARQUE COMERCIAL LA VILA,PARQUE COMERCIAL LA VILA,46800,XATIVA,VALENCIA,ES,+34962287152,,,,38.995154,-0.524951,426252,,regular_dealer,False,False,False,,,False,,,regular-dealer,L: |08:00 - 22:00 H | M: |08:00 - 22:00 H | X: |08:00 - 22:00 H | J: |08:00 - 22:00 H | V: |08:00 - 22:00 H | S: |09:00 - 22:00 H | D: |Cerrado,L: |08:00 - 22:00 H | M: |08:00 - 22:00 H | X: |08:00 - 22:00 H | J: |08:00 - 22:00 H | V: |08:00 - 22:00 H | S: |09:00 - 22:00 H | D: |Cerrado,"36.00000,2.49204"
C065126,BRICODEPOT (ALZIRA),http://www.bricodepot.es/,AVENIDA DE LA LLIBRETAT 1. CTRA ALBALAT. JUNTO A CARREFOUR,,46600,ALZIRA,VALENCIA,ES,+34962229999,,,,39.163501,-0.427984,435750,,regular_dealer,False,False,False,,,False,,,regular-dealer,L: |07:30 - 21:30 H | M: |07:30 - 21:30 H | X: |07:30 - 21:30 H | J: |07:30 - 21:30 H | V: |07:30 - 21:30 H | S: |07:30 - 21:30 H | D: |Cerrado,L: |07:30 - 21:30 H | M: |07:30 - 21:30 H | X: |07:30 - 21:30 H | J: |07:30 - 21:30 H | V: |07:30 - 21:30 H | S: |07:30 - 21:30 H | D: |Cerrado,"36.00000,2.49204"
C001587,OBRAMAT MASSANASSA,https://www.obramat.es/,"AVINGUDA DE LA GENERALITAT, 2",,46470,MASANASSA,VALENCIA,ES,+34961251424,info.massanassa@obramat.es,,,39.356875,-0.412066,452295,,DIY; regular_dealer,False,False,False,,,False,,,diy; regular-dealer,L: |07:00 - 22:00 H | M: |07:00 - 22:00 H | X: |07:00 - 22:00 H | J: |07:00 - 22:00 H | V: |07:00 - 22:00 H | S: |07:00 - 22:00 H | D: |Cerrado,L: |07:00 - 22:00 H | M: |07:00 - 22:00 H | X: |07:00 - 22:00 H | J: |07:00 - 22:00 H | V: |07:00 - 22:00 H | S: |07:00 - 22:00 H | D: |Cerrado,"36.00000,2.49204"
C069536,LEROY MERLIN MASSANASSA,https://www.leroymerlin.es/,"MEDI AMBIENT, S/N. POLÍGONO INDUSTRIAL ALFAFAR",,46470,MASSANASSA,VALENCIA,ES,+34961223400,,,,39.410601,-0.384377,455829,,regular_dealer,False,False,False,,,False,,,regular-dealer,L: |07:00 - 22:00 H | M: |07:00 - 22:00 H | X: |07:00 - 22:00 H | J: |07:00 - 22:00 H | V: |07:00 - 22:00 H | S: |08:00 - 22:00 H | D: |Cerrado,L: |07:00 - 22:00 H | M: |07:00 - 22:00 H | X: |07:00 - 22:00 H | J: |07:00 - 22:00 H | V: |07:00 - 22:00 H | S: |08:00 - 22:00 H | D: |Cerrado,"36.00000,2.49204"
C084199,ALBERTO MUÑOZ MUÑOZ,http://www.albertomunoz.com,"AVENIDA DE LA PAZ, 198",,30510,YECLA,MURCIA,ES,+34968751480,info@albertomunoz.com,,,38.611987,-1.138376,432870,,regular_dealer,False,False,False,,,False,,,regular-dealer,L: |08:30 - 13:30 H y 15:30 - 19:30 H | M: |08:30 - 13:30 H y 15:30 - 19:30 H | X: |08:30 - 13:30 H y 15:30 - 19:30 H | J: |08:30 - 13:30 H y 15:30 - 19:30 H | V: |08:30 - 13:30 H y 15:30 - 19:30 H | S: |Cerrado | D: |Cerrado,L: |08:30 - 13:30 H y 15:30 - 19:30 H | M: |08:30 - 13:30 H y 15:30 - 19:30 H | X: |08:30 - 13:30 H y 15:30 - 19:30 H | J: |08:30 - 13:30 H y 15:30 - 19:30 H | V: |08:30 - 13:30 H y 15:30 - 19:30 H | S: |Cerrado | D: |Cerrado,"36.00000,2.49204"
C073811,BAUHAUS VALENCIA - ALFAFAR,https://www.bauhaus.es/,"PLAZA CONSOLAT DEL MAR, 21-24",,46910,ALFAFAR,VALENCIA,ES,+34960590590,alfafar@bauhaus.es,,,39.462608,-0.371104,459961,,DIY; regular_dealer,False,False,False,,,False,,,diy; regular-dealer,L: |07:00 - 22:00 H | M: |07:00 - 22:00 H | X: |07:00 - 22:00 H | J: |07:00 - 22:00 H | V: |07:00 - 22:00 H | S: |07:00 - 22:00 H | D: |Cerrado,L: |07:00 - 22:00 H | M: |07:00 - 22:00 H | X: |07:00 - 22:00 H | J: |07:00 - 22:00 H | V: |07:00 - 22:00 H | S: |07:00 - 22:00 H | D: |Cerrado,"36.00000,2.49204"
C069513,LEROY MERLIN ALBORAYA,https://www.leroymerlin.es/,"CENTRO COMERCIAL ALCAMPO, A-7, SALIDA 2",CENTRO COMERCIAL ALCAMPO,46120,ALBORAYA,VALENCIA,ES,+34963568460,,,,39.503856,-0.323742,461523,,regular_dealer,False,False,False,,,False,,,regular-dealer,L: |07:00 - 22:00 H | M: |07:00 - 22:00 H | X: |07:00 - 22:00 H | J: |07:00 - 22:00 H | V: |07:00 - 22:00 H | S: |07:00 - 22:00 H | D: |Cerrado,L: |07:00 - 22:00 H | M: |07:00 - 22:00 H | X: |07:00 - 22:00 H | J: |07:00 - 22:00 H | V: |07:00 - 22:00 H | S: |07:00 - 22:00 H | D: |Cerrado,"36.00000,2.49204"
C068984,COMERCIAL MECRE (TALLER DE ASISTENCIA TÉCNICA),https://comercialmecre.com/,"ALFAMBRA 12, BAJO",,46009,VALENCIA,VALENCIA,ES,+34963111557,info@comercialmecre.com,,,39.483289,-0.375902,462097,,regular_dealer,False,False,False,,,False,,,regular-dealer; service-center; service-partner,L: |08:00 - 14:00 H y 16:00 - 19:00 H | M: |08:00 - 14:00 H y 16:00 - 19:00 H | X: |08:00 - 14:00 H y 16:00 - 19:00 H | J: |08:00 - 14:00 H y 16:00 - 19:00 H | V: |08:00 - 15:00 H | S: |Cerrado | D: |Cerrado,L: |08:00 - 14:00 H y 16:00 - 19:00 H | M: |08:00 - 14:00 H y 16:00 - 19:00 H | X: |08:00 - 14:00 H y 16:00 - 19:00 H | J: |08:00 - 14:00 H y 16:00 - 19:00 H | V: |08:00 - 15:00 H | S: |Cerrado | D: |Cerrado,"36.00000,2.49204"
C058899,SUMINISTROS INDUSTRIALES JOSE ADRIA SIJA,http://www.sija.es,"C/ MARIANO BENLLIURE, 14",,46016,TABERNES BLANQUES,,ES,+34961869066,sija@sija.es,,,39.50631,-0.368001,463846,,regular_dealer,False,False,False,,,False,,,regular-dealer,,,"36.00000,2.49204"
C073781,LEROY MERLIN BURJASSOT,https://www.leroymerlin.es/,"AVENIDA DE LA ILUSTRACIÓN, 6. POLÍGONO COMERCIAL ADEMUZ",POLÍGONO COMERCIAL ADEMUZ,46100,BURJASSOT,VALENCIA,ES,+34963649900,,,,39.498938,-0.408028,465082,,regular_dealer,False,False,False,,,False,,,regular-dealer,L: |07:00 - 22:00 H | M: |07:00 - 22:00 H | X: |07:00 - 22:00 H | J: |07:00 - 22:00 H | V: |07:00 - 22:00 H | S: |08:00 - 22:00 H | D: |Cerrado,L: |07:00 - 22:00 H | M: |07:00 - 22:00 H | X: |07:00 - 22:00 H | J: |07:00 - 22:00 H | V: |07:00 - 22:00 H | S: |08:00 - 22:00 H | D: |Cerrado,"36.00000,2.49204"
C073791,BAUHAUS VALENCIA - PATERNA,https://www.bauhaus.es/,"ADELINA JAVALOYAS BLASCO, 1-17",,46980,PATERNA,VALENCIA,ES,+34960592121,paterna@bauhaus.es,,,39.508902,-0.41018,466103,,DIY; regular_dealer,False,False,False,,,False,,,diy; regular-dealer,L: |07:00 - 21:30 H | M: |07:00 - 21:30 H | X: |07:00 - 21:30 H | J: |07:00 - 21:30 H | V: |07:00 - 21:30 H | S: |07:00 - 21:30 H | D: |Cerrado,L: |07:00 - 21:30 H | M: |07:00 - 21:30 H | X: |07:00 - 21:30 H | J: |07:00 - 21:30 H | V: |07:00 - 21:30 H | S: |07:00 - 21:30 H | D: |Cerrado,"36.00000,2.49204"
C078538,DANIEL GARCIA E HIJOS,https://www.suproval.com/,"SOLIDARIDAD, 15. POLÍGONO INDUSTRIAL BARRIO DEL CRISTO",POLÍGONO INDUSTRIAL BARRIO DEL CRISTO,46960,ALDAIA,VALENCIA,ES,+34961275115,,,,39.475448,-0.465911,465743,,regular_dealer,False,False,False,,,False,,,regular-dealer,,,"36.00000,2.49204"
C175880,BRICODEPOT (QUART DE POBLET),https://www.bricodepot.es,JUNTO AL CENTRO COMERCIAL BONAIRE. A-3 DIRECCIÓN MADRID. SALIDA 345,,46930,QUART DE POBLET,VALENCIA,ES,+34961539364,,,,39.471566,-0.488575,466504,,regular_dealer,False,False,False,,,False,,,regular-dealer,L: |07:30 - 21:00 H | M: |07:30 - 21:00 H | X: |07:30 - 21:00 H | J: |07:30 - 21:00 H | V: |07:30 - 21:00 H | S: |07:30 - 21:00 H | D: |Cerrado,L: |07:30 - 21:00 H | M: |07:30 - 21:00 H | X: |07:30 - 21:00 H | J: |07:30 - 21:00 H | V: |07:30 - 21:00 H | S: |07:30 - 21:00 H | D: |Cerrado,"36.00000,2.49204"
C069529,LEROY MERLIN ALDAIA,https://www.leroymerlin.es/,CARRETERA A3 KM. 345. CENTRO COMERCIAL BONAIRE,CENTRO COMERCIAL BONAIRE,46960,ALDAIA,VALENCIA,ES,+34961579292,,,,39.471469,-0.488692,466501,,regular_dealer,False,False,False,,,False,,,regular-dealer,L: |07:00 - 22:00 H | M: |07:00 - 22:00 H | X: |07:00 - 22:00 H | J: |07:00 - 22:00 H | V: |07:00 - 22:00 H | S: |08:00 - 22:00 H | D: |Cerrado,L: |07:00 - 22:00 H | M: |07:00 - 22:00 H | X: |07:00 - 22:00 H | J: |07:00 - 22:00 H | V: |07:00 - 22:00 H | S: |08:00 - 22:00 H | D: |Cerrado,"36.00000,2.49204"
C058504,ALBERTO MUÑOZ MUÑOZ (DELEGACIÓN VALENCIA),http://www.albertomunoz.com,"AVENIDA MAS DEL OLÍ, 200. POLÍGONO INDUSTRIAL LA COVA",POLÍGONO INDUSTRIAL LA COVA,46940,MANISES,VALENCIA,ES,+34961539507,cashvalencia@albertomunoz.com,,,39.506502,-0.504477,470468,,regular_dealer,False,False,False,,,False,,,regular-dealer,L: |08:30 - 13:30 H y 15:30 - 19:30 H | M: |08:30 - 13:30 H y 15:30 - 19:30 H | X: |08:30 - 13:30 H y 15:30 - 19:30 H | J: |08:30 - 13:30 H y 15:30 - 19:30 H | V: |08:30 - 13:30 H y 15:30 - 19:30 H | S: |Cerrado | D: |Cerrado,L: |08:30 - 13:30 H y 15:30 - 19:30 H | M: |08:30 - 13:30 H y 15:30 - 19:30 H | X: |08:30 - 13:30 H y 15:30 - 19:30 H | J: |08:30 - 13:30 H y 15:30 - 19:30 H | V: |08:30 - 13:30 H y 15:30 - 19:30 H | S: |Cerrado | D: |Cerrado,"36.00000,2.49204"
C151494,LEROY MERLIN LA POBLA VALLBONA,https://www.leroymerlin.es/,PARQUE AUTOVÍA DE ADEMUZ. CENTRO COMERCIAL EL OSITO,CENTRO COMERCIAL EL OSITO,46185,LA POBLA DE VALLBONA,VALENCIA,ES,+34962759901,,,,39.577515,-0.528589,478132,,regular_dealer,False,False,False,,,False,,,regular-dealer,L: |07:00 - 22:00 H | M: |07:00 - 22:00 H | X: |07:00 - 22:00 H | J: |07:00 - 22:00 H | V: |07:00 - 22:00 H | S: |08:00 - 22:00 H | D: |Cerrado,L: |07:00 - 22:00 H | M: |07:00 - 22:00 H | X: |07:00 - 22:00 H | J: |07:00 - 22:00 H | V: |07:00 - 22:00 H | S: |08:00 - 22:00 H | D: |Cerrado,"36.00000,2.49204"
C175878,BRICODEPOT (SAN ANTONIO DE BENAGEBAR),https://www.bricodepot.es,CENTRO COMERCIAL SAN ANTONIO. CARRETERA LLÍRICA CV-35. SALIDA 12,,46184,SAN ANTONIO DE BENAGÉBER,VALENCIA,ES,+34961352070,,,,39.491263,-0.688993,478371,,regular_dealer,False,False,False,,,False,,,regular-dealer,L: |07:30 - 21:00 H | M: |07:30 - 21:00 H | X: |07:30 - 21:00 H | J: |07:30 - 21:00 H | V: |07:30 - 21:00 H | S: |07:30 - 21:00 H | D: |Cerrado,L: |07:30 - 21:00 H | M: |07:30 - 21:00 H | X: |07:30 - 21:00 H | J: |07:30 - 21:00 H | V: |07:30 - 21:00 H | S: |07:30 - 21:00 H | D: |Cerrado,"36.00000,2.49204"
C073775,LEROY MERLIN ALBACETE,http://www.leroymerlin.es/,"AVENIDA ILUSTRACION, 51. CENTRO COMERCIAL IMAGINALIA",CENTRO COMERCIAL IMAGINALIA,02006,ALBACETE,ALBACETE,ES,+34967198300,,,,39.008738,-1.876795,510197,,regular_dealer,False,False,False,,,False,,,regular-dealer,L: |07:30 - 22:00 H | M: |07:30 - 22:00 H | X: |07:30 - 22:00 H | J: |07:30 - 22:00 H | V: |07:30 - 22:00 H | S: |07:30 - 22:00 H | D: |Cerrado,L: |07:30 - 22:00 H | M: |07:30 - 22:00 H | X: |07:30 - 22:00 H | J: |07:30 - 22:00 H | V: |07:30 - 22:00 H | S: |07:30 - 22:00 H | D: |Cerrado,"36.00000,2.49204"
C069500,COMERCIAL PLASENCIA,https://www.comercialplasencia.es/,"CARRETERA CACERES, S/N",,10600,PLASENCIA,CÁCERES,ES,+34927416974,info@comercialplasencia.es,,,40.042095,-6.083807,443596,,regular_dealer,True,True,False,,,False,,,expert-powertools; premium-partner; regular-dealer,,,"37.07797,-9.50000"
C175861,SALI SUMINISTROS,http://www.segopi.es/,"TALAYUELA, S/N",,10300,NAVALMORAL DE LA MATA,CÁCERES,ES,+34916105213,segopi@segopi.com,,,39.8956,-5.541938,465546,,regular_dealer,True,True,False,,,False,,,expert-powertools; premium-partner; regular-dealer,,,"37.07797,-9.50000"
C058464,ALMACENES RICARDO HERNANDEZ,,"AVENIDA ESPAÑA, 97-99",,37500,CIUDAD RODRIGO,SALAMANCA,ES,+34923460094,,,,40.605355,-6.532102,468854,,regular_dealer,True,False,False,,,False,,,premium-partner; regular-dealer,,,"37.07797,-9.50000"
C073804,LEROY MERLIN PLASENCIA (PUNTO DE RECOGIDA),https://www.leroymerlin.es/,"AVENIDA MARTIN PALOMINO, 67",,10600,PLASENCIA,CÁCERES,ES,+34927415663,,,,40.007362,-6.111039,439192,,regular_dealer,False,False,False,,,False,,,regular-dealer,L: |09:00 - 22:00 H | M: |09:00 - 22:00 H | X: |09:00 - 22:00 H | J: |09:00 - 22:00 H | V: |09:00 - 22:00 H | S: |09:00 - 22:00 H | D: |Cerrado,L: |09:00 - 22:00 H | M: |09:00 - 22:00 H | X: |09:00 - 22:00 H | J: |09:00 - 22:00 H | V: |09:00 - 22:00 H | S: |09:00 - 22:00 H | D: |Cerrado,"37.07797,-9.50000"
C058580,FERRETERIA PEDRO DURAN,https://ferreteriaduran.es/,"CARRETERA MADRID-LISBOA, 84",POLÍGONO INDUSTRIAL LOS URREAS,10300,NAVALMORAL DE LA MATA,MADRID,ES,+34927535538,navalmoral@pedroduran.org,,,39.897255,-5.539705,465811,,regular_dealer,False,False,False,,,False,,,regular-dealer,,,"37.07797,-9.50000"
C076847,AGROINDUSTRIAL VELASCO,https://www.agroindustrialvelasco.com/,"CUESTA DEL MOLINO, 32",,14500,PUENTE GENIL,CÓRDOBA,ES,+34957600060,info@agroindustrialvelasco.es,,,37.39279,-4.77033,69343,,regular_dealer,True,True,False,,,False,,,expert-powertools; premium-partner; regular-dealer,L: |08:00 - 14:00 H y 16:00 - 20:00 H | M: |08:00 - 14:00 H y 16:00 - 20:00 H | X: |08:00 - 14:00 H y 16:00 - 20:00 H | J: |08:00 - 14:00 H y 16:00 - 20:00 H | V: |08:00 - 14:00 H y 16:00 - 20:00 H | S: |09:00 - 13:30 H | D: |Cerrado,L: |08:00 - 14:00 H y 16:00 - 20:00 H | M: |08:00 - 14:00 H y 16:00 - 20:00 H | X: |08:00 - 14:00 H y 16:00 - 20:00 H | J: |08:00 - 14:00 H y 16:00 - 20:00 H | V: |08:00 - 14:00 H y 16:00 - 20:00 H | S: |09:00 - 13:30 H | D: |Cerrado,"37.07797,-5.44653"
C058918,SUMINISTROS SIERRA,http://www.ssierra.es,"JUAN BAUTISTA ESCUDERO, 262-A",POLÍGONO INDUSTRIAL QUEMADAS,14014,CÓRDOBA,CÓRDOBA,ES,+34957325602,comercial@ssierra.es,,,37.906514,-4.711183,112674,,regular_dealer,True,True,False,,,False,,,expert-powertools; premium-partner; regular-dealer,,,"37.07797,-5.44653"
C076848,FERRETERIA LA PAZ,,ANTIGUA NAVE GONZALEZ CABELLO,,14500,PUENTE GENIL,CÓRDOBA,ES,+34952240004,,,,37.391341,-4.765132,69660,,regular_dealer,True,False,False,,,False,,,premium-partner; regular-dealer,,,"37.07797,-5.44653"
C076851,FERRETERIA LINDE,,"PAPABELLOTAS, 15. POLÍGONO INDUSTRIAL ANTEQUERA",POLÍGONO INDUSTRIAL ANTEQUERA,29200,ANTEQUERA,MÁLAGA,ES,+34952841494,,,,37.03062,-4.532845,81247,,regular_dealer,False,False,False,,,False,,,regular-dealer,,,"37.07797,-5.44653"
C073772,LEROY MERLIN CÓRDOBA,https://www.leroymerlin.es/,"CARRETERA PALMA DEL RÍO A-431, KM. 4,5. CENTRO COMERCIAL LOS PATIOS DE AZAHARA",CENTRO COMERCIAL LOS PATIOS DE AZAHARA,14005,CÓRDOBA,CÓRDOBA,ES,+34957221400,,,,37.876644,-4.836888,103826,,regular_dealer,False,False,False,,,False,,,regular-dealer,L: |08:00 - 22:00 H | M: |08:00 - 22:00 H | X: |08:00 - 22:00 H | J: |08:00 - 22:00 H | V: |08:00 - 22:00 H | S: |08:00 - 22:00 H | D: |Cerrado,L: |08:00 - 22:00 H | M: |08:00 - 22:00 H | X: |08:00 - 22:00 H | J: |08:00 - 22:00 H | V: |08:00 - 22:00 H | S: |08:00 - 22:00 H | D: |Cerrado,"37.07797,-5.44653"
C058687,GRUPO UNAMACOR,http://www.grupounamacor.com,INGENIERO IRIBARREN S/N. POLÍGONO INDUSTRIAL LA TORRECILLA,POLÍGONO INDUSTRIAL LA TORRECILLA,14013,CÓRDOBA,CÓRDOBA,ES,+34957200623,pedidos@grupounamacor.com,,,37.848324,-4.793237,103252,,regular_dealer,False,False,False,,,False,,,regular-dealer,,,"37.07797,-5.44653"
C175908,OBRAMAT CORDOBA,https://www.obramat.es/,POLÍGONO INDUSTRIAL LA TORRECILLA. CALLE INGENIERO JUAN DE LA CIERVA S/N,,14013,CÓRDOBA,CÓRDOBA,ES,+34957196476,,,,37.856654,-4.789481,104204,,regular_dealer,False,False,False,,,False,,,regular-dealer,L: |07:00 - 22:00 H | M: |07:00 - 22:00 H | X: |07:00 - 22:00 H | J: |07:00 - 22:00 H | V: |07:00 - 22:00 H | S: |07:30 - 22:00 H | D: |09:00 - 15:00 H,L: |07:00 - 22:00 H | M: |07:00 - 22:00 H | X: |07:00 - 22:00 H | J: |07:00 - 22:00 H | V: |07:00 - 22:00 H | S: |07:30 - 22:00 H | D: |09:00 - 15:00 H,"37.07797,-5.44653"
C068998,SUMINISTROS INDUSTRIALES TEYMO,https://www.teymo.com/,"LOS TORILES, S/N. POLÍGONO INDUSTRIAL SIERRA ELVIRA",POLÍGONO INDUSTRIAL SIERRA ELVIRA,18230,GRANADA,GRANADA,ES,+34958439876,granada@teymo.com,,,37.231267,-3.724587,37017,,regular_dealer,True,True,False,,,False,,,expert-powertools; premium-partner; regular-dealer,,,"37.07797,-4.09538"
C058830,PEREZ LÁZARO PADUL,https://www.perezlazaro.com/,"CARRETERA NACIONAL BAILEN-MOTRIL, KM 149",,18640,PADUL,GRANADA,ES,+34958790055,info@perezlazaro.com,,,37.048049,-3.647987,39834,50,ONLINE_PURE_PLAYER; TRADITIONAL_TRADE; regular_dealer,True,True,False,DELIVERY_TO_CONSTRUCTION; HOME_DELIVERY; NORMAL; PICKUP,BANK_TRANSFER; CASH; CREDITCARD; DEBIT; INVOICE; VISA,False,,company.b2b; company.b2c,construction; expert-powertools; offline-traditional-trade; premium-partner; regular-dealer,L: |09:00 - 14:00 H y 15:00 - 20:00 H | M: |09:00 - 14:00 H y 15:00 - 20:00 H | X: |09:00 - 14:00 H y 15:00 - 20:00 H | J: |09:00 - 14:00 H y 15:00 - 20:00 H | V: |09:00 - 14:00 H y 15:00 - 20:00 H | S: |09:00 - 14:00 H | D: |Cerrado,L: |09:00 - 14:00 H y 15:00 - 20:00 H | M: |09:00 - 14:00 H y 15:00 - 20:00 H | X: |09:00 - 14:00 H y 15:00 - 20:00 H | J: |09:00 - 14:00 H y 15:00 - 20:00 H | V: |09:00 - 14:00 H y 15:00 - 20:00 H | S: |09:00 - 14:00 H | D: |Cerrado,"37.07797,-4.09538"
C084210,PEREZ LÁZARO CENES,https://www.perezlazaro.com/,"AVENIDA SIERRA NEVADA, 44",,18190,CENES DE LA VEGA,GRANADA,ES,+34958486562,ferreteriacenes@perezlazaro.com,,,37.15973,-3.54034,50042,,regular_dealer,True,True,False,,,False,,,expert-powertools; premium-partner; regular-dealer,L: |09:00 - 14:00 H y 15:00 - 20:00 H | M: |09:00 - 14:00 H y 15:00 - 20:00 H | X: |09:00 - 14:00 H y 15:00 - 20:00 H | J: |09:00 - 14:00 H y 15:00 - 20:00 H | V: |09:00 - 14:00 H y 15:00 - 20:00 H | S: |09:00 - 14:00 H | D: |Cerrado,L: |09:00 - 14:00 H y 15:00 - 20:00 H | M: |09:00 - 14:00 H y 15:00 - 20:00 H | X: |09:00 - 14:00 H y 15:00 - 20:00 H | J: |09:00 - 14:00 H y 15:00 - 20:00 H | V: |09:00 - 14:00 H y 15:00 - 20:00 H | S: |09:00 - 14:00 H | D: |Cerrado,"37.07797,-4.09538"
C058689,GUILLERMO GARCIA MUÑOZ,http://www.ggm.es/,"CARRETERA DE MADRID, KM 322",,23009,JAEN,JAEN,ES,+34953297900,correo@ggm.es,,,37.791976,-3.780796,84108,,regular_dealer,True,True,False,,,False,,,expert-powertools; premium-partner; regular-dealer,,,"37.07797,-4.09538"
C058555,DISTRIBUIDORA INDUSTRIAL SIDEROMETALURGICA,,"MANCHA REAL, 14",POLÍGONO INDUSTRIAL LOS OLIVARES,23009,JAÉN,JAÉN,ES,+34953280990,,,,37.801117,-3.781612,85044,,regular_dealer,True,True,False,,,False,,,expert-powertools; premium-partner; regular-dealer,,,"37.07797,-4.09538"
C075800,LEROY MERLIN GRANADA ARMILLA,https://www.leroymerlin.es/,"AVENIDA DE LAS PALMERAS, S/N. CARRETERA GRANADA-ARMILLA, S/N. CENTRO COMERCIAL NEVADA SHOPPING",CENTRO COMERCIAL NEVADA SHOPPING,18100,ARMILLA,GRANADA,ES,+34958181050,,,,37.146837,-3.612923,43458,,regular_dealer,False,False,False,,,False,,,regular-dealer,L: |09:00 - 22:00 H | M: |09:00 - 22:00 H | X: |09:00 - 22:00 H | J: |09:00 - 22:00 H | V: |09:00 - 22:00 H | S: |09:00 - 22:00 H | D: |Cerrado,L: |09:00 - 22:00 H | M: |09:00 - 22:00 H | X: |09:00 - 22:00 H | J: |09:00 - 22:00 H | V: |09:00 - 22:00 H | S: |09:00 - 22:00 H | D: |Cerrado,"37.07797,-4.09538"
C058846,FERRETERIA SCOA,https://www.ferreteriascoa.com/,"AVENIDA JAEN, 14",,18210,PELIGROS,GRANADA,ES,+34958400361,jm_cobo@ferreteriascoa.com,,,37.225212,-3.62596,44706,,regular_dealer,False,False,False,,,False,,,regular-dealer,L: |07:00 - 13:30 H y 16:00 - 18:30 H | M: |07:00 - 13:30 H y 16:00 - 18:30 H | X: |07:00 - 13:30 H y 16:00 - 18:30 H | J: |07:00 - 13:30 H y 16:00 - 18:30 H | V: |07:00 - 13:30 H y 16:00 - 18:30 H | S: |08:00 - 12:30 H | D: |Cerrado,L: |07:00 - 13:30 H y 16:00 - 18:30 H | M: |07:00 - 13:30 H y 16:00 - 18:30 H | X: |07:00 - 13:30 H y 16:00 - 18:30 H | J: |07:00 - 13:30 H y 16:00 - 18:30 H | V: |07:00 - 13:30 H y 16:00 - 18:30 H | S: |08:00 - 12:30 H | D: |Cerrado,"37.07797,-4.09538"
C175890,"BRICODEPOT (PULIANAS, GRANADA)",https://www.bricodepot.es,CARRETERA DE JAÉN A-44 SALIDA 123. VIA DE SERVICIO,,18197,GRANADA,GRANADA,ES,+34958412587,,,,37.199575,-3.612905,44851,,regular_dealer,False,False,False,,,False,,,regular-dealer,L: |07:00 - 21:30 H | M: |07:00 - 21:30 H | X: |07:00 - 21:30 H | J: |07:00 - 21:30 H | V: |07:00 - 21:30 H | S: |07:00 - 21:30 H | D: |Cerrado,L: |07:00 - 21:30 H | M: |07:00 - 21:30 H | X: |07:00 - 21:30 H | J: |07:00 - 21:30 H | V: |07:00 - 21:30 H | S: |07:00 - 21:30 H | D: |Cerrado,"37.07797,-4.09538"
C175855,PRODUCTOS 2014 NFC (KEROPPA),https://www.keroppa.com/es,CARRETERA DE LA SIERRA 46 LOCAL 4,,18008,GRANADA,GRANADA,ES,,comunicacion@keroppa.com,,,37.165733,-3.582975,46464,,regular_dealer,False,False,False,,,False,,,regular-dealer,,,"37.07797,-4.09538"
C069561,LEROY MERLIN JAÉN,https://www.leroymerlin.es/,"CAMPUS DE LAS LAGUNILLAS, S/N. CENTRO COMERCIAL JAÉN PLAZA",CENTRO COMERCIAL JAÉN PLAZA,23009,JAÉN,JAÉN,ES,+34953299060,,,,37.779594,-3.784906,82689,,regular_dealer,False,False,False,,,False,,,regular-dealer,L: |09:00 - 22:00 H | M: |09:00 - 22:00 H | X: |09:00 - 22:00 H | J: |09:00 - 22:00 H | V: |09:00 - 22:00 H | S: |09:00 - 22:00 H | D: |Cerrado,L: |09:00 - 22:00 H | M: |09:00 - 22:00 H | X: |09:00 - 22:00 H | J: |09:00 - 22:00 H | V: |09:00 - 22:00 H | S: |09:00 - 22:00 H | D: |Cerrado,"37.07797,-4.09538"
C068983,"BOBINADOS Y REPARACIONES ELECTROMECÁNICAS. GARCIA, MURCIA Y ROMERO (TALLER DE ASISTENCIA TÉCNICA)",https://www.bobinadosyreparacionesgmr.com/,"CAZALILLA PARCELA, 13",POLIGONO INDUSTRIAL LOS OLIVARES,23009,JAÉN,JAÉN,ES,+34953233944,bobinadosyreparacionesgmr@gmail.com,,,37.796496,-3.787948,84377,,regular_dealer,False,False,False,,,False,,,regular-dealer; service-center; service-partner,,,"37.07797,-4.09538"
C058955,ZAFRA SUR,,"CARRETERA UBEDA-MÁLAGA, 37",,23100,MANCHA REAL,JAÉN,ES,+34953351693,info@utile.es,,,37.803365,-3.638738,90169,,regular_dealer,False,False,False,,,False,,,regular-dealer,,,"37.07797,-4.09538"
C069002,ALBERTA TOOLS,,"CARRETERA UBEDA-MÁLAGA, 37",,23100,MANCHA REAL,JAÉN,ES,+34953351693,info@albertatools.es,,,37.806082,-3.61434,91420,,regular_dealer,False,False,False,,,False,,,regular-dealer,,,"37.07797,-4.09538"
C065197,DYRECO PALMA,http://www.dyreco.com,"CARRER GREMI DE TINTORERS, 33","CALLE DE LA NOGUERA, 10",07009,PALMA DE MALLORCA,MALLORCA,ES,+34971270687,info@dyreco.com,,,39.608576,2.672105,304648,,regular_dealer,True,True,False,,,False,,,expert-powertools; premium-partner; regular-dealer,L: |08:00 - 18:00 H | M: |08:00 - 18:00 H | X: |08:00 - 18:00 H | J: |08:00 - 18:00 H | V: |08:00 - 18:00 H | S: |Cerrado | D: |Cerrado,L: |08:00 - 18:00 H | M: |08:00 - 18:00 H | X: |08:00 - 18:00 H | J: |08:00 - 18:00 H | V: |08:00 - 18:00 H | S: |Cerrado | D: |Cerrado,"37.07797,4.01156"
C065123,BRICOBALEARS,,"DOFI, 4",,07410,PUERTO ALCUDIA,MALLORCA,ES,+34971545957,,,,39.84326,3.13222,316854,,regular_dealer,True,True,False,,,False,,,expert-powertools; premium-partner; regular-dealer,L: |08:30 - 13:30 H y 15:30 - 19:00 H | M: |08:30 - 13:30 H y 15:30 - 19:00 H | X: |08:30 - 13:30 H y 15:30 - 19:00 H | J: |08:30 - 13:30 H y 15:30 - 19:00 H | V: |08:30 - 13:30 H y 15:30 - 19:00 H | S: |08:30 - 13:00 h | D: |Cerrado,L: |08:30 - 13:30 H y 15:30 - 19:00 H | M: |08:30 - 13:30 H y 15:30 - 19:00 H | X: |08:30 - 13:30 H y 15:30 - 19:00 H | J: |08:30 - 13:30 H y 15:30 - 19:00 H | V: |08:30 - 13:30 H y 15:30 - 19:00 H | S: |08:30 - 13:00 h | D: |Cerrado,"37.07797,4.01156"
C058475,ÁLVARO ALBALAT,https://www.bigmat.es/es/s/almacenes-de-construccion/castell%C3%93n/bigmat-albalat_vinaros-4135,"AVENIDA DE ZARAGOZA, S/N",,12500,VINAROS,CASTELLÓN,ES,+34964400200,aalbalat@bigmat.es,,,40.472487,0.460666,486938,,regular_dealer,True,True,False,,,False,,,expert-powertools; premium-partner; regular-dealer,L: |08:00 - 13:00 H y 14:30 - 19:30 H | M: |08:00 - 13:00 H y 14:30 - 19:30 H | X: |08:00 - 13:00 H y 14:30 - 19:30 H | J: |08:00 - 13:00 H y 14:30 - 19:30 H | V: |08:00 - 13:00 H y 14:30 - 19:30 H | S: |08:00 - 13:00 H | D: |Cerrado,L: |08:00 - 13:00 H y 14:30 - 19:30 H | M: |08:00 - 13:00 H y 14:30 - 19:30 H | X: |08:00 - 13:00 H y 14:30 - 19:30 H | J: |08:00 - 13:00 H y 14:30 - 19:30 H | V: |08:00 - 13:00 H y 14:30 - 19:30 H | S: |08:00 - 13:00 H | D: |Cerrado,"37.07797,4.01156"
C024416,TALLERES SAMPORT,https://www.samport.es/,"CARRER LES HERBES, 12",POLIGONO INDUSTRIAL LOS CIPRESES ,12006,CASTELLÓN,CASTELLÓN,ES,+34964251194,taller@samport.es,,,39.9748,-0.050256,478001,50,ONLINE_PURE_PLAYER; TRADITIONAL_TRADE; regular_dealer,True,True,False,EXPRESS; HOME_DELIVERY; NORMAL,BANK_TRANSFER; CASH; CREDITCARD; DEBIT; EC_CARD,False,,company.b2c; misc.waitingarea; misc.wifi,expert-powertools; express; offline-traditional-trade; premium-partner; regular-dealer,L: |08:00 - 19:30 H | M: |08:00 - 19:30 H | X: |08:00 - 19:30 H | J: |08:00 - 19:30 H | V: |08:00 - 19:30 H | S: |Cerrado | D: |Cerrado,L: |08:00 - 19:30 H | M: |08:00 - 19:30 H | X: |08:00 - 19:30 H | J: |08:00 - 19:30 H | V: |08:00 - 19:30 H | S: |Cerrado | D: |Cerrado,"37.07797,4.01156"
C058796,METALCO CASTELLON,https://prolians.es/,"CUADRA LAIRON, S/N",POLIGONO INDUSTRIAL PULLMAN,12006,CASTELLÓN,CASTELLÓN,ES,+34964341030,tcastellon@prolians.es,,,39.971304,-0.055717,478096,,TRADITIONAL_TRADE; regular_dealer,True,True,False,,,False,,,expert-powertools; offline-traditional-trade; premium-partner; regular-dealer,,,"37.07797,4.01156"
C076919,APALLISER SANT LLUÍS,http://www.apalliser.com,"BINIARROCA, 23",,07710,SANT LLUÍS,ISLAS BALEARES,ES,+34971151953,pedidos@apalliser.com,,,39.859179,4.261254,310004,,regular_dealer,True,False,False,,,False,,,premium-partner; regular-dealer,L: |07:00 - 13:00 H y 14:30 - 17:30 H | M: |07:00 - 13:00 H y 14:30 - 17:30 H | X: |07:00 - 13:00 H y 14:30 - 17:30 H | J: |07:00 - 13:00 H y 14:30 - 17:30 H | V: |07:00 - 13:00 H y 14:30 - 17:30 H | S: |Cerrado | D: |Cerrado,L: |07:00 - 13:00 H y 14:30 - 17:30 H | M: |07:00 - 13:00 H y 14:30 - 17:30 H | X: |07:00 - 13:00 H y 14:30 - 17:30 H | J: |07:00 - 13:00 H y 14:30 - 17:30 H | V: |07:00 - 13:00 H y 14:30 - 17:30 H | S: |Cerrado | D: |Cerrado,"37.07797,4.01156"
C076920,APALLISER ALAIOR,http://www.apalliser.com,"PLA DE SA SINIA, 6",,07730,ALAIOR,ISLAS BALEARES,ES,+34971371141,pedidos@apalliser.com,,,39.877588,4.290081,312230,,regular_dealer,True,False,False,,,False,,,premium-partner; regular-dealer,L: |07:00 - 13:00 H y 14:30 - 17:30 H | M: |07:00 - 13:00 H y 14:30 - 17:30 H | X: |07:00 - 13:00 H y 14:30 - 17:30 H | J: |07:00 - 13:00 H y 14:30 - 17:30 H | V: |07:00 - 13:00 H y 14:30 - 17:30 H | S: |Cerrado | D: |Cerrado,L: |07:00 - 13:00 H y 14:30 - 17:30 H | M: |07:00 - 13:00 H y 14:30 - 17:30 H | X: |07:00 - 13:00 H y 14:30 - 17:30 H | J: |07:00 - 13:00 H y 14:30 - 17:30 H | V: |07:00 - 13:00 H y 14:30 - 17:30 H | S: |Cerrado | D: |Cerrado,"37.07797,4.01156"
C076918,APALLISER (FONTANERÍA Y ELECTRICIDAD),http://www.apalliser.com,"BAJOLÍ, 10",,07714,MAHÓN,ISLAS BALEARES,ES,+34971357300,pedidos@apalliser.com,,,39.887052,4.247995,313017,,regular_dealer,True,False,False,,,False,,,premium-partner; regular-dealer,L: |07:00 - 13:00 H y 14:30 - 17:30 H | M: |07:00 - 13:00 H y 14:30 - 17:30 H | X: |07:00 - 13:00 H y 14:30 - 17:30 H | J: |07:00 - 13:00 H y 14:30 - 17:30 H | V: |07:00 - 13:00 H y 14:30 - 17:30 H | S: |Cerrado | D: |Cerrado,L: |07:00 - 13:00 H y 14:30 - 17:30 H | M: |07:00 - 13:00 H y 14:30 - 17:30 H | X: |07:00 - 13:00 H y 14:30 - 17:30 H | J: |07:00 - 13:00 H y 14:30 - 17:30 H | V: |07:00 - 13:00 H y 14:30 - 17:30 H | S: |Cerrado | D: |Cerrado,"37.07797,4.01156"
C058445,APALLISER (MATERIALES PARA LA CONSTRUCCIÓN),http://www.apalliser.com,"AVENIDA DES CAP DE CAVALLERÍA, 1",,07714,MAHÓN,ISLAS BALEARES,ES,+34971357300,pedidos@apalliser.com,,,39.889015,4.251464,313255,,regular_dealer,True,False,False,,,False,,,premium-partner; regular-dealer,L: |07:00 - 13:00 H y 14:30 - 17:30 H | M: |07:00 - 13:00 H y 14:30 - 17:30 H | X: |07:00 - 13:00 H y 14:30 - 17:30 H | J: |07:00 - 13:00 H y 14:30 - 17:30 H | V: |07:00 - 13:00 H y 14:30 - 17:30 H | S: |Cerrado | D: |Cerrado,L: |07:00 - 13:00 H y 14:30 - 17:30 H | M: |07:00 - 13:00 H y 14:30 - 17:30 H | X: |07:00 - 13:00 H y 14:30 - 17:30 H | J: |07:00 - 13:00 H y 14:30 - 17:30 H | V: |07:00 - 13:00 H y 14:30 - 17:30 H | S: |Cerrado | D: |Cerrado,"37.07797,4.01156"
C076922,APALLISER FERRERIES,http://www.apalliser.com,"TRENCADORS, 4",,07750,FERRERIES,ISLAS BALEARES,ES,+34971157413,pedidos@apalliser.com,,,39.986623,4.020113,323412,,regular_dealer,True,False,False,,,False,,,premium-partner; regular-dealer,L: |07:00 - 13:00 H y 14:30 - 17:30 H | M: |07:00 - 13:00 H y 14:30 - 17:30 H | X: |07:00 - 13:00 H y 14:30 - 17:30 H | J: |07:00 - 13:00 H y 14:30 - 17:30 H | V: |07:00 - 13:00 H y 14:30 - 17:30 H | S: |Cerrado | D: |Cerrado,L: |07:00 - 13:00 H y 14:30 - 17:30 H | M: |07:00 - 13:00 H y 14:30 - 17:30 H | X: |07:00 - 13:00 H y 14:30 - 17:30 H | J: |07:00 - 13:00 H y 14:30 - 17:30 H | V: |07:00 - 13:00 H y 14:30 - 17:30 H | S: |Cerrado | D: |Cerrado,"37.07797,4.01156"
C076921,APALLISER MERCADAL,http://www.apalliser.com,"DOCTOR LLANSÓ, 54",,07740,MERCADAL,ISLAS BALEARES,ES,+34971154444,pedidos@apalliser.com,,,39.990232,4.093913,323892,,regular_dealer,True,False,False,,,False,,,premium-partner; regular-dealer,L: |07:00 - 13:00 H y 14:30 - 17:30 H | M: |07:00 - 13:00 H y 14:30 - 17:30 H | X: |07:00 - 13:00 H y 14:30 - 17:30 H | J: |07:00 - 13:00 H y 14:30 - 17:30 H | V: |07:00 - 13:00 H y 14:30 - 17:30 H | S: |Cerrado | D: |Cerrado,L: |07:00 - 13:00 H y 14:30 - 17:30 H | M: |07:00 - 13:00 H y 14:30 - 17:30 H | X: |07:00 - 13:00 H y 14:30 - 17:30 H | J: |07:00 - 13:00 H y 14:30 - 17:30 H | V: |07:00 - 13:00 H y 14:30 - 17:30 H | S: |Cerrado | D: |Cerrado,"37.07797,4.01156"
C175832,COMERCIAL CAULES,https://www.caules.es/,"CARRER DE SES QUATRE BOQUES, 7",,7714,MAO,MENORCA,ES,+34971365780 ,pedidos@comercialcaules.com,,,39.889967,4.24821,313342,,regular_dealer,False,False,False,,,False,,,regular-dealer,L: |07:00 - 18:00 H | M: |07:00 - 18:00 H | X: |07:00 - 18:00 H | J: |07:00 - 18:00 H | V: |07:00 - 18:00 H | S: |10:00 - 12:00 H | D: |Cerrado,L: |07:00 - 18:00 H | M: |07:00 - 18:00 H | X: |07:00 - 18:00 H | J: |07:00 - 18:00 H | V: |07:00 - 18:00 H | S: |10:00 - 12:00 H | D: |Cerrado,"37.07797,4.01156"
C038958,BAUHAUS MARRATXI (MALLORCA),,"ANTONIO PLANAS JUAN, 1",,07141,MARRATXI,MALLORCA,ES,+34971664928,mallorca@bauhaus.es,,,39.627455,2.731704,304641,,TRADITIONAL_TRADE; regular_dealer,False,False,False,,,False,,,offline-traditional-trade; regular-dealer,L: |07:00 - 22:00 H | M: |07:00 - 22:00 H | X: |07:00 - 22:00 H | J: |07:00 - 22:00 H | V: |07:00 - 22:00 H | S: |07:00 - 22:00 H | D: |Cerrado,L: |07:00 - 22:00 H | M: |07:00 - 22:00 H | X: |07:00 - 22:00 H | J: |07:00 - 22:00 H | V: |07:00 - 22:00 H | S: |07:00 - 22:00 H | D: |Cerrado,"37.07797,4.01156"
C175857,FRANCISCO RAFAEL TORDILLO GONZALEZ,https://www.maquinariabalear.com/,CAMINO 140 Nº25-B,,7120,SON SARDINA,ISLAS BALEARES,ES,+34971439366,info@maquinariabalear.com,,,39.624631,2.669905,306366,,regular_dealer,False,False,False,,,False,,,regular-dealer,L: |08:00 - 16:00 H | M: |08:00 - 16:00 H | X: |08:00 - 16:00 H | J: |08:00 - 16:00 H | V: |08:00 - 16:00 H | S: |Cerrado | D: |Cerrado,L: |08:00 - 16:00 H | M: |08:00 - 16:00 H | X: |08:00 - 16:00 H | J: |08:00 - 16:00 H | V: |08:00 - 16:00 H | S: |Cerrado | D: |Cerrado,"37.07797,4.01156"
C084221,FERRETERIA EINES,https://www.ferreteriaeines.net/,"TEULERS, 10",,7750,FERRERIES,MENORCA,ES,+34971374134,eines@ferreteriaeines.com,,,39.988031,4.022619,323569,,TRADITIONAL_TRADE; regular_dealer,False,False,False,DELIVERY_TO_CONSTRUCTION; HOME_DELIVERY; NORMAL; PICKUP,BANK_TRANSFER; CASH; CREDITCARD; DEBIT; INVOICE; VISA,False,,company.b2b; company.b2c,construction; offline-traditional-trade; regular-dealer,L: |09:00 - 13:00 H y 17:00 - 20:00 H | M: |09:00 - 13:00 H y 17:00 - 20:00 H | X: |09:00 - 13:00 H y 17:00 - 20:00 H | J: |09:00 - 13:00 H y 17:00 - 20:00 H | V: |09:00 - 13:00 H y 17:00 - 20:00 H | S: |09:00 - 13:00 H | D: |Cerrado,L: |09:00 - 13:00 H y 17:00 - 20:00 H | M: |09:00 - 13:00 H y 17:00 - 20:00 H | X: |09:00 - 13:00 H y 17:00 - 20:00 H | J: |09:00 - 13:00 H y 17:00 - 20:00 H | V: |09:00 - 13:00 H y 17:00 - 20:00 H | S: |09:00 - 13:00 H | D: |Cerrado,"37.07797,4.01156"
C084223,CUXACH,https://cuxach.com/,"CARRETERA DE PALMA A PUERTO POLLENÇA, ZONA-VI",,7460,POLLENÇA,MALLORCA,ES,+34971531066,,,,39.896819,3.049796,324405,,regular_dealer,False,False,False,,,False,,,regular-dealer,L: |08:00 - 13:30 H y 15:30 - 18:00 H | M: |08:00 - 13:30 H y 15:30 - 18:00 H | X: |08:00 - 13:30 H y 15:30 - 18:00 H | J: |08:00 - 13:30 H y 15:30 - 18:00 H | V: |08:00 - 13:30 H y 15:30 - 18:00 H | S: |Cerrado | D: |Cerrado,L: |08:00 - 13:30 H y 15:30 - 18:00 H | M: |08:00 - 13:30 H y 15:30 - 18:00 H | X: |08:00 - 13:30 H y 15:30 - 18:00 H | J: |08:00 - 13:30 H y 15:30 - 18:00 H | V: |08:00 - 13:30 H y 15:30 - 18:00 H | S: |Cerrado | D: |Cerrado,"37.07797,4.01156"
C075802,LEROY MERLIN VINAROS (COMPACT),https://www.leroymerlin.es/,"CARRETERA N.340 VALENCIA - BARCELONA, S/N",,12500,VINAROS,CASTELLÓN,ES,+34964401530,,,,40.492939,0.484746,487364,,regular_dealer,False,False,False,,,False,,,regular-dealer,L: |08:00 - 22:00 H | M: |08:00 - 22:00 H | X: |08:00 - 22:00 H | J: |08:00 - 22:00 H | V: |08:00 - 22:00 H | S: |09:00 - 22:00 H | D: |Cerrado,L: |08:00 - 22:00 H | M: |08:00 - 22:00 H | X: |08:00 - 22:00 H | J: |08:00 - 22:00 H | V: |08:00 - 22:00 H | S: |09:00 - 22:00 H | D: |Cerrado,"37.07797,4.01156"
C092849,SUMINISTROS INDUSTRIALES FERREVERA,,"BLAS INFANTE. CARRETERA NACIONAL N340, KM 1",,4620,VERA,ALMERÍA,ES,+34950390004,,,,40.625769,0.577711,493893,,regular_dealer,False,False,False,,,False,,,regular-dealer,L: |08:30 - 13:30 H y 16:00 - 19:30 H | M: |08:30 - 13:30 H y 16:00 - 19:30 H | X: |08:30 - 13:30 H y 16:00 - 19:30 H | J: |08:30 - 13:30 H y 16:00 - 19:30 H | V: |08:30 - 13:30 H y 16:00 - 19:30 H | S: |09:00 - 13:30 H | D: |Cerrado,L: |08:30 - 13:30 H y 16:00 - 19:30 H | M: |08:30 - 13:30 H y 16:00 - 19:30 H | X: |08:30 - 13:30 H y 16:00 - 19:30 H | J: |08:30 - 13:30 H y 16:00 - 19:30 H | V: |08:30 - 13:30 H y 16:00 - 19:30 H | S: |09:00 - 13:30 H | D: |Cerrado,"37.07797,4.01156"
C001588,OBRAMAT CASTELLÓN,https://www.obramat.es/,"RONDA CIRCUNVALACIÓN, 8",,12005,CASTELLÓN DE LA PLANA,CASTELLÓN,ES,+34964246969,info.castellon@obramat.es,,,39.969832,-0.053221,477828,,DIY; regular_dealer,False,False,False,,,False,,,diy; regular-dealer,L: |07:00 - 21:30 H | M: |07:00 - 21:30 H | X: |07:00 - 21:30 H | J: |07:00 - 21:30 H | V: |07:00 - 21:30 H | S: |07:00 - 22:00 H | D: |Cerrado,L: |07:00 - 21:30 H | M: |07:00 - 21:30 H | X: |07:00 - 21:30 H | J: |07:00 - 21:30 H | V: |07:00 - 21:30 H | S: |07:00 - 22:00 H | D: |Cerrado,"37.07797,4.01156"
C076820,LEROY MERLIN CASTELLÓN,https://www.leroymerlin.es/,"AVENIDA ENRIQUE GIMENO, 101",,12006,CASTELLÓN,CASTELLÓN,ES,+34964715200,,,,39.974577,-0.061859,478730,,regular_dealer,False,False,False,,,False,,,regular-dealer,L: |07:00 - 22:00 H | M: |07:00 - 22:00 H | X: |07:00 - 22:00 H | J: |07:00 - 22:00 H | V: |07:00 - 22:00 H | S: |07:00 - 22:00 H | D: |Cerrado,L: |07:00 - 22:00 H | M: |07:00 - 22:00 H | X: |07:00 - 22:00 H | J: |07:00 - 22:00 H | V: |07:00 - 22:00 H | S: |07:00 - 22:00 H | D: |Cerrado,"37.07797,4.01156"
C076904,LEROY MERLIN SAGUNTO,https://www.leroymerlin.es/,"CAMI DEL ROLLS, S/N. CENTRO ​C​OMERCIAL VIDANOVA PARC",,46500,SAGUNTO,VALENCIA,ES,+34963929100,,,,39.670622,-0.265407,471174,,regular_dealer,False,False,False,,,False,,,regular-dealer,L: |08:00 - 22:00 H | M: |08:00 - 22:00 H | X: |08:00 - 22:00 H | J: |08:00 - 22:00 H | V: |08:00 - 22:00 H | S: |08:00 - 22:00 H | D: |Cerrado,L: |08:00 - 22:00 H | M: |08:00 - 22:00 H | X: |08:00 - 22:00 H | J: |08:00 - 22:00 H | V: |08:00 - 22:00 H | S: |08:00 - 22:00 H | D: |Cerrado,"37.07797,4.01156"
C076863,PRODHE 3000,,"AVENDIA ESPAÑA, 1. POLÍGONO INDUSTRIAL EL PONT",POLÍGONO INDUSTRIAL EL PONT,12180,CABANES,CASTELLÓN,ES,+34964331616,prodhe@prodhe.com,,,40.147068,0.034294,485548,,regular_dealer,False,False,False,,,False,,,regular-dealer,,,"37.07797,4.01156"
C084236,COMERCIAL METABOS,https://todobosch.es,"AVENIDA CARBAJOSA, PARCELA 167-B. POLÍGONO INDUSTRIAL MONTALVO",,37008,SALAMANCA,SALAMANCA,ES,+34923195109,metabos@metabos.com,,,40.946076,-5.655972,452519,,TRADITIONAL_TRADE; regular_dealer,True,True,False,,,False,,,expert-powertools; offline-traditional-trade; premium-partner; regular-dealer,L: |08:00 - 14:00 H y 15:30 - 20:00 H | M: |08:00 - 14:00 H y 15:30 - 20:00 H | X: |08:00 - 14:00 H y 15:30 - 20:00 H | J: |08:00 - 14:00 H y 15:30 - 20:00 H | V: |08:00 - 14:00 H y 15:30 - 20:00 H | S: |09:30 - 12:15 H | D: |Cerrado,L: |08:00 - 14:00 H y 15:30 - 20:00 H | M: |08:00 - 14:00 H y 15:30 - 20:00 H | X: |08:00 - 14:00 H y 15:30 - 20:00 H | J: |08:00 - 14:00 H y 15:30 - 20:00 H | V: |08:00 - 14:00 H y 15:30 - 20:00 H | S: |09:30 - 12:15 H | D: |Cerrado,"38.15595,-9.50000"
C024766,COMERCIAL METABOS,https://todobosch.es,"AVENIDA FEDERICO ANAYA, 47",,37005,SALAMANCA,,ES,+34923233030,metabos@metabos.com,,,40.976995,-5.654394,454926,,BUILDING_CONSTRUCTION; DIY; ONLINE_PURE_PLAYER; TRADITIONAL_TRADE; regular_dealer,True,True,False,DELIVERY_TO_CONSTRUCTION; EXPRESS; HOME_DELIVERY; NORMAL; PICKUP,CASH; CREDITCARD; DEBIT; MOBILE,False,,company.b2b; company.b2c,construction; diy; expert-powertools; express; offline-traditional-trade; premium-partner; regular-dealer,L: |08:00 - 14:00 H y 15:30 - 20:30 H | M: |08:00 - 14:00 H y 15:30 - 20:30 H | X: |08:00 - 14:00 H y 15:30 - 20:30 H | J: |08:00 - 14:00 H y 15:30 - 20:30 H | V: |08:00 - 14:00 H y 15:30 - 20:30 H | S: |09:00 - 13:00 H | D: |Cerrado,L: |08:00 - 14:00 H y 15:30 - 20:30 H | M: |08:00 - 14:00 H y 15:30 - 20:30 H | X: |08:00 - 14:00 H y 15:30 - 20:30 H | J: |08:00 - 14:00 H y 15:30 - 20:30 H | V: |08:00 - 14:00 H y 15:30 - 20:30 H | S: |09:00 - 13:00 H | D: |Cerrado,"38.15595,-9.50000"
C250984,FERRETERIA GOYO E HIJOS,https://goyoehijos.eu/,PASEO DE LA ESTACION 139-141,,37004,SALAMANCA,SALAMANCA,ES,+34923240363,goyoehijos@goyoehijos.es,,,40.973003,-5.647908,455030,,regular_dealer,True,True,False,,,False,,,expert-powertools; premium-partner; regular-dealer,,,"38.15595,-9.50000"
C084765,COMERCIAL METABOS,https://todobosch.es,"CALZADA DE TORO, 28. CALZADA DE TORO, 28. POLÍGONO INDUSTRIAL VILLARES",,37184,VILLARES DE LA REINA,SALAMANCA,ES,+34923204647,metabos@metabos.com,,,40.991304,-5.643362,456682,,TRADITIONAL_TRADE; regular_dealer,True,True,False,,,False,,,expert-powertools; offline-traditional-trade; premium-partner; regular-dealer,L: |08:00 - 14:00 H y 16:00 - 20:00 H | M: |08:00 - 14:00 H y 16:00 - 20:00 H | X: |08:00 - 14:00 H y 16:00 - 20:00 H | J: |08:00 - 14:00 H y 16:00 - 20:00 H | V: |08:00 - 14:00 H y 16:00 - 20:00 H | S: |09:30 - 13:00 H | D: |Cerrado,L: |08:00 - 14:00 H y 16:00 - 20:00 H | M: |08:00 - 14:00 H y 16:00 - 20:00 H | X: |08:00 - 14:00 H y 16:00 - 20:00 H | J: |08:00 - 14:00 H y 16:00 - 20:00 H | V: |08:00 - 14:00 H y 16:00 - 20:00 H | S: |09:30 - 13:00 H | D: |Cerrado,"38.15595,-9.50000"
C069542,LEROY MERLIN SALAMANCA,https://www.leroymerlin.es/,"CARRETERA N-501, KM. 2. CENTRO COMERCIAL CAPUCHINOS",CENTRO COMERCIAL CAPUCHINOS,37900,SANTA MARTA DE TORMES,SALAMANCA,ES,+34923284409,,,,40.94937,-5.65087,453083,,regular_dealer,False,False,False,,,False,,,regular-dealer,L: |07:30 - 22:00 H | M: |07:30 - 22:00 H | X: |07:30 - 22:00 H | J: |07:30 - 22:00 H | V: |07:30 - 22:00 H | S: |07:30 - 22:00 H | D: |Cerrado,L: |07:30 - 22:00 H | M: |07:30 - 22:00 H | X: |07:30 - 22:00 H | J: |07:30 - 22:00 H | V: |07:30 - 22:00 H | S: |07:30 - 22:00 H | D: |Cerrado,"38.15595,-9.50000"
C015978,OBRAMAT SALAMANCA,https://www.obramat.es/,"AVENIDA DE GALICIA, S/N",,37188,CARBAJOSA DE LA SAGRADA,SALAMANCA,ES,+34923336761,info.salamanca@obramat.es,,,40.947523,-5.643352,453414,,DIY; regular_dealer,False,False,False,,,False,,,diy; regular-dealer,L: |07:30 - 22:00 H | M: |07:30 - 22:00 H | X: |07:30 - 22:00 H | J: |07:30 - 22:00 H | V: |07:30 - 22:00 H | S: |07:30 - 22:00 H | D: |Cerrado,L: |07:30 - 22:00 H | M: |07:30 - 22:00 H | X: |07:30 - 22:00 H | J: |07:30 - 22:00 H | V: |07:30 - 22:00 H | S: |07:30 - 22:00 H | D: |Cerrado,"38.15595,-9.50000"
C002363,SUINSA 4,https://suinsa4.es/,"PASTEUR, 50",POLÍGONO INDUSTRIAL LOS VILLARES,37184,VILLARES DE LA REINA,SALAMANCA,ES,+34923222066,suinsa4@suinsa4.es,,,40.990423,-5.639054,456883,,regular_dealer,False,False,False,,,False,,,regular-dealer,L: |08:00 - 14:00 H y 16:00 - 19:30 H | M: |08:00 - 14:00 H y 16:00 - 19:30 H | X: |08:00 - 14:00 H y 16:00 - 19:30 H | J: |08:00 - 14:00 H y 16:00 - 19:30 H | V: |08:00 - 14:00 H y 16:00 - 19:30 H | S: |Cerrado | D: |Cerrado,L: |08:00 - 14:00 H y 16:00 - 19:30 H | M: |08:00 - 14:00 H y 16:00 - 19:30 H | X: |08:00 - 14:00 H y 16:00 - 19:30 H | J: |08:00 - 14:00 H y 16:00 - 19:30 H | V: |08:00 - 14:00 H y 16:00 - 19:30 H | S: |Cerrado | D: |Cerrado,"38.15595,-9.50000"
C002701,MAQUINARIA GIRON,http://www.mgiron.com/,POLÍGONO LA HINIESTA PARCELA 74,,49024,ZAMORA,ZAMORA,ES,+34980529172,info@mgiron.com,,,41.51645,-5.759608,491425,,regular_dealer,False,False,False,DELIVERY_TO_CONSTRUCTION; EXPRESS; HOME_DELIVERY; NORMAL; PICKUP,CASH; CREDITCARD; DEBIT; INVOICE; VISA,False,,company.b2b; company.b2c,construction; express; regular-dealer,L: |08:00 - 19:00 H | M: |08:00 - 19:00 H | X: |08:00 - 19:00 H | J: |08:00 - 19:00 H | V: |08:00 - 19:00 H | S: |09:00 - 12:30 H | D: |Cerrado,L: |08:00 - 19:00 H | M: |08:00 - 19:00 H | X: |08:00 - 19:00 H | J: |08:00 - 19:00 H | V: |08:00 - 19:00 H | S: |09:00 - 12:30 H | D: |Cerrado,"38.15595,-9.50000"
C068991,IRENE SANCHEZ SASTRE - VILUZ (TALLER DE ASISTENCIA TÉCNICA),,"AVENIDA DE PORTUGAL, 13",,49016,ZAMORA,ZAMORA,ES,+34980536621,viluz@ono.com,,,41.503879,-5.739725,491489,,regular_dealer,False,False,False,,,False,,,regular-dealer; service-center; service-partner,,,"38.15595,-9.50000"
C069508,LEROY MERLIN ZAMORA (COMPACT),https://www.leroymerlin.es/,"CARRETERA TORDESILLAS, N-122 KM. 62,3",CENTRO COMERCIAL VISTALEGRE (PLANTA G),49022,ZAMORA,ZAMORA,ES,+34980510730,,,,41.520527,-5.723154,493788,,regular_dealer,False,False,False,,,False,,,regular-dealer,L: |09:00 - 22:00 H | M: |09:00 - 22:00 H | X: |09:00 - 22:00 H | J: |09:00 - 22:00 H | V: |09:00 - 22:00 H | S: |09:00 - 22:00 H | D: |Cerrado,L: |09:00 - 22:00 H | M: |09:00 - 22:00 H | X: |09:00 - 22:00 H | J: |09:00 - 22:00 H | V: |09:00 - 22:00 H | S: |09:00 - 22:00 H | D: |Cerrado,"38.15595,-9.50000"
C045015,HERMANOS GARCIA CULEBRA. S.L.,http://www.garciaculebra.com/,CALLE UBEDA. 11-13 ,,23700,LINARES,,ES,,,,,38.094913,-3.627839,34662,,regular_dealer,False,True,False,,,False,,,expert-powertools; regular-dealer,,,"38.15595,-4.01645"
C187257,SUMINISTROS INDUSTRIALES VALERO,http://www.suministrosvalero.com,"POLÍGONO INDUSTRIAL SEPES, S/N ",,13500,PUERTOLLANO,CIUDAD REAL,ES,+34926413073,info@suministrosvalero.com,,,38.671942,-4.153025,58593,,regular_dealer,False,False,False,,,False,,,regular-dealer,L: |09:00 - 14:00 H y 16:30 - 20:00 H | M: |09:00 - 14:00 H y 16:30 - 20:00 H | X: |09:00 - 14:00 H y 16:30 - 20:00 H | J: |09:00 - 14:00 H y 16:30 - 20:00 H | V: |09:00 - 14:00 H y 16:30 - 20:00 H | S: |09:00 - 13:30 H | D: |Cerrado,L: |09:00 - 14:00 H y 16:30 - 20:00 H | M: |09:00 - 14:00 H y 16:30 - 20:00 H | X: |09:00 - 14:00 H y 16:30 - 20:00 H | J: |09:00 - 14:00 H y 16:30 - 20:00 H | V: |09:00 - 14:00 H y 16:30 - 20:00 H | S: |09:00 - 13:30 H | D: |Cerrado,"38.15595,-4.01645"
C058908,SUMINISTROS INDUSTRIALES VALERO,http://www.suministrosvalero.com,"GRAN CAPITAN, 8",,13500,PUERTOLLANO,CIUDAD REAL,ES,+34926421818,info@suministrosvalero.com,,,38.685794,-4.106034,59427,,regular_dealer,False,False,False,,,False,,,regular-dealer,L: |10:00 - 14:00 H y 17:30 - 20:00 H | M: |10:00 - 14:00 H y 17:30 - 20:00 H | X: |10:00 - 14:00 H y 17:30 - 20:00 H | J: |10:00 - 14:00 H y 17:30 - 20:00 H | V: |10:00 - 14:00 H y 17:30 - 20:00 H | S: |10:30 - 13:00 H | D: |Cerrado,L: |10:00 - 14:00 H y 17:30 - 20:00 H | M: |10:00 - 14:00 H y 17:30 - 20:00 H | X: |10:00 - 14:00 H y 17:30 - 20:00 H | J: |10:00 - 14:00 H y 17:30 - 20:00 H | V: |10:00 - 14:00 H y 17:30 - 20:00 H | S: |10:30 - 13:00 H | D: |Cerrado,"38.15595,-4.01645"
C073806,LEROY MERLIN CIUDAD REAL (COMPACT),https://www.leroymerlin.es/,"MEMBRILLA, 21",,13005,CIUDAD REAL,CIUDAD REAL,ES,+34926226007,,,,38.974629,-3.917374,91435,,regular_dealer,False,False,False,,,False,,,regular-dealer,L: |09:00 - 22:00 H | M: |09:00 - 22:00 H | X: |09:00 - 22:00 H | J: |09:00 - 22:00 H | V: |09:00 - 22:00 H | S: |09:00 - 22:00 H | D: |Cerrado,L: |09:00 - 22:00 H | M: |09:00 - 22:00 H | X: |09:00 - 22:00 H | J: |09:00 - 22:00 H | V: |09:00 - 22:00 H | S: |09:00 - 22:00 H | D: |Cerrado,"38.15595,-4.01645"
C058909,SUMINISTROS INDUSTRIALES VALERO,https://www.suministrosvalero.es,"CARRETERA CARRION, 25",,13005,CIUDAD REAL,CIUDAD REAL,ES,+34926250226,info@suministrosvalero.com,,,38.98941,-3.91003,93132,,regular_dealer,False,False,False,,,False,,,regular-dealer,,,"38.15595,-4.01645"
C084227,FERRETERIA BARRIENTO,http://www.ferreteriabarrientos.com/,"PEDRERA ALTA, 42",,13003,CIUDAD REAL,CIUDAD REAL,ES,+34926253595,info@ferreteriabarrientos.com,+34926232117,,38.994138,-3.929322,93504,,regular_dealer,False,False,False,,,False,,,regular-dealer,L: |08:30 - 14:00 H y 16:00 - 19:30 H | M: |08:30 - 14:00 H y 16:00 - 19:30 H | X: |08:30 - 14:00 H y 16:00 - 19:30 H | J: |08:30 - 14:00 H y 16:00 - 19:30 H | V: |08:30 - 14:00 H y 16:00 - 19:30 H | S: |10:00 - 13:00 H | D: |Cerrado,L: |08:30 - 14:00 H y 16:00 - 19:30 H | M: |08:30 - 14:00 H y 16:00 - 19:30 H | X: |08:30 - 14:00 H y 16:00 - 19:30 H | J: |08:30 - 14:00 H y 16:00 - 19:30 H | V: |08:30 - 14:00 H y 16:00 - 19:30 H | S: |10:00 - 13:00 H | D: |Cerrado,"38.15595,-4.01645"
C076807,LEROY MERLIN VALDEPEÑAS (COMPACT),https://www.leroymerlin.es/,"AVENIDA DEL VINO, 20",,13300,VALDEPEÑAS,CIUDAD REAL,ES,+34926733682,,,,38.777509,-3.390707,87999,,regular_dealer,False,False,False,,,False,,,regular-dealer,L: |09:00 - 22:00 H | M: |09:00 - 22:00 H | X: |09:00 - 22:00 H | J: |09:00 - 22:00 H | V: |09:00 - 22:00 H | S: |09:00 - 22:00 H | D: |Cerrado,L: |09:00 - 22:00 H | M: |09:00 - 22:00 H | X: |09:00 - 22:00 H | J: |09:00 - 22:00 H | V: |09:00 - 22:00 H | S: |09:00 - 22:00 H | D: |Cerrado,"38.15595,-4.01645"
C058941,TORRES Y SAEZ,http://www.torresysaez.com/,AVENIDA DE MADRID S/N,,36202,VIGO,PONTEVEDRA,ES,+34986413022,ventasvigo@torresysaez.com,+34986424838,,42.223731,-8.710185,339026,,regular_dealer,True,True,False,,,False,,,expert-powertools; premium-partner; regular-dealer,L: |08:30 - 13:30 H y 15:30 - 18:30 H | M: |08:30 - 13:30 H y 15:30 - 18:30 H | X: |08:30 - 13:30 H y 15:30 - 18:30 H | J: |08:30 - 13:30 H y 15:30 - 18:30 H | V: |08:30 - 13:30 H y 15:30 - 18:30 H | S: |Cerrado | D: |Cerrado,L: |08:30 - 13:30 H y 15:30 - 18:30 H | M: |08:30 - 13:30 H y 15:30 - 18:30 H | X: |08:30 - 13:30 H y 15:30 - 18:30 H | J: |08:30 - 13:30 H y 15:30 - 18:30 H | V: |08:30 - 13:30 H y 15:30 - 18:30 H | S: |Cerrado | D: |Cerrado,"39.23392,-9.50000"
C065479,SUMINISTROS VIGUESES,https://www.suvisa.biz/,"AVENIDA BEIRAMAR, 65",,36202,VIGO,PONTEVEDRA,ES,+34986247831,suvisa@suvisa.biz,,,42.230339,-8.735617,339333,,regular_dealer,True,True,False,,,False,,,expert-powertools; premium-partner; regular-dealer,L: |08:30 - 13:30 H y 15:30 - 19:00 H | M: |08:30 - 13:30 H y 15:30 - 19:00 H | X: |08:30 - 13:30 H y 15:30 - 19:00 H | J: |08:30 - 13:30 H y 15:30 - 19:00 H | V: |08:30 - 13:30 H y 15:30 - 19:00 H | S: |Cerrado | D: |Cerrado,L: |08:30 - 13:30 H y 15:30 - 19:00 H | M: |08:30 - 13:30 H y 15:30 - 19:00 H | X: |08:30 - 13:30 H y 15:30 - 19:00 H | J: |08:30 - 13:30 H y 15:30 - 19:00 H | V: |08:30 - 13:30 H y 15:30 - 19:00 H | S: |Cerrado | D: |Cerrado,"39.23392,-9.50000"
C058461,ALMACENES CANDUCHO,https://www.almacenescanducho.com/es/,"AVENIDA DE MARIN, 91",,36950,MOAÑA,PONTEVEDRA,ES,+34986310096,info@almacenescanducho.com,,,42.284184,-8.740567,345131,,regular_dealer,True,True,False,,,False,,,expert-powertools; premium-partner; regular-dealer,,,"39.23392,-9.50000"
C058821,PREFABRICADOS DENA,http://denaonline.es/,"RUA DE GALICIA, 24",PARROQUIA UIA DE DENA,36967,DENA-MEAÑO,PONTEVEDRA,ES,+34986743121,info@denaonline.es,,,42.452041,-8.811689,362471,,regular_dealer,True,True,False,DELIVERY_TO_CONSTRUCTION; HOME_DELIVERY; NORMAL; PICKUP,BANCONTACT; BANK_TRANSFER; CASH; CREDITCARD; INVOICE; VISA,False,,company.b2b; company.b2c,construction; expert-powertools; premium-partner; regular-dealer,L: |09:00 - 13:30 H y 15:30 - 19:30 H | M: |09:00 - 13:30 H y 15:30 - 19:30 H | X: |09:00 - 13:30 H y 15:30 - 19:30 H | J: |09:00 - 13:30 H y 15:30 - 19:30 H | V: |09:00 - 13:30 H y 15:30 - 19:30 H | S: |09:00 - 13:30 H | D: |Cerrado,L: |09:00 - 13:30 H y 15:30 - 19:30 H | M: |09:00 - 13:30 H y 15:30 - 19:30 H | X: |09:00 - 13:30 H y 15:30 - 19:30 H | J: |09:00 - 13:30 H y 15:30 - 19:30 H | V: |09:00 - 13:30 H y 15:30 - 19:30 H | S: |09:00 - 13:30 H | D: |Cerrado,"39.23392,-9.50000"
C058787,MECARCON,," AVENIDA DE MARÍA VICTORIA MORENO, 57",,36003,PONTEVEDRA,PONTEVEDRA,ES,+34986850101,,,,42.418891,-8.650433,361271,,regular_dealer,True,True,False,,,False,,,expert-powertools; premium-partner; regular-dealer,L: |09:00 - 13:00 H y 16:00 - 19:00 H | M: |09:00 - 13:00 H y 16:00 - 19:00 H | X: |09:00 - 13:00 H y 16:00 - 19:00 H | J: |09:00 - 13:00 H y 16:00 - 19:00 H | V: |09:00 - 13:00 H y 16:00 - 19:00 H | S: |10:00 - 13:00 H | D: |Cerrado,L: |09:00 - 13:00 H y 16:00 - 19:00 H | M: |09:00 - 13:00 H y 16:00 - 19:00 H | X: |09:00 - 13:00 H y 16:00 - 19:00 H | J: |09:00 - 13:00 H y 16:00 - 19:00 H | V: |09:00 - 13:00 H y 16:00 - 19:00 H | S: |10:00 - 13:00 H | D: |Cerrado,"39.23392,-9.50000"
C076870,CASTROMAN,https://www.castroman.es/,"PORRANES, 57",,36191,BARRO,PONTEVEDRA,ES,+34986711010,porrans@castroman.es,,,42.541503,-8.636341,374859,,regular_dealer,True,True,False,,,False,,,expert-powertools; premium-partner; regular-dealer,,,"39.23392,-9.50000"
C175746,CASTROMAN,https://www.castroman.es/,"RÚA MANUEL ANTONIO, 15",,36600,VILAGARCÍA DE AROUSA,PONTEVEDRA,ES,+34986565275,vilagarcia@castroman.es,,,42.59128,-8.769501,378311,,regular_dealer,True,True,False,,,False,,,expert-powertools; premium-partner; regular-dealer,,,"39.23392,-9.50000"
C166817,CASTROMAN,,"RÚA DO CONCELLO, 1B",,36612,CATOIRA,PONTEVEDRA,ES,+34986523396,catoira@castroman.es,,,42.666425,-8.722153,387203,50,TRADITIONAL_TRADE; ONLINE_PURE_PLAYER; regular_dealer,True,True,False,HOME_DELIVERY; NORMAL; PICKUP,BANK_TRANSFER; CASH; DEBIT; PAYPAL; VISA,False,,company.b2b; company.b2c,expert-powertools; offline-traditional-trade; premium-partner; regular-dealer,,,"39.23392,-9.50000"
C171299,ELECTRICIDAD GORGOSO,https://clickfergorgoso.com/,"RIO CAMBA, 8",,32001,ORENSE,ORENSE,ES,+34988511046,info@clickfergorgoso.com,,,42.351312,-7.86302,372987,,regular_dealer,True,True,False,,,False,,,expert-powertools; premium-partner; regular-dealer,L: |08:30 - 20:00 H | M: |08:30 - 20:00 H | X: |08:30 - 20:00 H | J: |08:30 - 20:00 H | V: |08:30 - 20:00 H | S: |08:30 - 13:00 H | D: |Cerrado,L: |08:30 - 20:00 H | M: |08:30 - 20:00 H | X: |08:30 - 20:00 H | J: |08:30 - 20:00 H | V: |08:30 - 20:00 H | S: |08:30 - 13:00 H | D: |Cerrado,"39.23392,-9.50000"
C002169,FERRETERIA DOSIL,https://www.ferreteriadosil.es,"RÚA DO CABO, 1",,15250,MUROS,A CORUÑA,ES,+34981827531,atencionalcliente@ferreteriadosil.com,,,42.774643,-9.055573,395451,,ONLINE_PURE_PLAYER; TRADITIONAL_TRADE; regular_dealer,True,True,False,DELIVERY_TO_CONSTRUCTION; HOME_DELIVERY; NORMAL; PICKUP,CASH; CREDITCARD; INVOICE; VISA,False,,company.b2b; company.b2c,construction; expert-powertools; offline-traditional-trade; premium-partner; regular-dealer,L: |08:30 - 13:30 H y 15:30 - 20:30 H | M: |08:30 - 13:30 H y 15:30 - 20:30 H | X: |08:30 - 13:30 H y 15:30 - 20:30 H | J: |08:30 - 13:30 H y 15:30 - 20:30 H | V: |08:30 - 13:30 H y 15:30 - 20:30 H | S: |09:00 - 13:30 H y 16:00 - 20:00 H | D: |Cerrado,L: |08:30 - 13:30 H y 15:30 - 20:30 H | M: |08:30 - 13:30 H y 15:30 - 20:30 H | X: |08:30 - 13:30 H y 15:30 - 20:30 H | J: |08:30 - 13:30 H y 15:30 - 20:30 H | V: |08:30 - 13:30 H y 15:30 - 20:30 H | S: |09:00 - 13:30 H y 16:00 - 20:00 H | D: |Cerrado,"39.23392,-9.50000"
C058640,FERRETERÍA MARTÍNEZ BIERZO,http://www.martinezbierzo.com/,POLIGONO INDUSTRIAL DE CAMPONARAYA SECTOR 2 - PARCELA 26,,24410,CAMPONARAYA,LEÓN,ES,+34987403770,info@martinezbierzo.com,,,42.560207,-6.625423,441700,,regular_dealer,True,True,False,,,False,,,expert-powertools; premium-partner; regular-dealer,,,"39.23392,-9.50000"
C065956,AJJ STORES,https://www.ajjgrupo.com/,LA HEMINA S/N.POLÍGONO INDUSTRIAL LA SEMENTERA,POLÍGONO INDUSTRIAL LA SEMENTERA,24750,LA BAÑEZA,LEÓN,ES,+34987656289,ajj@ajjgrupo.com,,,42.297813,-5.88929,456543,50,TRADITIONAL_TRADE; ONLINE_PURE_PLAYER; regular_dealer,True,True,False,DELIVERY_TO_CONSTRUCTION; HOME_DELIVERY; NORMAL; PICKUP,BANK_TRANSFER; CASH; CREDITCARD; DEBIT; INVOICE; VISA,False,,company.b2b; company.b2c,construction; expert-powertools; offline-traditional-trade; premium-partner; regular-dealer,,,"39.23392,-9.50000"
C065263,HIJO DE LUIS G. MORATIEL,,"AVENIDA GENERAL SANJURJO, 8",,24002,LEÓN,LEÓN,ES,+34987227266,comercial@hlgmoratiel.es,,,42.602714,-5.576168,498873,,regular_dealer,True,True,False,,,False,,,expert-powertools; premium-partner; regular-dealer,L: |08:00 - 16:00 H | M: |08:00 - 16:00 H | X: |08:00 - 16:00 H | J: |08:00 - 16:00 H | V: |08:00 - 16:00 H | S: |Cerrado | D: |Cerrado,L: |08:00 - 16:00 H | M: |08:00 - 16:00 H | X: |08:00 - 16:00 H | J: |08:00 - 16:00 H | V: |08:00 - 16:00 H | S: |Cerrado | D: |Cerrado,"39.23392,-9.50000"
C251785,ELECTRO-FERR,,"PORTA RAJOY, 29",,36640,PONTECESURES,,ES,+34986564012,,,,42.715638,-8.63531,393870,,regular_dealer,True,False,False,,,False,,,premium-partner; regular-dealer,L: |09:00 - 13:30 H y 15:30 - 19:00 H | M: |09:00 - 13:30 H y 15:30 - 19:00 H | X: |09:00 - 13:30 H y 15:30 - 19:00 H | J: |09:00 - 13:30 H y 15:30 - 19:00 H | V: |09:00 - 13:30 H y 15:30 - 19:00 H | S: |09:00 - 13:30 H | D: |Cerrado,L: |09:00 - 13:30 H y 15:30 - 19:00 H | M: |09:00 - 13:30 H y 15:30 - 19:00 H | X: |09:00 - 13:30 H y 15:30 - 19:00 H | J: |09:00 - 13:30 H y 15:30 - 19:00 H | V: |09:00 - 13:30 H y 15:30 - 19:00 H | S: |09:00 - 13:30 H | D: |Cerrado,"39.23392,-9.50000"
C058781,MATERIALES Y ACCESORIOS LOURO,https://www.ferreterialouro.es/,"PONTENOVA, S/N",,36720,TUI,PONTEVEDRA,ES,+34986603696,matyaccelouro@gmail.com,,,42.06823,-8.615527,323852,,regular_dealer,False,False,False,,,False,,,regular-dealer,L: |08:00 - 20:00 H | M |08:00 - 20:00 H | X: |08:00 - 20:00 H | J: |08:00 - 20:00 H | V: |08:00 - 20:00 H | S: |Cerrado | D: |Cerrado,L: |08:00 - 20:00 H | M |08:00 - 20:00 H | X: |08:00 - 20:00 H | J: |08:00 - 20:00 H | V: |08:00 - 20:00 H | S: |Cerrado | D: |Cerrado,"39.23392,-9.50000"
C076872,FERRETERIA VALFER,http://www.ferreteriavalfer.com/,"CARRETERA ZAMANS, 44. POLÍGONO INDUSTRIAL A PASAXE",POLÍGONO INDUSTRIAL A PASAXE,36316,VINCIOS-GONDOMAR,PONTEVEDRA,ES,+34986467189,,,,42.156516,-8.722698,331498,,regular_dealer,False,False,False,,,False,,,regular-dealer,,,"39.23392,-9.50000"
C076814,LEROY MERLIN MOS (COMPACT),https://www.leroymerlin.es/,"ESTRADA PORRIÑO REDONDELA, 15",,36418,SANGUIÑEDA (MOS),PONTEVEDRA,ES,+34986330031,,,,42.170922,-8.620706,334863,,regular_dealer,False,False,False,,,False,,,regular-dealer,L: |09:00 - 22:00 H | M: |09:00 - 22:00 H | X: |09:00 - 22:00 H | J: |09:00 - 22:00 H | V: |09:00 - 22:00 H | S: |09:00 - 22:00 H | D: |Cerrado,L: |09:00 - 22:00 H | M: |09:00 - 22:00 H | X: |09:00 - 22:00 H | J: |09:00 - 22:00 H | V: |09:00 - 22:00 H | S: |09:00 - 22:00 H | D: |Cerrado,"39.23392,-9.50000"
C058679,GESTION MAQUINARIA DE GALICIA,https://www.gesmagal.com/,"LUGAR DA RAMALLEIRA, 5 D",,36140,"SANTA COLUMBA DE BÉRTOLA, VILABOA",PONTEVEDRA,ES,+34986854742,info@gesmagal.com,,,42.420993,-8.657216,361387,,regular_dealer,False,False,False,,,False,,,regular-dealer,L: |08:00 - 13:30 H y 15:00 - 18:30 H | M: |08:00 - 13:30 H y 15:00 - 18:30 H | X: |08:00 - 13:30 H y 15:00 - 18:30 H | J: |08:00 - 13:30 H y 15:00 - 18:30 H | V: |08:00 - 13:30 H y 15:00 - 18:30 H | S: |Cerrado | D: |Cerrado,L: |08:00 - 13:30 H y 15:00 - 18:30 H | M: |08:00 - 13:30 H y 15:00 - 18:30 H | X: |08:00 - 13:30 H y 15:00 - 18:30 H | J: |08:00 - 13:30 H y 15:00 - 18:30 H | V: |08:00 - 13:30 H y 15:00 - 18:30 H | S: |Cerrado | D: |Cerrado,"39.23392,-9.50000"
C058599,FERRETERIA ECHEGARAY,https://ferreteriaechegaray.com/es/,"RIVEIRO, 45",,36157,PONTEVEDRA,PONTEVEDRA,ES,+34986870417,administracion@ferreteriaechegaray.com,,,42.483194,-8.654558,368208,,regular_dealer,False,False,False,,,False,,,regular-dealer,L: |09:00 - 13:30 H y 15:30 - 20:00 H | M: |09:00 - 13:30 H y 15:30 - 20:00 H | X: |09:00 - 13:30 H y 15:30 - 20:00 H | J: |09:00 - 13:30 H y 15:30 - 20:00 H | V: |09:00 - 13:30 H y 15:30 - 20:00 H | S: |09:00 - 13:00 H | D: |Cerrado,L: |09:00 - 13:30 H y 15:30 - 20:00 H | M: |09:00 - 13:30 H y 15:30 - 20:00 H | X: |09:00 - 13:30 H y 15:30 - 20:00 H | J: |09:00 - 13:30 H y 15:30 - 20:00 H | V: |09:00 - 13:30 H y 15:30 - 20:00 H | S: |09:00 - 13:00 H | D: |Cerrado,"39.23392,-9.50000"
C068989,MONDELO (TALLER DE ASISTENCIA TÉCNICA),,"JULIO CAMBA, 5 BAJO IZQUIERDA",,36600,VILAGARCIA DE AROUSA,PONTEVEDRA,ES,+34986503280,mondelosl@mondelosl.com,,,42.587365,-8.772325,377843,,regular_dealer,False,False,False,,,False,,,regular-dealer; service-center; service-partner,,,"39.23392,-9.50000"
C076871,FERRO VILLAGARCIA,,"RUA MONTIÑO, 10",,36617,VILAGARCIA DE AROUSA,PONTEVEDRA,ES,+34986506950,lr.info@las-rias.com,,,42.592523,-8.744073,378799,,regular_dealer,False,False,False,,,False,,,regular-dealer,,,"39.23392,-9.50000"
C076822,LEROY MERLIN OURENSE,https://www.leroymerlin.es/,CARRETERA N-120 LOGROÑO-VIGO KM 573. POLÍGONO INDUSTRIAL QUINTELA,POLÍGONO INDUSTRIAL QUINTELA,32001,ORENSE,ORENSE,ES,+34988317070,,,,42.341786,-7.971298,368730,,regular_dealer,False,False,False,,,False,,,regular-dealer,L: |08:00 - 22:00 H | M: |08:00 - 22:00 H | X: |08:00 - 22:00 H | J: |08:00 - 22:00 H | V: |08:00 - 22:00 H | S: |08:00 - 22:00 H | D: |Cerrado,L: |08:00 - 22:00 H | M: |08:00 - 22:00 H | X: |08:00 - 22:00 H | J: |08:00 - 22:00 H | V: |08:00 - 22:00 H | S: |08:00 - 22:00 H | D: |Cerrado,"39.23392,-9.50000"
C058571,FERRETERIA VILELA,https://www.ferreteriavilela.com/,"RUA SAN ANTON, 15",,36680,A ESTRADA PONTEVEDRA,PONTEVEDRA,ES,+34986571051,info@ferreteriavilela.es,,,42.690883,-8.488663,393636,,regular_dealer,False,False,False,,,False,,,regular-dealer,L: |09:00 - 13:30 H y 16:00 - 20:30 H | M: |09:00 - 13:30 H y 16:00 - 20:30 H | X: |09:00 - 13:30 H y 16:00 - 20:30 H | J: |09:00 - 13:30 H y 16:00 - 20:30 H | V: |09:00 - 13:30 H y 16:00 - 20:30 H | S: |09:00 - 13:30 H | D: |Cerrado,L: |09:00 - 13:30 H y 16:00 - 20:30 H | M: |09:00 - 13:30 H y 16:00 - 20:30 H | X: |09:00 - 13:30 H y 16:00 - 20:30 H | J: |09:00 - 13:30 H y 16:00 - 20:30 H | V: |09:00 - 13:30 H y 16:00 - 20:30 H | S: |09:00 - 13:30 H | D: |Cerrado,"39.23392,-9.50000"
C076866,RODAVI SUMINISTROS,,"SORIA, 27 BAJO",,24400,PONFERRADA,LEÓN,ES,+34636162416,roberto@rodavi.net,,,42.546164,-6.621001,440612,,regular_dealer,False,False,False,,,False,,,regular-dealer,,,"39.23392,-9.50000"
C030531,LEROY MERLIN PONFERRADA,https://www.leroymerlin.es/,"AVENIDA DE ASTURIAS, 99",,24404,PONFERRADA,LEÓN,ES,+34987401253,,,,42.561589,-6.60414,442807,,regular_dealer,False,False,False,,,False,,,regular-dealer,L: |09:00 - 22:00 H | M: |09:00 - 22:00 H | X: |09:00 - 22:00 H | J: |09:00 - 22:00 H | V: |09:00 - 22:00 H | S: |09:00 - 22:00 H | D: |Cerrado,X: |09:00 - 22:00 H,"39.23392,-9.50000"
C084219,HERMANOS GALENDE LLAMAS,https://hermanosgalende.es/,"CARRETERA BENAVENTE-ORENSE, KM 30",,49332,CAMARZANA DE TERA,ZAMORA,ES,+34980649279,info@hermanosgalende.es,,,41.995609,-6.026897,424455,,regular_dealer,False,False,False,,,False,,,regular-dealer,L: |09:00 - 13:30 H y 15:30 - 19:00 H | M: |09:00 - 13:30 H y 15:30 - 19:00 H | X: |09:00 - 13:30 H y 15:30 - 19:00 H | J: |09:00 - 13:30 H y 15:30 - 19:00 H | V: |09:00 - 13:30 H y 15:30 - 19:00 H | S: |09:00 - 13:30 H | D: |Cerrado,L: |09:00 - 13:30 H y 15:30 - 19:00 H | M: |09:00 - 13:30 H y 15:30 - 19:00 H | X: |09:00 - 13:30 H y 15:30 - 19:00 H | J: |09:00 - 13:30 H y 15:30 - 19:00 H | V: |09:00 - 13:30 H y 15:30 - 19:00 H | S: |09:00 - 13:30 H | D: |Cerrado,"39.23392,-9.50000"
C076865,SUINFER,,LAS CANTERAS. POLÍGONO INDUSTRIAL PARQUE INDUSTRIAL DEL BIERZO ALTO,,24318,SAN ROMÁN DE BEMBIBRE,LEÓN,ES,+34987526818,suinfercb@hotmail.com,,,42.622328,-6.459055,455122,,regular_dealer,False,False,False,,,False,,,regular-dealer,L: |09:00 - 13:30 H y 15:30 - 20:00 H | M: |09:00 - 13:30 H y 15:30 - 20:00 H | X: |09:00 - 13:30 H y 15:30 - 20:00 H | J: |09:00 - 13:30 H y 15:30 - 20:00 H | V: |09:00 - 13:30 H y 15:30 - 20:00 H | S: |09:00 - 13:00 H | D: |Cerrado,L: |09:00 - 13:30 H y 15:30 - 20:00 H | M: |09:00 - 13:30 H y 15:30 - 20:00 H | X: |09:00 - 13:30 H y 15:30 - 20:00 H | J: |09:00 - 13:30 H y 15:30 - 20:00 H | V: |09:00 - 13:30 H y 15:30 - 20:00 H | S: |09:00 - 13:00 H | D: |Cerrado,"39.23392,-9.50000"
C080525,COMERCIAL FANUM,https://www.fanum.es/,"AVENIDA PONFERRADA, 43",,24700,ASTORGA,LEÓN,ES,+34987615765,comercial@fanum.es,,,42.459467,-6.061211,460656,,regular_dealer,False,False,False,,,False,,,regular-dealer,,,"39.23392,-9.50000"
C069501,BIGMAT CAMARA,https://www.bigmatlaplataforma.es/es/info/bigmat-camara,"POLÍGONO INDUSTRIAL BENAVENTE, 1.  PARCELA 20-22",POLÍGONO INDUSTRIAL BENAVENTE,49600,BENAVENTE,ZAMORA,ES,+34980635107,benavente@bigmat.es,,,42.002884,-5.678469,445801,,regular_dealer,False,False,False,,,False,,,regular-dealer,L: |08:30 - 13:00 H y 15:30 - 19:00 H | M: |08:30 - 13:00 H y 15:30 - 19:00 H | X: |08:30 - 13:00 H y 15:30 - 19:00 H | J: |08:30 - 13:00 H y 15:30 - 19:00 H | V: |08:30 - 13:00 H y 15:30 - 19:00 H | S: |10:00 - 13:00 H | D: |Cerrado,L: |08:30 - 13:00 H y 15:30 - 19:00 H | M: |08:30 - 13:00 H y 15:30 - 19:00 H | X: |08:30 - 13:00 H y 15:30 - 19:00 H | J: |08:30 - 13:00 H y 15:30 - 19:00 H | V: |08:30 - 13:00 H y 15:30 - 19:00 H | S: |10:00 - 13:00 H | D: |Cerrado,"39.23392,-9.50000"
C080530,GRUPO SPCONS SUMINISTROS,https://spcons.es/,"AVENIDA FACULTAD DE VETERINARIA, 31 (ENTRADA CALLE SAN CLAUDIO, 18)",,24004,LEÓN,LEÓN,ES,+34987044537,info@spcons.es,,,42.592351,-5.575176,498081,,regular_dealer,False,False,False,,,False,,,regular-dealer,L: |07:30 - 15:30 H | M: |07:30 - 15:30 H | X: |07:30 - 15:30 H | J: |07:30 - 15:30 H | V: |07:30 - 15:30 H | S: |Cerrado | D: |Cerrado,L: |07:30 - 15:30 H | M: |07:30 - 15:30 H | X: |07:30 - 15:30 H | J: |07:30 - 15:30 H | V: |07:30 - 15:30 H | S: |Cerrado | D: |Cerrado,"39.23392,-9.50000"
C080533,LEROY MERLIN LEON,https://www.leroymerlin.es,"PARQUE COMERCIAL REINO DE LEÓN - POLÍGONO LA GRANJA. AVENIDA DE LEÓN CUNA DEL PARLAMENTARISMO, 4",PARQUE COMERCIAL REINO DE LEÓN - POLÍGONO LA GRANJA,24007,LEÓN,LEÓN,ES,+34987610530,,,,42.602438,-5.553032,500135,,regular_dealer,False,False,False,,,False,,,regular-dealer,L: |07:30 - 22:00 H | M: |07:30 - 22:00 H | X: |07:30 - 22:00 H | J: |07:30 - 22:00 H | V: |07:30 - 22:00 H | S: |07:30 - 22:00 H | D: |Cerrado,L: |07:30 - 22:00 H | M: |07:30 - 22:00 H | X: |07:30 - 22:00 H | J: |07:30 - 22:00 H | V: |07:30 - 22:00 H | S: |07:30 - 22:00 H | D: |Cerrado,"39.23392,-9.50000"
C058547,DECOR ACEITOSA,https://decor-aceitosa.com/,"AVENIDA DE LA LIBERTAD, 25",,24008,NAVATEJERA,LEÓN,ES,+34987307717,info@decor-aceitosa.com,,,42.621979,-5.564385,501102,,regular_dealer,False,False,False,,,False,,,regular-dealer,,,"39.23392,-9.50000"
C175891,BRICODEPOT (VALDELAFUENTE - LEÓN),https://www.bricodepot.es,"N-60, KM 322. ALTO DEL PORTILLO",,24228,VALDELAFUENTE,LEÓN,ES,+34987269943,,,,42.569275,-5.514416,499605,,regular_dealer,False,False,False,,,False,,,regular-dealer,L: |08:00 - 21:30 H | M: |08:00 - 21:30 H | X: |08:00 - 21:30 H | J: |08:00 - 21:30 H | V: |08:00 - 21:30 H | S: |08:00 - 21:30 H | D: |Cerrado,L: |08:00 - 21:30 H | M: |08:00 - 21:30 H | X: |08:00 - 21:30 H | J: |08:00 - 21:30 H | V: |08:00 - 21:30 H | S: |08:00 - 21:30 H | D: |Cerrado,"39.23392,-9.50000"
C058454,AISLAMIENTOS Y CUBIERTAS GONZÁLEZ,https://www.aislamientosgonzalez.com/,"LA SALVE, 42",POLÍGONO INDUSTRIAL LA SEMENTERA,45500,TORRIJOS,TOLEDO,ES,+34925760492,info@aislamientosgonzalez.com,,,39.97609,-4.29299,120928,,regular_dealer,True,True,False,,,False,,,expert-powertools; premium-partner; regular-dealer,L: |08:00 - 13:30 H y 15:00 - 19:30 H | M: |08:00 - 13:30 H y 15:00 - 19:30 H | X: |08:00 - 13:30 H y 15:00 - 19:30 H | J: |08:00 - 13:30 H y 15:00 - 19:30 H | V: |08:00 - 13:30 H y 15:00 - 19:30 H | S: |09:00 - 13:00 H | D: |Cerrado,L: |08:00 - 13:30 H y 15:00 - 19:30 H | M: |08:00 - 13:30 H y 15:00 - 19:30 H | X: |08:00 - 13:30 H y 15:00 - 19:30 H | J: |08:00 - 13:30 H y 15:00 - 19:30 H | V: |08:00 - 13:30 H y 15:00 - 19:30 H | S: |09:00 - 13:00 H | D: |Cerrado,"39.23392,-5.32488"
C078527,MAQUINARIA ORTIZ MUÑOZ,,"AVENIDA DE PORTUGAL, 34",,45600,TALAVERA DE LA REINA,TOLEDO,ES,+34925813590,comercios@comerciotalavera.com,,,39.958368,-4.843825,90482,,regular_dealer,False,False,False,,,False,,,regular-dealer,L: |08:30 - 13:30 H y 16:00 - 20:00 H | M: |08:30 - 13:30 H y 16:00 - 20:00 H | X: |08:30 - 13:30 H y 16:00 - 20:00 H | J: |08:30 - 13:30 H y 16:00 - 20:00 H | V: |08:30 - 13:30 H y 16:00 - 20:00 H | S: |09:00 - 13:30 H | D: |Cerrado,L: |08:30 - 13:30 H y 16:00 - 20:00 H | M: |08:30 - 13:30 H y 16:00 - 20:00 H | X: |08:30 - 13:30 H y 16:00 - 20:00 H | J: |08:30 - 13:30 H y 16:00 - 20:00 H | V: |08:30 - 13:30 H y 16:00 - 20:00 H | S: |09:00 - 13:30 H | D: |Cerrado,"39.23392,-5.32488"
C070771,MACOUSER,https://www.macouser.es/,"AVENIDA FRANCISCO AGUIRRE, 331",,45600,TALAVERA DE LA REINA,TOLEDO,ES,+34925848732,macouser@macouser.es,,,39.962311,-4.842682,90917,,regular_dealer,False,False,False,,,False,,,regular-dealer,,,"39.23392,-5.32488"
C076808,LEROY MERLIN TALAVERA DE LA REINA (COMPACT),https://www.leroymerlin.es/,"AVENIDA MADRID, S/N. CENTRO COMERCIAL EL GOLF",CENTRO COMERCIAL EL GOLF,45600,TALAVERA DE LA REINA,TOLEDO,ES,+34925702388,,,,39.966345,-4.797239,93142,,regular_dealer,False,False,False,,,False,,,regular-dealer,L: |09:00 - 22:00 H | M: |09:00 - 22:00 H | X: |09:00 - 22:00 H | J: |09:00 - 22:00 H | V: |09:00 - 22:00 H | S: |09:00 - 22:00 H | D: |Cerrado,L: |09:00 - 22:00 H | M: |09:00 - 22:00 H | X: |09:00 - 22:00 H | J: |09:00 - 22:00 H | V: |09:00 - 22:00 H | S: |09:00 - 22:00 H | D: |Cerrado,"39.23392,-5.32488"
C058880,SUMINISTROS AMADOR,https://www.suministrosamador.es/,"COLON, 52",,13610,CAMPO DE CRIPTANA,CIUDAD REAL,ES,+34926560560,,,,39.397845,-3.129581,71490,,regular_dealer,True,True,False,,,False,,,expert-powertools; premium-partner; regular-dealer,L: |09:00 - 14:00 H y 16:00 - 20:00 H | M: |09:00 - 14:00 H y 16:00 - 20:00 H | X: |09:00 - 14:00 H y 16:00 - 20:00 H | J: |09:00 - 14:00 H y 16:00 - 20:00 H | V: |09:00 - 14:00 H y 16:00 - 20:00 H | S: |09:00 - 13:00 H | D: |Cerrado,L: |09:00 - 14:00 H y 16:00 - 20:00 H | M: |09:00 - 14:00 H y 16:00 - 20:00 H | X: |09:00 - 14:00 H y 16:00 - 20:00 H | J: |09:00 - 14:00 H y 16:00 - 20:00 H | V: |09:00 - 14:00 H y 16:00 - 20:00 H | S: |09:00 - 13:00 H | D: |Cerrado,"39.23392,-3.93318"
C157310,FERRETERÍA DALPES,https://ferreteriadalpes.com,"CARRETAS, 2",,45211,RECAS,TOLEDO,ES,+34925522461,recas@dalpes.com,,,40.053794,-3.992796,91304,,regular_dealer,True,True,False,,,False,,,expert-powertools; premium-partner; regular-dealer,L: |09:00 - 14:00 H y 16:30 - 20:00 H | M: |09:00 - 14:00 H y 16:30 - 20:00 H | X: |09:00 - 14:00 H y 16:30 - 20:00 H | J: |09:00 - 14:00 H y 16:30 - 20:00 H | V: |09:00 - 14:00 H y 16:30 - 20:00 H | S: |09:00 - 14:00 H y 17:00 - 20:30 H | D: |Cerrado,L: |09:00 - 14:00 H y 16:30 - 20:00 H | M: |09:00 - 14:00 H y 16:30 - 20:00 H | X: |09:00 - 14:00 H y 16:30 - 20:00 H | J: |09:00 - 14:00 H y 16:30 - 20:00 H | V: |09:00 - 14:00 H y 16:30 - 20:00 H | S: |09:00 - 14:00 H y 17:00 - 20:30 H | D: |Cerrado,"39.23392,-3.93318"
C076854,FERRETERÍA DALPES,https://www.dalpes.com/es/,"REAL, 153",,45210,YUNCOS,TOLEDO,ES,+34925537270,info@ferreteriadalpes.com,+34925553254,,40.092047,-3.870689,95564,,BUILDING_CONSTRUCTION; ONLINE_PURE_PLAYER; TRADITIONAL_TRADE; regular_dealer,True,True,False,DELIVERY_TO_CONSTRUCTION; HOME_DELIVERY; NORMAL; PICKUP,BANK_TRANSFER; CASH; CREDITCARD; DEBIT; INVOICE; PAYPAL; VISA,False,,company.b2b; company.b2c,construction; expert-powertools; offline-traditional-trade; premium-partner; regular-dealer,L: |08:30 - 14:00 H y 15:30 - 20:00 H | M: |08:30 - 14:00 H y 15:30 - 20:00 H | X: |08:30 - 14:00 H y 15:30 - 20:00 H | J: |08:30 - 14:00 H y 15:30 - 20:00 H | V: |08:30 - 14:00 H y 15:30 - 20:00 H | S: |Cerrado | D: |Cerrado,L: |08:30 - 14:00 H y 15:30 - 20:00 H | M: |08:30 - 14:00 H y 15:30 - 20:00 H | X: |08:30 - 14:00 H y 15:30 - 20:00 H | J: |08:30 - 14:00 H y 15:30 - 20:00 H | V: |08:30 - 14:00 H y 15:30 - 20:00 H | S: |Cerrado | D: |Cerrado,"39.23392,-3.93318"
C250994,SEGUNDO PRIEGO,http://www.segundopriego.com/,CARRETERA DE MADRID 11,,28300,ARANJUEZ,MADRID,ES,,apriego@segundopriego.com,,,40.040358,-3.607489,93903,,regular_dealer,True,True,False,,,False,,,expert-powertools; premium-partner; regular-dealer,,,"39.23392,-3.93318"
C157309,FERRETERÍA DALPES,https://ferreteriadalpes.com,"AVENIDA DEL COMERCIO, 55",,45200,ILLESCAS,TOLEDO,ES,+34925532213,dalpes@dalpes.com,+34925532032,,40.111872,-3.857503,97833,,regular_dealer,True,True,False,,,False,,,expert-powertools; premium-partner; regular-dealer,L: |08:30 - 14:00 H y 15:30 - 20:00 H | M: |08:30 - 14:00 H y 15:30 - 20:00 H | X: |08:30 - 14:00 H y 15:30 - 20:00 H | J: |08:30 - 14:00 H y 15:30 - 20:00 H | V: |08:30 - 14:00 H y 15:30 - 20:00 H | S: |09:00 - 14:00 H y 16:30 - 19:30 H | D: |Cerrado,L: |08:30 - 14:00 H y 15:30 - 20:00 H | M: |08:30 - 14:00 H y 15:30 - 20:00 H | X: |08:30 - 14:00 H y 15:30 - 20:00 H | J: |08:30 - 14:00 H y 15:30 - 20:00 H | V: |08:30 - 14:00 H y 15:30 - 20:00 H | S: |09:00 - 14:00 H y 16:30 - 19:30 H | D: |Cerrado,"39.23392,-3.93318"
C065462,SUMINISTRO INDUSTRIAL COBSA,https://ferreteriacobsa.es/,"TERESA HERRERA, 21",POLÍGONO INDUSTRIAL LAS MONJAS,45224,SESEÑA NUEVO,TOLEDO,ES,+34925111222,info@ferreteriacobsa.com,,,40.105937,-3.659864,99740,,TRADITIONAL_TRADE; regular_dealer,True,True,False,DELIVERY_TO_CONSTRUCTION; HOME_DELIVERY; NORMAL; PICKUP,BANK_TRANSFER; CASH; CREDITCARD; DEBIT; INVOICE; VISA,False,,company.b2b; company.b2c,construction; expert-powertools; offline-traditional-trade; premium-partner; regular-dealer,L: |08:00 - 14:00 H y 15:30 - 18:00 H | M: |08:00 - 14:00 H y 15:30 - 18:00 H | X: |08:00 - 14:00 H y 15:30 - 18:00 H | J: |08:00 - 14:00 H y 15:30 - 18:00 H | V: |08:00 - 14:00 H y 15:30 - 18:00 H | S: |Cerrado | D: |Cerrado,L: |08:00 - 14:00 H y 15:30 - 18:00 H | M: |08:00 - 14:00 H y 15:30 - 18:00 H | X: |08:00 - 14:00 H y 15:30 - 18:00 H | J: |08:00 - 14:00 H y 15:30 - 18:00 H | V: |08:00 - 14:00 H y 15:30 - 18:00 H | S: |Cerrado | D: |Cerrado,"39.23392,-3.93318"
C056155,COMERCIAL FERRETERA CARO,https://www.comercialcaro.es/es/ferreteria-caro-tomelloso,"AVENIDA VIRGEN DE LAS VIÑAS, 16",,13700,TOMELLOSO,CIUDAD REAL,ES,+34926514842,,,,39.167634,-3.015001,79456,,ONLINE_PURE_PLAYER; TRADITIONAL_TRADE; regular_dealer,True,True,False,DELIVERY_TO_CONSTRUCTION; EXPRESS; HOME_DELIVERY; NORMAL; PICKUP,CASH; CREDITCARD; DEBIT; INVOICE; VISA,False,,company.b2b; company.b2c,construction; expert-powertools; express; offline-traditional-trade; premium-partner; regular-dealer,,,"39.23392,-3.93318"
C058853,SEGUNDO PRIEGO,http://www.segundopriego.com/,"MALCASADO, 50",,28380,COLMENAR DE OREJA,MADRID,ES,+34918748300,apriego@segundopriego.com,,,40.111333,-3.388386,108127,,regular_dealer,True,True,False,,,False,,,expert-powertools; premium-partner; regular-dealer,,,"39.23392,-3.93318"
C058757,LIBRADO LORIENTE,http://www.grupolibrado.com,"HOSPITAL, 10",,16400,TARANCON,CUENCA,ES,+34969320450,libradosuministros@grupolibrado.com,,,40.010515,-3.007446,117226,,regular_dealer,True,True,False,,,False,,,expert-powertools; premium-partner; regular-dealer,L: |08:00 - 13:30 H y 16:00 - 20:00 H | M: |08:00 - 13:30 H y 16:00 - 20:00 H | X: |08:00 - 13:30 H y 16:00 - 20:00 H | J: |08:00 - 13:30 H y 16:00 - 20:00 H | V: |08:00 - 13:30 H y 16:00 - 20:00 H | S: |09:00 - 13:30 H | D: |Cerrado,L: |08:00 - 13:30 H y 16:00 - 20:00 H | M: |08:00 - 13:30 H y 16:00 - 20:00 H | X: |08:00 - 13:30 H y 16:00 - 20:00 H | J: |08:00 - 13:30 H y 16:00 - 20:00 H | V: |08:00 - 13:30 H y 16:00 - 20:00 H | S: |09:00 - 13:30 H | D: |Cerrado,"39.23392,-3.93318"
C015611,SUMINISTROS INDUSTRIALES DEL TAJO,,"JARAMA, 38",,45007,TOLEDO,,ES,+34925232200,sitasa@sitas.com,,,39.867556,-3.963094,70500,,regular_dealer,False,False,False,,,False,,,regular-dealer,,,"39.23392,-3.93318"
C076801,LEROY MERLIN TOLEDO,http://www.leroymerlin.es/,"CARRETERA A42, KM. 65-SALIDA",,45003,TOLEDO,TOLEDO,ES,+34925288200,,,,39.90271,-4.017349,74711,,regular_dealer,False,False,False,,,False,,,regular-dealer,L: |08:00 - 22:00 H | M: |08:00 - 22:00 H | X: |08:00 - 22:00 H | J: |08:00 - 22:00 H | V: |08:00 - 22:00 H | S: |08:00 - 22:00 H | D: |Cerrado,L: |08:00 - 22:00 H | M: |08:00 - 22:00 H | X: |08:00 - 22:00 H | J: |08:00 - 22:00 H | V: |08:00 - 22:00 H | S: |08:00 - 22:00 H | D: |Cerrado,"39.23392,-3.93318"
C175879,BRICODEPOT (OLIAS DEL REY. TOLEDO),https://www.bricodepot.es,CENTRO COMERCIAL PUERTA DE TOLEDO SALIDA OLÍAS DEL REY,,45280,OLÍAS DEL REY,TOLEDO,ES,+34925491159,,,,39.951564,-3.992762,79957,,regular_dealer,False,False,False,,,False,,,regular-dealer,L: |08:00 - 21:30 H | M: |08:00 - 21:30 H | X: |08:00 - 21:30 H | J: |08:00 - 21:30 H | V: |08:00 - 21:30 H | S: |08:00 - 21:30 H | D: |Cerrado,L: |08:00 - 21:30 H | M: |08:00 - 21:30 H | X: |08:00 - 21:30 H | J: |08:00 - 21:30 H | V: |08:00 - 21:30 H | S: |08:00 - 21:30 H | D: |Cerrado,"39.23392,-3.93318"
C076853,COMERCIAL GARCIA TOLEDANO,,"JOSE ANTONIO, 6",,45240,ALAMEDA DE LA SAGRA,TOLEDO,ES,+34925500084,garciatoledano@garciatoledano.es,,,40.012876,-3.795587,87409,,regular_dealer,False,False,False,,,False,,,regular-dealer,,,"39.23392,-3.93318"
C076815,LEROY MERLIN ARANJUEZ (COMPACT),https://www.leroymerlin.es/,"GONZALO CHACÓN, 92",,28300,ARANJUEZ,MADRID,ES,+34912720140,,,,40.020432,-3.606062,91829,,regular_dealer,False,False,False,,,False,,,regular-dealer,L: |09:00 - 22:00 H | M: |09:00 - 22:00 H | X: |09:00 - 22:00 H | J: |09:00 - 22:00 H | V: |09:00 - 22:00 H | S: |09:00 - 22:00 H | D: |11:00 - 20:00 H,L: |09:00 - 22:00 H | M: |09:00 - 22:00 H | X: |09:00 - 22:00 H | J: |09:00 - 22:00 H | V: |09:00 - 22:00 H | S: |09:00 - 22:00 H | D: |11:00 - 20:00 H,"39.23392,-3.93318"
C078630,FERRETERIA PEDRO DURAN,https://ferreteriaduran.es/,"POLÍGONO INDUSTRIAL PRADILLO, NAVE 12",,45200,ILLESCAS,TOLEDO,ES,+34925501796,soporte@ferreteriaduran.es,,,40.133136,-3.834998,100335,,regular_dealer,False,False,False,,,False,,,regular-dealer,,,"39.23392,-3.93318"
C162918,FERRETERIA PERONA,https://www.ferreteriaperona.es/,"ORIENTE, 126",,13700,TOMELLOSO,CIUDAD REAL,ES,+34926513444,tiendaweb@ferreteriaperona.es,,,39.162072,-3.007193,80189,,regular_dealer,False,False,False,,,False,,,regular-dealer,L: |09:00 - 14:00 H y 16:00 - 20:00 H | M: |09:00 - 14:00 H y 16:00 - 20:00 H | X: |09:00 - 14:00 H y 16:00 - 20:00 H | J: |09:00 - 14:00 H y 16:00 - 20:00 H | V: |09:00 - 14:00 H y 16:00 - 20:00 H | S: |09:30 - 13:30 H | D: |Cerrado,L: |09:00 - 14:00 H y 16:00 - 20:00 H | M: |09:00 - 14:00 H y 16:00 - 20:00 H | X: |09:00 - 14:00 H y 16:00 - 20:00 H | J: |09:00 - 14:00 H y 16:00 - 20:00 H | V: |09:00 - 14:00 H y 16:00 - 20:00 H | S: |09:30 - 13:30 H | D: |Cerrado,"39.23392,-3.93318"
C058568,EUROALVI,https://euroalvi.com/,"AVENIDA PICASSENT, 11",,02600,VILLAROBLEDO,ALBACETE,ES,+34967140141,,,,39.27658,-2.589049,6267,,regular_dealer,False,False,False,,,False,,,regular-dealer,L: |08:00 - 14:00 H y 16:00 - 20:00 H | M: |08:00 - 14:00 H y 16:00 - 20:00 H | X: |08:00 - 14:00 H y 16:00 - 20:00 H | J: |08:00 - 14:00 H y 16:00 - 20:00 H | V: |08:00 - 14:00 H y 16:00 - 20:00 H | S: |09:00 - 13:00 H | D: |Cerrado,L: |08:00 - 14:00 H y 16:00 - 20:00 H | M: |08:00 - 14:00 H y 16:00 - 20:00 H | X: |08:00 - 14:00 H y 16:00 - 20:00 H | J: |08:00 - 14:00 H y 16:00 - 20:00 H | V: |08:00 - 14:00 H y 16:00 - 20:00 H | S: |09:00 - 13:00 H | D: |Cerrado,"39.23392,-2.54147"
C075804,LEROY MERLIN CUENCA,https://www.leroymerlin.es/,"AVENIDA DE LOS ALFARES, S/N",,16002,CUENCA,CUENCA,ES,+34969253605,,,,40.076922,-2.146717,99638,,regular_dealer,False,False,False,,,False,,,regular-dealer,L: |09:00 - 22:00 H | M: |09:00 - 22:00 H | X: |09:00 - 22:00 H | J: |09:00 - 22:00 H | V: |09:00 - 22:00 H | S: |09:00 - 22:00 H | D: |Cerrado,L: |09:00 - 22:00 H | M: |09:00 - 22:00 H | X: |09:00 - 22:00 H | J: |09:00 - 22:00 H | V: |09:00 - 22:00 H | S: |09:00 - 22:00 H | D: |Cerrado,"39.23392,-2.54147"
C058841,SALI SUMINISTROS,http://www.segopi.es/,"JORGE SANTAYANA, 19",POLÍGONO INDUSTRIAL LAS HERVENCIAS 1,5004,ÁVILA,ÁVILA,ES,+34920212441,segopi@segopi.com,,,40.668677,-4.687913,62495,,regular_dealer,True,True,False,,,False,,,expert-powertools; premium-partner; regular-dealer,,,"40.31189,-5.25898"
C065449,SALI SUMINISTROS,,"GUADARRAMA, 8 y 11",POLÍGONO INDUSTRIAL EL CERRO,40006,SEGOVIA,SEGOVIA,ES,+34921425015,segopi@segopi.com,,,40.9288,-4.102774,119275,,regular_dealer,True,True,False,,,False,,,expert-powertools; premium-partner; regular-dealer,,,"40.31189,-5.25898"
C068982,MONTAJES ELÉCTRICOS DIEGO DIEZ (TALLER DE ASISTENCIA TÉCNICA),https://www.diegodiez.com/,"CALLE HORNOS CALEROS, 66",,05003,ÁVILA,ÁVILA,ES,+34920220150,diegodiez@diegodiez.com,,,40.649331,-4.674222,62076,,TRADITIONAL_TRADE; regular_dealer,False,False,False,DELIVERY_TO_CONSTRUCTION; HOME_DELIVERY; NORMAL; PICKUP,BANK_TRANSFER; CASH; CREDITCARD; DEBIT; INVOICE; VISA,False,,company.b2b; company.b2c,construction; offline-traditional-trade; regular-dealer; service-center; service-partner,,,"40.31189,-5.25898"
C021999,LEROY MERLIN ÁVILA (COMPACT),https://www.leroymerlin.es/,AVENIDA JUAN CARLOS I S/N. FRENTE AL HOSPITAL NEUSTRA SEÑORA DE SONSOLES,,05004,ÁVILA,ÁVILA,ES,+34920236800,,,,40.665888,-4.666699,63700,,DIY; regular_dealer,False,False,False,,,False,,,diy; regular-dealer,L: |09:00 - 22:00 H | M: |09:00 - 22:00 H | X: |09:00 - 22:00 H | J: |09:00 - 22:00 H | V: |09:00 - 22:00 H | S: |09:00 - 22:00 H | D: |Cerrado,L: |09:00 - 22:00 H | M: |09:00 - 22:00 H | X: |09:00 - 22:00 H | J: |09:00 - 22:00 H | V: |09:00 - 22:00 H | S: |09:00 - 22:00 H | D: |Cerrado,"40.31189,-5.25898"
C058721,JUAN CARLOS MARTINEZ PIÑERO,,"CALLE MANANTIAL 6, LOCAL 1",,28942,FUENLABRADA,MADRID,ES,+34916047657,,,,40.291831,-3.814216,3453,,regular_dealer,True,True,False,,,False,,,expert-powertools; premium-partner; regular-dealer,,,"40.31189,-3.84531"
C250993,SALI SUMINISTROS,http://www.segopi.es/,"TRUENO, 18. POLÍGONO INDUSTRIAL SAN JOSÉ DE VALDERAS",,28918,LEGANÉS,MADRID,ES,+34916105213,segopi@segopi.com,,,40.346256,-3.800817,5368,,regular_dealer,True,True,False,,,False,,,expert-powertools; premium-partner; regular-dealer,,,"40.31189,-3.84531"
C058645,FERRETERÍA ORTIZ,https://www.marketdeferreteria.com/,"AVENIDA LA RECOMBA, 17. POLÍGONO INDUSTRIAL LA LAGUNA",POLÍGONO INDUSTRIAL LA LAGUNA. PARCELA 1E - 4B,28914,LEGANÉS,MADRID,ES,+34916896206,info@marketdeferreteria.com,,,40.298981,-3.767676,6737,,TRADITIONAL_TRADE; regular_dealer,True,True,False,,,False,,,expert-powertools; offline-traditional-trade; premium-partner; regular-dealer,L: |08:30 - 18:00 H | M: |08:30 - 18:00 H | X: |08:30 - 18:00 H | J: |08:30 - 18:00 H | V: |08:30 - 18:00 H | S: |Cerrado | D: |Cerrado,L: |08:30 - 18:00 H | M: |08:30 - 18:00 H | X: |08:30 - 18:00 H | J: |08:30 - 18:00 H | V: |08:30 - 18:00 H | S: |Cerrado | D: |Cerrado,"40.31189,-3.84531"
C058769,MADRIFERR SUMINISTROS INDUSTRIALES (M-40),https://madriferr.com/,"ELVAS, 5 - LA FORTUNA",LA FORTUNA,28197,LEGANÉS,MADRID,ES,+34916211500,atencionalcliente@madriferr.com,+34916128858,,40.361457,-3.781267,7735,,regular_dealer,True,True,False,,,False,,,expert-powertools; premium-partner; regular-dealer,L: |08:00 - 14:00 H y 15:30 - 19:00 H | M: |08:00 - 14:00 H y 15:30 - 19:00 H | X: |08:00 - 14:00 H y 15:30 - 19:00 H | J: |08:00 - 14:00 H y 15:30 - 19:00 H | V: |08:00 - 14:00 H y 15:30 - 19:00 H | S: |09:00 - 13:30 H | D: |Cerrado,L: |08:00 - 14:00 H y 15:30 - 19:00 H | M: |08:00 - 14:00 H y 15:30 - 19:00 H | X: |08:00 - 14:00 H y 15:30 - 19:00 H | J: |08:00 - 14:00 H y 15:30 - 19:00 H | V: |08:00 - 14:00 H y 15:30 - 19:00 H | S: |09:00 - 13:30 H | D: |Cerrado,"40.31189,-3.84531"
C175860,AJJ STORES,https://www.ajjgrupo.com/,PERDIZ 4-6,POLÍGONO INDUSTRIAL LOS GALLEGOS,28946,FUENLABRADA,MADRID,ES,+34918708265,ajj@ajjgrupo.com,,,40.261719,-3.765172,8793,,regular_dealer,True,True,False,,,False,,,expert-powertools; premium-partner; regular-dealer,,,"40.31189,-3.84531"
C175844,SUMINISTRO INDUSTRIAL COBSA,https://ferreteriacobsa.es/,"SAN ERASMO, 26",,28021,VILLAVERDE,MADRID,ES,+34925111222,info@ferreteriacobsa.com,,,40.336144,-3.706694,12056,,regular_dealer,True,True,False,,,False,,,expert-powertools; premium-partner; regular-dealer,L: |08:00 - 19:00 H | M: |08:00 - 19:00 H | X: |08:00 - 19:00 H | J: |08:00 - 19:00 H | V: |08:00 - 19:00 H | S: |09:00 - 13:00 H | D: |Cerrado,L: |08:00 - 19:00 H | M: |08:00 - 19:00 H | X: |08:00 - 19:00 H | J: |08:00 - 19:00 H | V: |08:00 - 19:00 H | S: |09:00 - 13:00 H | D: |Cerrado,"40.31189,-3.84531"
C058904,SUMINISTROS INDUSTRIALES TEYMO,http://www.teymo.com,"CABO DE GATA, 2. POLÍGONO EMPRESARIAL ANDALUCÍA",POLÍGONO EMPRESARIAL ANDALUCÍA,28320,PINTO,MADRID,ES,+34916953619,madrid@teymo.com,,,40.26382,-3.70198,13279,,regular_dealer,True,True,False,,,False,,,expert-powertools; premium-partner; regular-dealer,,,"40.31189,-3.84531"
C065444,REDONDO Y GARCÍA,http://www.redondoygarcia.com,"CALLE DE LA SERRANÍA DE RONDA, 16",ÁREA EMPRESARIAL ANDALUCÍA,28320,PINTO,MADRID,ES,+34916918220,clientes@redondoygarcia.com,,,40.266278,-3.698857,13416,,regular_dealer,True,True,False,,,False,,,expert-powertools; premium-partner; regular-dealer,L: |08:30 - 13:30 H y 15:00 - 18:00 H | M: |08:30 - 13:30 H y 15:00 - 18:00 H | X: |08:30 - 13:30 H y 15:00 - 18:00 H | J: |08:30 - 13:30 H y 15:00 - 18:00 H | V: |08:30 - 13:30 H y 15:00 - 18:00 H | S: |Cerrado | D: |Cerrado,L: |08:30 - 13:30 H y 15:00 - 18:00 H | M: |08:30 - 13:30 H y 15:00 - 18:00 H | X: |08:30 - 13:30 H y 15:00 - 18:00 H | J: |08:30 - 13:30 H y 15:00 - 18:00 H | V: |08:30 - 13:30 H y 15:00 - 18:00 H | S: |Cerrado | D: |Cerrado,"40.31189,-3.84531"
C175846,SUMINISTRO INDUSTRIAL COBSA,https://ferreteriacobsa.es/,"MILANOS, 1",,28320,PINTO,MADRID,ES,+34925111222,info@ferreteriacobsa.com,,,40.247147,-3.705816,13850,,regular_dealer,True,True,False,,,False,,,expert-powertools; premium-partner; regular-dealer,L: |08:00 - 18:00 H | M: |08:00 - 18:00 H | X: |08:00 - 18:00 H | J: |08:00 - 18:00 H | V: |08:00 - 18:00 H | S: |09:00 - 13:00 H | D: |Cerrado,L: |08:00 - 18:00 H | M: |08:00 - 18:00 H | X: |08:00 - 18:00 H | J: |08:00 - 18:00 H | V: |08:00 - 18:00 H | S: |09:00 - 13:00 H | D: |Cerrado,"40.31189,-3.84531"
C076886,SANTA CRUZ SUMINISTROS INDUSTRIALES,http://www.suministrossantacruz.es/,"ARROYO CULEBRO, NAVE 6 5",,28320,PINTO,MADRID,ES,+34916926725,info@suministrossantacruz.es,,,40.2732,-3.68249,14463,,regular_dealer,True,True,False,,,False,,,expert-powertools; premium-partner; regular-dealer,,,"40.31189,-3.84531"
C058565,ESPINOSA DE SUMINISTROS,http://www.espinosasum.es/,"AVENIDA DOCTOR SEVERO OCHOA, 33",,28100,ALCOBENDAS,MADRID,ES,+34914841180,espinosasum@espinosasum.es,,,40.541039,-3.652106,30275,,regular_dealer,True,True,False,DELIVERY_TO_CONSTRUCTION,,False,,,construction; expert-powertools; premium-partner; regular-dealer,L: |08:00 - 15:00 H | M: |08:00 - 15:00 H | X: |08:00 - 15:00 H | J: |08:00 - 15:00 H | V: |08:00 - 15:00 H | S: |08:00 - 15:00 H | D: |Cerrado,L: |08:00 - 15:00 H | M: |08:00 - 15:00 H | X: |08:00 - 15:00 H | J: |08:00 - 15:00 H | V: |08:00 - 15:00 H | S: |08:00 - 15:00 H | D: |Cerrado,"40.31189,-3.84531"
C006292,ALQUIAGA,https://www.masferreteria.com/,"AVENIDA SISTEMA SOLAR, 3. NAVE B",,28830,SAN FERNANDO DE HENARES,MADRID,ES,+34918844400,info@alquiaga.com,,,40.448718,-3.504215,32651,50,ONLINE_PURE_PLAYER; regular_dealer,True,True,False,DELIVERY_TO_CONSTRUCTION; HOME_DELIVERY; NORMAL; PICKUP,BANK_TRANSFER; CASH; DEBIT; INVOICE; VISA,False,,company.b2c,construction; expert-powertools; premium-partner; regular-dealer,L: |08:00 - 13:30 H y 16:00 - 19:00 H | M: |08:00 - 13:30 H y 16:00 - 19:00 H | X: |08:00 - 13:30 H y 16:00 - 19:00 H | J: |08:00 - 13:30 H y 16:00 - 19:00 H | V: |08:00 - 16:00 H | S: |Cerrado | D: |Cerrado,L: |08:00 - 13:30 H y 16:00 - 19:00 H | M: |08:00 - 13:30 H y 16:00 - 19:00 H | X: |08:00 - 13:30 H y 16:00 - 19:00 H | J: |08:00 - 13:30 H y 16:00 - 19:00 H | V: |08:00 - 16:00 H | S: |Cerrado | D: |Cerrado,"40.31189,-3.84531"
C058881,SUMINISTROS AUÑON,https://suministrosaunon.com/,"ARAGON, 74. POLÍGONO INDUSTRIAL ACACIAS",POLÍGONO INDUSTRIAL ACACIAS,28840,MEJORADA DEL CAMPO,MADRID,ES,+34916681134,comercial@suministrosaunon.com,,,40.400461,-3.486812,31932,50,DIY; ONLINE_PURE_PLAYER; TRADITIONAL_TRADE; regular_dealer,True,True,False,DELIVERY_TO_CONSTRUCTION; HOME_DELIVERY; NORMAL; PICKUP,BANCONTACT; BANK_TRANSFER; CASH; CREDITCARD; INVOICE; VISA,False,,company.b2b; company.b2c,construction; diy; expert-powertools; offline-traditional-trade; premium-partner; regular-dealer,L: |08:00 - 13:30 H y 15:30 - 19:00 H | M: |08:00 - 13:30 H y 15:30 - 19:00 H | X: |08:00 - 13:30 H y 15:30 - 19:00 H | J: |08:00 - 13:30 H y 15:30 - 19:00 H | V: |08:00 - 13:30 H y 15:30 - 19:00 H | S: |Cerrado | D: |Cerrado,L: |08:00 - 13:30 H y 15:30 - 19:00 H | M: |08:00 - 13:30 H y 15:30 - 19:00 H | X: |08:00 - 13:30 H y 15:30 - 19:00 H | J: |08:00 - 13:30 H y 15:30 - 19:00 H | V: |08:00 - 13:30 H y 15:30 - 19:00 H | S: |Cerrado | D: |Cerrado,"40.31189,-3.84531"
C058767,MADRIFERR SUMINISTROS INDUSTRIALES (ARGANDA),https://madriferr.com/,"AVENIDADA FINANZAUTO, 13-15",,28500,ARGANDA DEL REY,MADRID,ES,+34918707060,atencionalcliente@madriferr.com,+34918720501,,40.304708,-3.468378,31970,,regular_dealer,True,True,False,,,False,,,expert-powertools; premium-partner; regular-dealer,L: |08:00 - 14:00 H y 15:30 - 19:00 H | M: |08:00 - 14:00 H y 15:30 - 19:00 H | X: |08:00 - 14:00 H y 15:30 - 19:00 H | J: |08:00 - 14:00 H y 15:30 - 19:00 H | V: |08:00 - 14:00 H y 15:30 - 19:00 H | S: |09:00 - 13:30 H | D: |Cerrado,L: |08:00 - 14:00 H y 15:30 - 19:00 H | M: |08:00 - 14:00 H y 15:30 - 19:00 H | X: |08:00 - 14:00 H y 15:30 - 19:00 H | J: |08:00 - 14:00 H y 15:30 - 19:00 H | V: |08:00 - 14:00 H y 15:30 - 19:00 H | S: |09:00 - 13:30 H | D: |Cerrado,"40.31189,-3.84531"
C175845,SUMINISTRO INDUSTRIAL COBSA,https://ferreteriacobsa.es/,"AVENIDA DE LA. CONSTITUCION, 4",,28850,TORREJÓN DE ARDOZ,MADRID,ES,+34925111222,info@ferreteriacobsa.com,,,40.454638,-3.488463,34137,,regular_dealer,True,True,False,,,False,,,expert-powertools; premium-partner; regular-dealer,L: |08:00 - 18:00 H | M: |08:00 - 18:00 H | X: |08:00 - 18:00 H | J: |08:00 - 18:00 H | V: |08:00 - 18:00 H | S: |08:00 - 15:00 H | D: |Cerrado,L: |08:00 - 18:00 H | M: |08:00 - 18:00 H | X: |08:00 - 18:00 H | J: |08:00 - 18:00 H | V: |08:00 - 18:00 H | S: |08:00 - 15:00 H | D: |Cerrado,"40.31189,-3.84531"
C058673,FRANCISCO NUÑEZ,https://www.francisconunez.es/es/,AVENIDA MADRID 13-15,,28500,ARGANDA DEL REY,MADRID,ES,+34918710225,comercial@francisconunez.es,,,40.304784,-3.45756,32886,,regular_dealer,True,True,False,,,False,,,expert-powertools; premium-partner; regular-dealer,L: |08:00 - 13:30 H y 15:00 - 18:30 H | M: |08:00 - 13:30 H y 15:00 - 18:30 H | X: |08:00 - 13:30 H y 15:00 - 18:30 H | J: |08:00 - 13:30 H y 15:00 - 18:30 H | V: |08:00 - 13:30 H y 15:00 - 18:30 H | S: |Cerrado | D: |Cerrado,L: |08:00 - 13:30 H y 15:00 - 18:30 H | M: |08:00 - 13:30 H y 15:00 - 18:30 H | X: |08:00 - 13:30 H y 15:00 - 18:30 H | J: |08:00 - 13:30 H y 15:00 - 18:30 H | V: |08:00 - 13:30 H y 15:00 - 18:30 H | S: |Cerrado | D: |Cerrado,"40.31189,-3.84531"
C058844,SALI SUMINISTROS,http://www.segopi.es/,"POLIGONO INDUSTRIAL CAPELLANIA, 6",,28411,MORALZARZAL,MADRID,ES,+34918421176,segopi@segopi.com,,,40.705187,-3.953017,44668,,regular_dealer,True,True,False,,,False,,,expert-powertools; premium-partner; regular-dealer,,,"40.31189,-3.84531"
C076908,SUMINISTROS INDUSTRIALES ROME,https://suministrosindustrialesrome.com,"SORIA, 39",,28864,AJALVIR - MADRID,MADRID,ES,+34918843196,rome@gruporome.com,,,40.529696,-3.485779,38893,50,ONLINE_PURE_PLAYER; TRADITIONAL_TRADE; regular_dealer,True,True,False,DELIVERY_TO_CONSTRUCTION; HOME_DELIVERY; NORMAL; PICKUP,BANK_TRANSFER; CASH; CREDITCARD; DEBIT; INVOICE; VISA,False,,company.b2b; company.b2c,construction; expert-powertools; offline-traditional-trade; premium-partner; regular-dealer,,,"40.31189,-3.84531"
C042141,FRANCISCO NUÑEZ,http://www.francisconunez.com,"AVENIDA MADRID, 68",,28802,ALCALA DE HENARES,MADRID,ES,+34918890125,comercial@francisconunez.es,,,40.473897,-3.403979,41488,,ONLINE_PURE_PLAYER; TRADITIONAL_TRADE; regular_dealer,True,True,False,DELIVERY_TO_CONSTRUCTION; HOME_DELIVERY; NORMAL; PICKUP,BANK_TRANSFER; CASH; CREDITCARD; INVOICE; VISA,False,,company.b2b; company.b2c,construction; expert-powertools; offline-traditional-trade; premium-partner; regular-dealer,L: |08:00 - 13:30 H y 15:00 - 18:30 H | M: |08:00 - 13:30 H y 15:00 - 18:30 H | X: |08:00 - 13:30 H y 15:00 - 18:30 H | J: |08:00 - 13:30 H y 15:00 - 18:30 H | V: |08:00 - 13:30 H y 15:00 - 18:30 H | S: |Cerrado | D: |Cerrado,L: |08:00 - 13:30 H y 15:00 - 18:30 H | M: |08:00 - 13:30 H y 15:00 - 18:30 H | X: |08:00 - 13:30 H y 15:00 - 18:30 H | J: |08:00 - 13:30 H y 15:00 - 18:30 H | V: |08:00 - 13:30 H y 15:00 - 18:30 H | S: |Cerrado | D: |Cerrado,"40.31189,-3.84531"
C102232,Segundo Priego S.A.,,CTRA.VILLAR DEL OLMO 60,,28510,CAMPO REAL,,ES,,,,,40.339114,-3.373287,40127,,regular_dealer,True,True,False,,,False,,,expert-powertools; premium-partner; regular-dealer,,,"40.31189,-3.84531"
C006333,SEGUNDO PRIEGO,https://www.tiendas-segundopriego.com/,"MAYOR BAJA, 41",,28540,PERALES DE TAJUÑA,MADRID,ES,+34918748300,apriego@segundopriego.com,,,40.232166,-3.35111,42852,,BUILDING_CONSTRUCTION; ONLINE_PURE_PLAYER; regular_dealer,True,True,False,DELIVERY_TO_CONSTRUCTION; HOME_DELIVERY; NORMAL,BANK_TRANSFER; CASH; CREDITCARD,False,,company.b2b; company.b2c,construction; expert-powertools; premium-partner; regular-dealer,L: |09:00 - 14:00 H y 17:00 - 20:00 H | M: |09:00 - 14:00 H y 17:00 - 20:00 H | X: |09:00 - 14:00 H y 17:00 - 20:00 H | J: |09:00 - 14:00 H y 17:00 - 20:00 H | V: |09:00 - 14:00 H y 17:00 - 20:00 H | S: |09:00 - 14:00 H | D: |Cerrado,L: |09:00 - 14:00 H y 17:00 - 20:00 H | M: |09:00 - 14:00 H y 17:00 - 20:00 H | X: |09:00 - 14:00 H y 17:00 - 20:00 H | J: |09:00 - 14:00 H y 17:00 - 20:00 H | V: |09:00 - 14:00 H y 17:00 - 20:00 H | S: |09:00 - 14:00 H | D: |Cerrado,"40.31189,-3.84531"
C058887,SUMINISTROS ILLESCAS,http://www.suministrosillescas.com/,"CALLE DE LAS ISLAS CÍES, 9","CARRETERA FUENLABRADA - MORALEJA, KM.3",28970,HUMANES DE MADRID,MADRID,ES,+34916062914,,,,40.250784,-3.829911,6918,,regular_dealer,True,False,False,,,False,,,premium-partner; regular-dealer,L: |08:00 - 14:00 H y 15:30 - 18:00 H | M: |08:00 - 14:00 H y 15:30 - 18:00 H | X: |08:00 - 14:00 H y 15:30 - 18:00 H | J: |08:00 - 14:00 H y 15:30 - 18:00 H | V: |08:00 - 14:00 H y 15:30 - 18:00 H | S: |Cerrado | D: |Cerrado,L: |08:00 - 14:00 H y 15:30 - 18:00 H | M: |08:00 - 14:00 H y 15:30 - 18:00 H | X: |08:00 - 14:00 H y 15:30 - 18:00 H | J: |08:00 - 14:00 H y 15:30 - 18:00 H | V: |08:00 - 14:00 H y 15:30 - 18:00 H | S: |Cerrado | D: |Cerrado,"40.31189,-3.84531"
C025021,FERRETERIA DELICIAS,https://ferreteriadelicias.com,"PASEO DE LAS DELICIAS, 46",,28045,MADRID,MADRID,ES,+34915306876,info@ferreteriadelicias.com,,,40.401379,-3.69411,16221,,ONLINE_PURE_PLAYER; TRADITIONAL_TRADE; regular_dealer,True,False,False,DELIVERY_TO_CONSTRUCTION; HOME_DELIVERY; NORMAL; PICKUP; EXPRESS,BANK_TRANSFER; CREDITCARD; INVOICE; VISA; CASH,False,,company.b2b; company.b2c,construction; express; offline-traditional-trade; premium-partner; regular-dealer,L: |09:00 - 20:00 H | M: |09:00 - 20:00 H | X: |09:00 - 20:00 H | J: |09:00 - 20:00 H | V: |09:00 - 20:00 H | S: |Cerrado | D: |Cerrado,L: |09:00 - 20:00 H | M: |09:00 - 20:00 H | X: |09:00 - 20:00 H | J: |09:00 - 20:00 H | V: |09:00 - 20:00 H | S: |Cerrado | D: |Cerrado,"40.31189,-3.84531"
C069498,FEYMACO,https://www.feymaco.com/,"JATIVA, 47",,28007,MADRID,MADRID,ES,+34914336235,feymaco@feymaco.com,,,40.397981,-3.672163,17517,,regular_dealer,True,False,False,,,False,,,premium-partner; regular-dealer,,,"40.31189,-3.84531"
C084226,LEROY MERLIN ALCORCON,https://www.leroymerlin.es/,"CARRETERA A5, KM. 14. CENTRO COMERCIAL PARQUE OESTE",CENTRO COMERCIAL PARQUE OESTE,28925,ALCORCÓN,MADRID,ES,+34916429216,,,,40.346194,-3.853799,3881,,regular_dealer,False,False,False,,,False,,,regular-dealer,L: |07:30 - 22:00 H | M: |07:30 - 22:00 H | X: |07:30 - 22:00 H | J: |07:30 - 22:00 H | V: |07:30 - 22:00 H | S: |09:00 - 22:00 H | D: |10:00 - 22:00 H,L: |07:30 - 22:00 H | M: |07:30 - 22:00 H | X: |07:30 - 22:00 H | J: |07:30 - 22:00 H | V: |07:30 - 22:00 H | S: |09:00 - 22:00 H | D: |10:00 - 22:00 H,"40.31189,-3.84531"
C073799,BAUHAUS MADRID - ALCORCÓN,https://www.bauhaus.es/,"EJÉRCITO DEL AIRE, S/N",,28922,ALCORCÓN,MADRID,ES,+34917692318,alcorcon@bauhaus.es,,,40.354846,-3.857208,4881,,DIY; regular_dealer,False,False,False,,,False,,,diy; regular-dealer,L: |07:30 - 22:00 H | M: |07:30 - 22:00 H | X: |07:30 - 22:00 H | J: |07:30 - 22:00 H | V: |07:30 - 22:00 H | S: |08:30 - 22:00 H | D: |09:30 - 21:30 H,L: |07:30 - 22:00 H | M: |07:30 - 22:00 H | X: |07:30 - 22:00 H | J: |07:30 - 22:00 H | V: |07:30 - 22:00 H | S: |08:30 - 22:00 H | D: |09:30 - 21:30 H,"40.31189,-3.84531"
C175856,SIKLA HISPANIA,https://www.sikla.es/,"CAMELIA, 14",POLÍGONO INDUSTRIAL LAS MERCEDES,28970,HUMANES DE MADRID,MADRID,ES,+34916155785,clientes.es@sikla.com,,,40.268307,-3.835772,4913,,regular_dealer,False,False,False,,,False,,,regular-dealer,L: |08:00 - 13:30 H y 15:00 - 18:00 H | M: |08:00 - 13:30 H y 15:00 - 18:00 H | X: |08:00 - 13:30 H y 15:00 - 18:00 H | J: |07:00 - 15:00 H | V: 07:00 - 15:00 H| | S: |Cerradp | D: |Cerrado,L: |08:00 - 13:30 H y 15:00 - 18:00 H | M: |08:00 - 13:30 H y 15:00 - 18:00 H | X: |08:00 - 13:30 H y 15:00 - 18:00 H | J: |07:00 - 15:00 H | V: 07:00 - 15:00 H| | S: |Cerradp | D: |Cerrado,"40.31189,-3.84531"
C162983,OBRAMAT ALCORCÓN,https://www.obramat.es/,"CALLE DE LA ARMADA ESPAÑOLA, S/N. POLIGONO INDUSTRIAL EL LUCERO",,28922,ALCORCÓN,MADRID,ES,+34913578960,info.alcorcon@obramat.es,,,40.357003,-3.855351,5087,,regular_dealer,False,False,False,,,False,,,regular-dealer,L: |07:00 - 22:00 H | M: |07:00 - 22:00 H | X: |07:00 - 22:00 H | J: |07:00 - 22:00 H | V: |07:00 - 22:00 H | S: |07:30 - 22:00 H | D: |09:00 - 15:00 H,L: |07:00 - 22:00 H | M: |07:00 - 22:00 H | X: |07:00 - 22:00 H | J: |07:00 - 22:00 H | V: |07:00 - 22:00 H | S: |07:30 - 22:00 H | D: |09:00 - 15:00 H,"40.31189,-3.84531"
C076891,TECFIME,https://www.tecfime.com/,"INDUSTRIAS, 3.",POLÍGONO INDUSTRIAL URTINSA,28923,ALCORCÓN,MADRID,ES,+34914861153,contacto@tecfime.com,,,40.343146,-3.809806,4597,,regular_dealer,False,False,False,,,False,,,regular-dealer,,,"40.31189,-3.84531"
C058734,LA PLATAFORMA DE LA CONSTRUCCIÓN - BIGMAT,https://www.bigmatlaplataforma.es/,"AVENIDA AMÉRICA, 34",,28922,ALCORCÓN,MADRID,ES,+34916211400,,,,40.359777,-3.836383,5378,,regular_dealer,False,False,False,,,False,,,regular-dealer,L: |07:00 - 20:00 H | M: |07:00 - 20:00 H | X: |07:00 - 20:00 H | J: |07:00 - 20:00 H | V: |07:00 - 20:00 H | S: |08:00 - 14:00 H | D: |Cerrado,L: |07:00 - 20:00 H | M: |07:00 - 20:00 H | X: |07:00 - 20:00 H | J: |07:00 - 20:00 H | V: |07:00 - 20:00 H | S: |08:00 - 14:00 H | D: |Cerrado,"40.31189,-3.84531"
C001706,SUFEIN,https://sufein.com/,"SALAMANCA, 6",POLÍGONO INDUSTRIAL SAN ISIDRO NAVE 7,28970,HUMANES DE  MADRID,MADRID,ES,+34916151415,fuenlabrada@sufein.com,,,40.274442,-3.814116,4933,,BUILDING_CONSTRUCTION; TRADITIONAL_TRADE; regular_dealer,False,False,False,DELIVERY_TO_CONSTRUCTION; HOME_DELIVERY; NORMAL; PICKUP,BANK_TRANSFER; CASH; CREDITCARD; DEBIT; VISA,False,,company.b2b; company.b2c,construction; offline-traditional-trade; regular-dealer,,,"40.31189,-3.84531"
C076888,IMPORTACIONES INDUSTRIALES,https://import-industriales.es/,"TRUENO, 72. POLÍGONO INDUSTRIAL SAN JOSE DE VALDERAS",POLÍGONO INDUSTRIAL SAN JOSE DE VALDERAS,28918,LEGANÉS,MADRID,ES,+34915306159,comercial@import-industriales.es,,,40.34805,-3.800912,5507,,regular_dealer,False,False,False,,,False,,,regular-dealer,L: |08:30 - 18:00 H | M: |08:30 - 18:00 H | X: |08:30 - 18:00 H | J: |08:30 - 18:00 H | V: |08:30 - 14:30 H | S: |Cerrado | D: |Cerrado,L: |08:30 - 18:00 H | M: |08:30 - 18:00 H | X: |08:30 - 18:00 H | J: |08:30 - 18:00 H | V: |08:30 - 14:30 H | S: |Cerrado | D: |Cerrado,"40.31189,-3.84531"
C175835,EUGENIO PEREDA SANEAMIENTOS,https://pereda.com/,"SEVERO OCHOA, 1",,28914,LEGANÉS,MADRID,ES,+34916880400,consultasleganes@pereda.com,,,40.323534,-3.756196,7665,,regular_dealer,False,False,False,,,False,,,regular-dealer,L: |09:30 - 13:30 H y 16:30 - 20:30 H | M: |09:30 - 13:30 H y 16:30 - 20:30 H | X: |09:30 - 13:30 H y 16:30 - 20:30 H | J: |09:30 - 13:30 H y 16:30 - 20:30 H | V: |09:30 - 13:30 H y 16:30 - 20:30 H | S: |10:00 - 14:00 H | D: |Cerrado,L: |09:30 - 13:30 H y 16:30 - 20:30 H | M: |09:30 - 13:30 H y 16:30 - 20:30 H | X: |09:30 - 13:30 H y 16:30 - 20:30 H | J: |09:30 - 13:30 H y 16:30 - 20:30 H | V: |09:30 - 13:30 H y 16:30 - 20:30 H | S: |10:00 - 14:00 H | D: |Cerrado,"40.31189,-3.84531"
C001586,OBRAMAT LEGANÉS,https://www.obramat.es/,CARRETERA M-425,PARQUE COMERCIAL PLAZA NUEVA,28918,LEGANÉS,MADRID,ES,+34914816620,info.leganes@obramat.es,,,40.342227,-3.756732,8231,,DIY; regular_dealer,False,False,False,,,False,,,diy; regular-dealer,L: |07:00 - 22:00 H | M: |07:00 - 22:00 H | X: |07:00 - 22:00 H | J: |07:00 - 22:00 H | V: |07:00 - 22:00 H | S: |07:30 - 22:00 H | D: |09:00 - 15:00 H,L: |07:00 - 22:00 H | M: |07:00 - 22:00 H | X: |07:00 - 22:00 H | J: |07:00 - 22:00 H | V: |07:00 - 22:00 H | S: |07:30 - 22:00 H | D: |09:00 - 15:00 H,"40.31189,-3.84531"
C175905,BAUHAUS LEGANÉS,https://www.bauhaus.es/,"BENJAMÍN OUTRAM, 7-9",,28919,LEGANÉS,MADRID,ES,+34911085767,,,,40.355159,-3.747319,9598,,regular_dealer,False,False,False,,,False,,,regular-dealer,L: |07:00 - 22:00 H | M: |07:00 - 22:00 H | X: |07:00 - 22:00 H | J: |07:00 - 22:00 H | V: |07:00 - 22:00 H | S: |07:00 - 22:00 H | D: |10:00 - 20:00 H,L: |07:00 - 22:00 H | M: |07:00 - 22:00 H | X: |07:00 - 22:00 H | J: |07:00 - 22:00 H | V: |07:00 - 22:00 H | S: |07:00 - 22:00 H | D: |10:00 - 20:00 H,"40.31189,-3.84531"
C058738,LA PLATAFORMA DE LA CONSTRUCCIÓN - BIGMAT,https://www.bigmatlaplataforma.es/,"JUAN JOSE VIDAL, 6",POLÍGONO INDUSTRIAL LAS MEZQUITAS,28906,GETAFE,MADRID,ES,+34914818800,,,,40.304158,-3.705517,11884,,regular_dealer,False,False,False,,,False,,,regular-dealer,L: |07:00 - 20:00 H | M: |07:00 - 20:00 H | X: |07:00 - 20:00 H | J: |07:00 - 20:00 H | V: |07:00 - 20:00 H | S: |08:00 - 14:00 H | D: |Cerrado,L: |07:00 - 20:00 H | M: |07:00 - 20:00 H | X: |07:00 - 20:00 H | J: |07:00 - 20:00 H | V: |07:00 - 20:00 H | S: |08:00 - 14:00 H | D: |Cerrado,"40.31189,-3.84531"
C069544,LEROY MERLIN LEGANES,https://www.leroymerlin.es/,"CARRETERA DE VILLAVERDE, S/N. CARRETERA DE TOLEDO, SALIDA 9A. CENTRO COMERCIAL PARQUESUR",CENTRO COMERCIAL PARQUESUR,28910,LEGANÉS,MADRID,ES,+34916310700,,,,40.35383,-3.71133,12276,,regular_dealer,False,False,False,,,False,,,regular-dealer,L: |07:30 - 22:00 H | M: |07:30 - 22:00 H | X: |07:30 - 22:00 H | J: |07:30 - 22:00 H | V: |07:30 - 22:00 H | S: |09:00 - 22:00 H | D: |10:00 - 22:00 H,L: |07:30 - 22:00 H | M: |07:30 - 22:00 H | X: |07:30 - 22:00 H | J: |07:30 - 22:00 H | V: |07:30 - 22:00 H | S: |09:00 - 22:00 H | D: |10:00 - 22:00 H,"40.31189,-3.84531"
C001825,OBRAMAT MAJADAHONDA,https://www.obramat.es/,"FLAUTA MÁGICA, 25",,28222,MAJADAHONDA,MADRID,ES,+34916447850,info.majadahonda@obramat.es,,,40.453609,-3.881917,16059,,DIY; regular_dealer,False,False,False,,,False,,,diy; regular-dealer,L: |07:00 - 22:00 H | M: |07:00 - 22:00 H | X: |07:00 - 22:00 H | J: |07:00 - 22:00 H | V: |07:00 - 22:00 H | S: |07:00 - 22:00 H | D: |09:00 - 15:00 H,L: |07:00 - 22:00 H | M: |07:00 - 22:00 H | X: |07:00 - 22:00 H | J: |07:00 - 22:00 H | V: |07:00 - 22:00 H | S: |07:00 - 22:00 H | D: |09:00 - 15:00 H,"40.31189,-3.84531"
C068985,TALLERES DYNQUER (TALLER DE ASISTENCIA TÉCNICA),,"HERMANOS DEL MORAL, 47 BAJO",,28019,MADRID,MADRID,ES,+34914692223,,,,40.391744,-3.721373,13752,,regular_dealer,False,False,False,,,False,,,regular-dealer; service-center; service-partner,,,"40.31189,-3.84531"
C068986,TALLERES EURO-MADRID (TALLER DE ASISTÉNCIA TÉCNICA),,"ARROYO OPAÑEL, 6",,28019,MADRID,MADRID,ES,+34915650624,,,,40.388619,-3.717272,13802,,regular_dealer,False,False,False,,,False,,,regular-dealer; service-center; service-partner,,,"40.31189,-3.84531"
C069537,LEROY MERLIN MAJADAHONDA,https://www.leroymerlin.es/,"EL CARRALERO. CARRETERA BOADILLA KM 7,300",,28222,MAJADAHONDA,MADRID,ES,+34917848800,,,,40.459491,-3.872905,16577,,regular_dealer,False,False,False,,,False,,,regular-dealer,L: |07:30 - 22:00 H | M: |07:30 - 22:00 H | X: |07:30 - 22:00 H | J: |07:30 - 22:00 H | V: |07:30 - 22:00 H | S: |09:00 - 22:00 H | D: |10:00 - 22:00 H,L: |07:30 - 22:00 H | M: |07:30 - 22:00 H | X: |07:30 - 22:00 H | J: |07:30 - 22:00 H | V: |07:30 - 22:00 H | S: |09:00 - 22:00 H | D: |10:00 - 22:00 H,"40.31189,-3.84531"
C175885,BRICODEPOT (CORVERA DE ASTURIAS) BRICODEPOT (GETAFE),https://www.bricodepot.es,AVENIDA ISAAC NEWTON. 1 PARQUE EMPRESARIAL LA CARPETANIA,,28906,GETAFE,MADRID,ES,+34914913070,,,,40.291867,-3.69383,13036,,regular_dealer,False,False,False,,,False,,,regular-dealer,L: |08:00 - 21:30 H | M: |08:00 - 21:30 H | X: |08:00 - 21:30 H | J: |08:00 - 21:30 H | V: |08:00 - 21:30 H | S: |08:00 - 21:30 H | D: |09:00 - 15:00 H,L: |08:00 - 21:30 H | M: |08:00 - 21:30 H | X: |08:00 - 21:30 H | J: |08:00 - 21:30 H | V: |08:00 - 21:30 H | S: |08:00 - 21:30 H | D: |09:00 - 15:00 H,"40.31189,-3.84531"
C069550,LEROY MERLIN GETAFE,https://www.leroymerlin.es/,"AVENIDA RIO GUADALQUIVIR, S/N. CENTRO COMERCIAL OCIO NASSICA",CENTRO COMERCIAL OCIO NASSICA,28906,GETAFE,MADRID,ES,+34913940800,,,,40.2726,-3.697513,13274,,regular_dealer,False,False,False,,,False,,,regular-dealer,L: |07:30 - 22:00 H | M: |07:30 - 22:00 H | X: |07:30 - 22:00 H | J: |07:30 - 22:00 H | V: |07:30 - 22:00 H | S: |09:00 - 22:00 H | D: |10:00 - 22:00 H,L: |07:30 - 22:00 H | M: |07:30 - 22:00 H | X: |07:30 - 22:00 H | J: |07:30 - 22:00 H | V: |07:30 - 22:00 H | S: |09:00 - 22:00 H | D: |10:00 - 22:00 H,"40.31189,-3.84531"
C076884,SUMINISTROS MEMBRIVES,https://ferreteria-membrives.business.site/,"LOLA MEMBRIVES, 8",,28019,MADRID,MADRID,ES,+34914722992,jose@ferreteriamembrives.es,,,40.396226,-3.716659,14379,,regular_dealer,False,False,False,,,False,,,regular-dealer,,,"40.31189,-3.84531"
C001826,OBRAMAT USERA,https://www.obramat.es/,"AVENIDA LOS ROSALES, 24",,28041,MADRID,MADRID,ES,+34913432790,info.usera@obramat.es,,,40.365469,-3.687913,14609,,DIY; regular_dealer,False,False,False,,,False,,,diy; regular-dealer,L: |07:00 - 22:00 H | M: |07:00 - 22:00 H | X: |07:00 - 22:00 H | J: |07:00 - 22:00 H | V: |07:00 - 22:00 H | S: |07:30 - 22:00 H | D: |09:00 - 15:00 H,L: |07:00 - 22:00 H | M: |07:00 - 22:00 H | X: |07:00 - 22:00 H | J: |07:00 - 22:00 H | V: |07:00 - 22:00 H | S: |07:30 - 22:00 H | D: |09:00 - 15:00 H,"40.31189,-3.84531"
C058735,LA PLATAFORMA DE LA CONSTRUCCIÓN - BIGMAT,https://www.bigmatlaplataforma.es/,FRAY LUIS DE LEON 9,POLIGONO INDUSTRIAL CANDELAS,28012,MADRID,MADRID,ES,+34915063100,,,,40.404609,-3.698475,16157,,regular_dealer,False,False,False,,,False,,,regular-dealer,L: |07:00 - 20:00 H | M: |07:00 - 20:00 H | X: |07:00 - 20:00 H | J: |07:00 - 20:00 H | V: |07:00 - 20:00 H | S: |08:00 - 14:00 H | D: |Cerrado,L: |07:00 - 20:00 H | M: |07:00 - 20:00 H | X: |07:00 - 20:00 H | J: |07:00 - 20:00 H | V: |07:00 - 20:00 H | S: |08:00 - 14:00 H | D: |Cerrado,"40.31189,-3.84531"
C175899,BRICODEPOT (MAJADAHONDA),https://www.bricodepot.es,CENTRO COMERCIAL GRAN PLAZA 2 M-50 SALIDAS 79/83,,28222,MAJADAHONDA,MADRID,ES,+34911920132,,,,40.491259,-3.897283,20423,,regular_dealer,False,False,False,,,False,,,regular-dealer,L: |08:00 - 21:30 H | M: |08:00 - 21:30 H | X: |08:00 - 21:30 H | J: |08:00 - 21:30 H | V: |08:00 - 21:30 H | S: |08:00 - 21:30 H | D: |09:00 - 15:00 H,L: |08:00 - 21:30 H | M: |08:00 - 21:30 H | X: |08:00 - 21:30 H | J: |08:00 - 21:30 H | V: |08:00 - 21:30 H | S: |08:00 - 21:30 H | D: |09:00 - 15:00 H,"40.31189,-3.84531"
C015529,LEROY MERLIN URBAN MADRID,https://www.leroymerlin.es/,"RAIMUNDO FERNÁNDEZ VILLAVERDE, 43",,28022,MADRID,MADRID,ES,+34918622800,,,,40.446711,-3.697933,19507,,regular_dealer,False,False,False,,,False,,,regular-dealer,L: |09:00 - 21:00 H | M: |09:00 - 21:00 H | X: |09:00 - 21:00 H | J: |09:00 - 21:00 H | V: |09:00 - 21:00 H | S: |09:00 - 21:00 H | D: |11:00 - 20:00 H,L: |09:00 - 21:00 H | M: |09:00 - 21:00 H | X: |09:00 - 21:00 H | J: |09:00 - 21:00 H | V: |09:00 - 21:00 H | S: |09:00 - 21:00 H | D: |11:00 - 20:00 H,"40.31189,-3.84531"
C069514,LEROY MERLIN LAS ROZAS,https://www.leroymerlin.es/,"CARRETERA NVI, KM. 22. CENTRO EMPRESARIAL LAS ROZAS",CENTRO EMPRESARIAL LAS ROZAS,28230,LAS ROZAS,MADRID,ES,+34916008835,,,,40.518354,-3.888237,23242,,regular_dealer,False,False,False,,,False,,,regular-dealer,L: |07:30 - 22:00 H | M: |07:30 - 22:00 H | X: |07:30 - 22:00 H | J: |07:30 - 22:00 H | V: |07:30 - 22:00 H | S: |09:00 - 22:00 H | D: |10:00 - 22:00 H,L: |07:30 - 22:00 H | M: |07:30 - 22:00 H | X: |07:30 - 22:00 H | J: |07:30 - 22:00 H | V: |07:30 - 22:00 H | S: |09:00 - 22:00 H | D: |10:00 - 22:00 H,"40.31189,-3.84531"
C058737,LA PLATAFORMA DE LA CONSTRUCCIÓN - BIGMAT,https://www.bigmatlaplataforma.es/,"JULIAN CAMARILLO, 17",,28037,MADRID,MADRID,ES,+34913757640,,,,40.434635,-3.631201,22698,,regular_dealer,False,False,False,,,False,,,regular-dealer,L: |07:00 - 20:00 H | M: |07:00 - 20:00 H | X: |07:00 - 20:00 H | J: |07:00 - 20:00 H | V: |07:00 - 20:00 H | S: |08:00 - 14:00 H | D: |Cerrado,L: |07:00 - 20:00 H | M: |07:00 - 20:00 H | X: |07:00 - 20:00 H | J: |07:00 - 20:00 H | V: |07:00 - 20:00 H | S: |08:00 - 14:00 H | D: |Cerrado,"40.31189,-3.84531"
C076889,PRODUCTION TOOLS,https://productiontools.es/,"ALBASANZ, 65 LOCAL BAJO B",,28037,MADRID,MADRID,ES,+34918278884,info@productiontools.es,,,40.438898,-3.623245,23521,,regular_dealer,False,False,False,,,False,,,regular-dealer,,,"40.31189,-3.84531"
C024105,OBRAMAT ALCOBENDAS,https://www.obramat.es/,"CARRETERA FUENCARRAL 55, KM 53",,28108,ALCOBENDAS,MADRID,ES,+34914121980,servicio.alcobendas@obramat.es,,,40.524483,-3.656938,28513,,DIY; regular_dealer,False,False,False,,,False,,,diy; regular-dealer,L: |07:00 - 22:00 H | M: |07:00 - 22:00 H | X: |07:00 - 22:00 H | J: |07:00 - 22:00 H | V: |07:00 - 22:00 H | S: |07:30 - 22:00 H | D: |09:00 - 15:00 H,L: |07:00 - 22:00 H | M: |07:00 - 22:00 H | X: |07:00 - 22:00 H | J: |07:00 - 22:00 H | V: |07:00 - 22:00 H | S: |07:30 - 22:00 H | D: |09:00 - 15:00 H,"40.31189,-3.84531"
C073797,BAUHAUS MADRID - PLENILUNIO,https://www.bauhaus.es/,"CAMPEZO, 12. CENTRO COMERCIAL MADRID-PLENILUNIO",CENTRO COMERCIAL MADRID-PLENILUNIO,28022,MADRID,MADRID,ES,+34911593949,madrid350@bauhaus.es,,,40.44508,-3.584624,26587,,DIY; regular_dealer,False,False,False,,,False,,,diy; regular-dealer,L: |07:30 - 22:00 H | M: |07:30 - 22:00 H | X: |07:30 - 22:00 H | J: |07:30 - 22:00 H | V: |07:30 - 22:00 H | S: |08:30 - 22:00 H | D: |09:30 - 21:30 H,L: |07:30 - 22:00 H | M: |07:30 - 22:00 H | X: |07:30 - 22:00 H | J: |07:30 - 22:00 H | V: |07:30 - 22:00 H | S: |08:30 - 22:00 H | D: |09:30 - 21:30 H,"40.31189,-3.84531"
C058733,LA PLATAFORMA DE LA CONSTRUCCIÓN - BIGMAT,https://www.bigmatlaplataforma.es/,"FRANCISCO GERVÁS, 8-10",POLIGONO INDUSTRIAL ALCOBENDAS,28108,ALCOBENDAS,MADRID,ES,+34914904400,,,,40.531508,-3.651246,29430,,regular_dealer,False,False,False,,,False,,,regular-dealer,L: |07:00 - 20:00 H | M: |07:00 - 20:00 H | X: |07:00 - 20:00 H | J: |07:00 - 20:00 H | V: |07:00 - 20:00 H | S: |08:00 - 14:00 H | D: |Cerrado,L: |07:00 - 20:00 H | M: |07:00 - 20:00 H | X: |07:00 - 20:00 H | J: |07:00 - 20:00 H | V: |07:00 - 20:00 H | S: |08:00 - 14:00 H | D: |Cerrado,"40.31189,-3.84531"
C069506,LEROY MERLIN ALCOBENDAS,https://www.leroymerlin.es/,"CARRETERA FUENCARRAL, SALIDA 16, A1. CENTRO COMERCIAL RIO NORTE",CENTRO COMERCIAL RIO NORTE,28100,ALCOBENDAS,MADRID,ES,+34916617569,,,,40.53132,-3.645542,29685,,regular_dealer,False,False,False,,,False,,,regular-dealer,L: |09:00 - 22:00 H | M: |09:00 - 22:00 H | X: |09:00 - 22:00 H | J: |09:00 - 22:00 H | V: |09:00 - 22:00 H | S: |09:00 - 22:00 H | D: |10:00 - 21:00 H,L: |09:00 - 22:00 H | M: |09:00 - 22:00 H | X: |09:00 - 22:00 H | J: |09:00 - 22:00 H | V: |09:00 - 22:00 H | S: |09:00 - 22:00 H | D: |10:00 - 21:00 H,"40.31189,-3.84531"
C073802,LEROY MERLIN MADRID BARAJAS,https://www.leroymerlin.es/,"LAGUARDIA, 4. POLÍGONO INDUSTRIAL LAS MERCEDES",POLÍGONO INDUSTRIAL LAS MERCEDES,28022,MADRID,MADRID,ES,+34914906600,,,,40.445697,-3.579687,26973,,regular_dealer,False,False,False,,,False,,,regular-dealer,L: |07:30 - 22:00 H | M: |07:30 - 22:00 H | X: |07:30 - 22:00 H | J: |07:30 - 22:00 H | V: |07:30 - 22:00 H | S: |09:000 - 22:00 H | D: |10:000 - 22:00 H,L: |07:30 - 22:00 H | M: |07:30 - 22:00 H | X: |07:30 - 22:00 H | J: |07:30 - 22:00 H | V: |07:30 - 22:00 H | S: |09:000 - 22:00 H | D: |10:000 - 22:00 H,"40.31189,-3.84531"
C001821,OBRAMAT RIVAS,https://www.obramat.es/,"AVENIDA DE LA TÉCNICA, S/N. CENTRO COMERCIAL PARQUE RIVAS",CENTRO COMERCIAL PARQUE RIVAS,28529,RIVAS,MADRID,ES,+34916702650,info.rivas@obramat.es,,,40.340639,-3.53594,26418,,DIY; regular_dealer,False,False,False,,,False,,,diy; regular-dealer,L: |07:00 - 22:00 H | M: |07:00 - 22:00 H | X: |07:00 - 22:00 H | J: |07:00 - 22:00 H | V: |07:00 - 22:00 H | S: |07:30 - 22:00 H | D: |09:00 - 15:00 H,L: |07:00 - 22:00 H | M: |07:00 - 22:00 H | X: |07:00 - 22:00 H | J: |07:00 - 22:00 H | V: |07:00 - 22:00 H | S: |07:30 - 22:00 H | D: |09:00 - 15:00 H,"40.31189,-3.84531"
C069553,LEROY MERLIN RIVAS,http://www.leroymerlin.es/,"JUAN DE LA CIERVA, 2. CENTRO COMERCIAL RIVAS FUTURA",CENTRO COMERCIAL RIVAS FUTURA,28529,RIVAS-VACIAMADRID,MADRID,ES,+34917799000,,,,40.337719,-3.530993,26798,,regular_dealer,False,False,False,,,False,,,regular-dealer,L: |07:30 - 22:00 H | M: |07:30 - 22:00 H | X: |07:30 - 22:00 H | J: |07:30 - 22:00 H | V: |07:30 - 22:00 H | S: |09:00 - 22:00 H | D: |10:00 - 22:00 H,L: |07:30 - 22:00 H | M: |07:30 - 22:00 H | X: |07:30 - 22:00 H | J: |07:30 - 22:00 H | V: |07:30 - 22:00 H | S: |09:00 - 22:00 H | D: |10:00 - 22:00 H,"40.31189,-3.84531"
C065221,FERRETERIA COSLADA,https://ferreteriacoslada.es/,"AVENIDA DE LA CAÑADA, 40",,28820,COSLADA,MADRID,ES,+34916720463,ventas@ferreteriacoslada.com,,,40.430244,-3.53824,29151,,DIY; ONLINE_PURE_PLAYER; TRADITIONAL_TRADE; regular_dealer,False,False,False,DELIVERY_TO_CONSTRUCTION; HOME_DELIVERY; NORMAL; PICKUP,BANK_TRANSFER; CASH; CREDITCARD; DEBIT; INVOICE; VISA,False,,company.b2b; company.b2c,construction; diy; offline-traditional-trade; regular-dealer,L: |08:00 - 14:00 H y 15:30 - 19:00 H | M: |08:00 - 14:00 H y 15:30 - 19:00 H | X: |08:00 - 14:00 H y 15:30 - 19:00 H | J: |08:00 - 14:00 H y 15:30 - 19:00 H | V: |08:00 - 14:00 H y 15:30 - 19:00 H | S: |09:00 - 13:30 H | D: |Cerrado,L: |08:00 - 14:00 H y 15:30 - 19:00 H | M: |08:00 - 14:00 H y 15:30 - 19:00 H | X: |08:00 - 14:00 H y 15:30 - 19:00 H | J: |08:00 - 14:00 H y 15:30 - 19:00 H | V: |08:00 - 14:00 H y 15:30 - 19:00 H | S: |09:00 - 13:30 H | D: |Cerrado,"40.31189,-3.84531"
C069526,LEROY MERLIN SAN SEBASTIÁN DE LOS REYES,https://www.leroymerlin.es/,CARRETERA NI SALIDA 19. CENTRO COMERCIAL MEGAPARK,CENTRO COMERCIAL MEGAPARK,28700,SAN SEBASTIÁN DE LOS REYES,MADRID,ES,+34916590419,,,,40.54544,-3.612668,32589,,regular_dealer,False,False,False,,,False,,,regular-dealer,L: |07:30 - 22:00 H | M: |07:30 - 22:00 H | X: |07:30 - 22:00 H | J: |07:30 - 22:00 H | V: |07:30 - 22:00 H | S: |09:00 - 22:00 H | D: |10:00 - 22:00 H,L: |07:30 - 22:00 H | M: |07:30 - 22:00 H | X: |07:30 - 22:00 H | J: |07:30 - 22:00 H | V: |07:30 - 22:00 H | S: |09:00 - 22:00 H | D: |10:00 - 22:00 H,"40.31189,-3.84531"
C068987,J. COGORRO (TALLER DE ASISTENCIA TÉCNICA),https://www.jcogorro.com/,"NICOLASA FERNÁNDEZ, 5",,28400,COLLADO VILLALBA,MADRID,ES,+34918504972,jcogorro@jcogorro.com,,,40.627716,-4.014199,37911,,regular_dealer,False,False,False,,,False,,,regular-dealer; service-center; service-partner,L-V: |9:30-14:00; 16:00-19:00 / S: 9:30-14:00,L-V: |9:30-14:00; 16:00-19:00 / S: 9:30-14:00,"40.31189,-3.84531"
C076799,LEROY MERLIN COLMENAR (COMPACT),https://www.leroymerlin.es/,"AVENIDA DE LA LIBERTAD, S/N. CENTRO COMERCIAL EL VENTANAL DE LA SIERRA",CENTRO COMERCIAL EL VENTANAL DE LA SIERRA,28770,COLMENAR VIEJO,MADRID,ES,+34918473080,,,,40.659853,-3.75482,39439,,regular_dealer,False,False,False,,,False,,,regular-dealer,L: |09:00 - 22:00 H | M: |09:00 - 22:00 H | X: |09:00 - 22:00 H | J: |09:00 - 22:00 H | V: |09:00 - 22:00 H | S: |09:00 - 22:00 H | D: |10:00 - 22:00 H,L: |09:00 - 22:00 H | M: |09:00 - 22:00 H | X: |09:00 - 22:00 H | J: |09:00 - 22:00 H | V: |09:00 - 22:00 H | S: |09:00 - 22:00 H | D: |10:00 - 22:00 H,"40.31189,-3.84531"
C084895,ABACO SUYTEC,https://abacosuytec.com/,FORJA 11-13,POLÍGONO INDUSTRIAL OESTE,28850,TORREJON DE ARDOZ,MADRID,ES,+34916559390,,,,40.452721,-3.464531,35851,,regular_dealer,False,False,False,,,False,,,regular-dealer,L: |08:00 - 14:00 H y 15:00 - 18:15 H | M: |08:00 - 14:00 H y 15:00 - 18:15 H | X: |08:00 - 14:00 H y 15:00 - 18:15 H | J: |08:00 - 14:00 H y 15:00 - 18:15 H | V: |08:00 - 14:00 H y 15:00 - 18:15 H | S: |Cerrado | D: |Cerrado,L: |08:00 - 14:00 H y 15:00 - 18:15 H | M: |08:00 - 14:00 H y 15:00 - 18:15 H | X: |08:00 - 14:00 H y 15:00 - 18:15 H | J: |08:00 - 14:00 H y 15:00 - 18:15 H | V: |08:00 - 14:00 H y 15:00 - 18:15 H | S: |Cerrado | D: |Cerrado,"40.31189,-3.84531"
C017252,FELIPE DE MARCO,,"SOLANA, 45",,28850,TORREJÓN DE ARDOZ,MADRID,ES,+34916561014,comercial@felipedemarcosa.com,,,40.456132,-3.462497,36172,,regular_dealer,False,False,False,,,False,,,regular-dealer,L: |08:30 - 13:30 H y 15:00 - 18:00 H | M: |08:30 - 13:30 H y 15:00 - 18:00 H | X: |08:30 - 13:30 H y 15:00 - 18:00 H | J: |08:30 - 13:30 H y 15:00 - 18:00 H | V: |08:30 - 13:30 H y 15:00 - 18:00 H | S: |Cerrado | D: |Cerrado,L: |08:30 - 13:30 H y 15:00 - 18:00 H | M: |08:30 - 13:30 H y 15:00 - 18:00 H | X: |08:30 - 13:30 H y 15:00 - 18:00 H | J: |08:30 - 13:30 H y 15:00 - 18:00 H | V: |08:30 - 13:30 H y 15:00 - 18:00 H | S: |Cerrado | D: |Cerrado,"40.31189,-3.84531"
C175841,FERRETERIA LOECHES,https://www.demaroma.com/ferreteria.html,"HIERRO, S/N NAVE 65",POLIGONO INDUSTRIAL GESTESA,28890,LOECHES,SANTA CRUZ DE TENERIFE MADRID,ES,+34918867033,tienda@ferreterialoeches.com,,,40.383482,-3.41703,37155,,regular_dealer,False,False,False,,,False,,,regular-dealer,L: |08:00 - 14:00 H y 15:00 - 18:00 H | M: |08:00 - 14:00 H y 15:00 - 18:00 H | X: |08:00 - 14:00 H y 15:00 - 18:00 H | J: |08:00 - 14:00 H y 15:00 - 18:00 H | V: |08:00 - 14:00 H y 15:00 - 18:00 H | S: |09:00 - 13:00 H | D: |Cerrado,L: |08:00 - 14:00 H y 15:00 - 18:00 H | M: |08:00 - 14:00 H y 15:00 - 18:00 H | X: |08:00 - 14:00 H y 15:00 - 18:00 H | J: |08:00 - 14:00 H y 15:00 - 18:00 H | V: |08:00 - 14:00 H y 15:00 - 18:00 H | S: |09:00 - 13:00 H | D: |Cerrado,"40.31189,-3.84531"
C084557,FERRETERIA NATUR,https://www.ferreterianatur.es/,"SANGLAS, 28 BAJO",,28890,LOECHES,MADRID,ES,+34910555723,info@ferreterianatur.com,,,40.400099,-3.412438,37966,,TRADITIONAL_TRADE; regular_dealer,False,False,False,DELIVERY_TO_CONSTRUCTION; HOME_DELIVERY; NORMAL; PICKUP,BANK_TRANSFER; CASH; CREDITCARD; DEBIT; INVOICE; VISA,False,,company.b2b; company.b2c,construction; offline-traditional-trade; regular-dealer,L: |08:00 - 14:00 H y 15:00 - 17:00 H | M: |08:00 - 14:00 H y 15:00 - 17:00 H | X: |08:00 - 14:00 H y 15:00 - 17:00 H | J: |08:00 - 14:00 H y 15:00 - 17:00 H | V: |08:00 - 14:00 H y 15:00 - 17:00 H | S: |Cerrado | D: |Cerrado,L: |08:00 - 14:00 H y 15:00 - 17:00 H | M: |08:00 - 14:00 H y 15:00 - 17:00 H | X: |08:00 - 14:00 H y 15:00 - 17:00 H | J: |08:00 - 14:00 H y 15:00 - 17:00 H | V: |08:00 - 14:00 H y 15:00 - 17:00 H | S: |Cerrado | D: |Cerrado,"40.31189,-3.84531"
C058868,SUFEIN,https://www.sufein.com,"HONDURAS, 5",,28806,ALCALÁ DE HENARES,MADRID,ES,+34918885452,alcala@sufein.com,,,40.502647,-3.390805,43939,,regular_dealer,False,False,False,,,False,,,regular-dealer,,,"40.31189,-3.84531"
C058732,LA PLATAFORMA DE LA CONSTRUCCIÓN - BIGMAT,https://www.bigmatlaplataforma.es/,"LOUIS PASTEUR, S/N",POLIGONO INDUSTRIAL ALCALÁ DE HENARES,28806,ALCALÁ DE HENARES,MADRID,ES,+34918772020,,,,40.492302,-3.385914,43766,,regular_dealer,False,False,False,,,False,,,regular-dealer,L: |07:00 - 20:00 H | M: |07:00 - 20:00 H | X: |07:00 - 20:00 H | J: |07:00 - 20:00 H | V: |07:00 - 20:00 H | S: |08:00 - 14:00 H | D: |Cerrado,L: |07:00 - 20:00 H | M: |07:00 - 20:00 H | X: |07:00 - 20:00 H | J: |07:00 - 20:00 H | V: |07:00 - 20:00 H | S: |08:00 - 14:00 H | D: |Cerrado,"40.31189,-3.84531"
C084225,LEROY MERLIN ALCALÁ,https://www.leroymerlin.es/,"CARRETERA NII, KM. 34. CENTRO COMERCIAL LA DEHESA",CENTRO COMERCIAL LA DEHESA,28805,ALCALÁ DE HENARES,MADRID,ES,+34918871287,,,,40.502087,-3.332558,48289,,regular_dealer,False,False,False,,,False,,,regular-dealer,L: |07:30 - 22:00 H | M: |07:30 - 22:00 H | X: |07:30 - 22:00 H | J: |07:30 - 22:00 H | V: |07:30 - 22:00 H | S: |09:00 - 22:00 H | D: |10:00 - 22:00 H,L: |07:30 - 22:00 H | M: |07:30 - 22:00 H | X: |07:30 - 22:00 H | J: |07:30 - 22:00 H | V: |07:30 - 22:00 H | S: |09:00 - 22:00 H | D: |10:00 - 22:00 H,"40.31189,-3.84531"
C175882,BRICODEPOT (ALCALA DE HENARES),https://www.bricodepot.es,"CENTRO COMERCIAL LOS CUADERNILLOS. A-2 MADRID - BARCELONA, KM 34",,28805,ALCALA DE HENARES,MADRID,ES,+34918871850,,,,40.506132,-3.330745,48624,,regular_dealer,False,False,False,,,False,,,regular-dealer,L: |07:30 - 21:30 H | M: |07:30 - 21:30 H | X: |07:30 - 21:30 H | J: |07:30 - 21:30 H | V: |07:30 - 21:30 H | S: |07:30 - 21:30 H | D: |09:00 - 15:00 h,L: |07:30 - 21:30 H | M: |07:30 - 21:30 H | X: |07:30 - 21:30 H | J: |07:30 - 21:30 H | V: |07:30 - 21:30 H | S: |07:30 - 21:30 H | D: |09:00 - 15:00 h,"40.31189,-3.84531"
C068980,SERVILOTEC (TALLER CENTRAL DE ASISTENCIA TÉCNICA),https://www.servilotec.com/es,FRANCISCO MEDINA MENDOZA P-27,POLÍGONO INDUSTRIAL CABANILLAS DEL CAMPO,19171,CABANILLAS DEL CAMPO,GUADALAJARA,ES,+34949200420,servilotec@servilotec.com,,,40.628393,-3.221384,63432,,regular_dealer,False,False,False,,,False,,,regular-dealer; service-center; service-partner,,,"40.31189,-3.84531"
C175843,ALCASUN,https://www.alcasum.es/,"FRANCISCO MEDINA Y MENDOZA. PARCELA 17 A, NAVE 24 B",,19171,CABANILLAS DEL CAMPO,GUADALAJARA,ES,+34949202670,ferreteria@alcasum.es,,,40.628393,-3.221384,63432,,regular_dealer,False,False,False,,,False,,,regular-dealer,L: |08:00 - 13:30 H y 16:00 - 18:30 H | M: |08:00 - 13:30 H y 16:00 - 18:30 H | X: |08:00 - 13:30 H y 16:00 - 18:30 H | J: |08:00 - 13:30 H y 16:00 - 18:30 H | V: |08:00 - 13:30 H y 16:00 - 18:30 H | S: |Cerrado | D: |Cerrado,L: |08:00 - 13:30 H y 16:00 - 18:30 H | M: |08:00 - 13:30 H y 16:00 - 18:30 H | X: |08:00 - 13:30 H y 16:00 - 18:30 H | J: |08:00 - 13:30 H y 16:00 - 18:30 H | V: |08:00 - 13:30 H y 16:00 - 18:30 H | S: |Cerrado | D: |Cerrado,"40.31189,-3.84531"
C065231,FERRETERIA INDUSTRIAL FER3,,LOIRA 44-46,POLÍGONO INDUSTRIAL ORIOLA,43870,AMPOSTA,TARRAGONA,ES,+34977702784,,,,40.684077,0.583006,44309,,regular_dealer,True,True,False,,,False,,,expert-powertools; premium-partner; regular-dealer,L: |06:30 - 13:00 H y 14:30 - 19:30 H | M: |06:30 - 13:00 H y 14:30 - 19:30 H | X: |06:30 - 13:00 H y 14:30 - 19:30 H | J: |06:30 - 13:00 H y 14:30 - 19:30 H | V: |06:30 - 13:00 H y 14:30 - 19:30 H | S: |08:00 - 13:00 | D: |Cerrado,L: |06:30 - 13:00 H y 14:30 - 19:30 H | M: |06:30 - 13:00 H y 14:30 - 19:30 H | X: |06:30 - 13:00 H y 14:30 - 19:30 H | J: |06:30 - 13:00 H y 14:30 - 19:30 H | V: |06:30 - 13:00 H y 14:30 - 19:30 H | S: |08:00 - 13:00 | D: |Cerrado,"40.31189,0.39571"
C065260,HERRAIZ MAQUINARIA,http://www.herraiz.com,AMPOSTA 46,,43500,TORTOSA,TARRAGONA,ES,+34977501300,info@herraiz.com,+34977503787,,40.810692,0.512013,56324,,regular_dealer,True,True,False,,,False,,,expert-powertools; premium-partner; regular-dealer,L: |08:00 - 13:30 H y 15:00 - 19:30 H | M: |08:00 - 13:30 H y 15:00 - 19:30 H | X: |08:00 - 13:30 H y 15:00 - 19:30 H | J: |08:00 - 13:30 H y 15:00 - 19:30 H | V: |08:00 - 13:30 H y 15:00 - 19:30 H | S: |09:00 - 13:00 H | D: |Cerrado,L: |08:00 - 13:30 H y 15:00 - 19:30 H | M: |08:00 - 13:30 H y 15:00 - 19:30 H | X: |08:00 - 13:30 H y 15:00 - 19:30 H | J: |08:00 - 13:30 H y 15:00 - 19:30 H | V: |08:00 - 13:30 H y 15:00 - 19:30 H | S: |09:00 - 13:00 H | D: |Cerrado,"40.31189,0.39571"
C250981,BIGMAT OCHOA,https://bigmatochoa.com/,"AVENIDA FALSET, 175",,43206,REUS,TARRAGONA,ES,+34977323500,ochoa@bigmat.es,,,41.162946,1.074379,110560,,regular_dealer,True,True,False,,,False,,,expert-powertools; premium-partner; regular-dealer,L: |07:00 - 19:00 H | M: |07:00 - 19:00 H | X: |07:00 - 19:00 H | J: |07:00 - 19:00 H | V: |07:00 - 19:00 H | S: |07:00 - 13:00 H | D: |Cerrado,L: |07:00 - 19:00 H | M: |07:00 - 19:00 H | X: |07:00 - 19:00 H | J: |07:00 - 19:00 H | V: |07:00 - 19:00 H | S: |07:00 - 13:00 H | D: |Cerrado,"40.31189,0.39571"
C058762,MADERAS DEL ALTO URGEL,https://www.mausa.es/,"CARRER DEL COURE, 20. POLÍGONO INDUSTRIAL RIU CLAR",POLÍGONO INDUSTRIAL RIU CLAR,43006,TARRAGONA,TARRAGONA,ES,+34977904050,info@mausa.es,,,41.138083,1.218116,115070,,regular_dealer,True,True,False,,,False,,,expert-powertools; premium-partner; regular-dealer,L: |07:30 - 13:00 H y 15:00 - 18:15 H | M: |07:30 - 13:00 H y 15:00 - 18:15 H | X: |07:30 - 13:00 H y 15:00 - 18:15 H | J: |07:30 - 13:00 H y 15:00 - 18:15 H | V: |07:30 - 13:00 H y 15:00 - 17:00 H | S: |Cerrado | D: |Cerrado,L: |07:30 - 13:00 H y 15:00 - 18:15 H | M: |07:30 - 13:00 H y 15:00 - 18:15 H | X: |07:30 - 13:00 H y 15:00 - 18:15 H | J: |07:30 - 13:00 H y 15:00 - 18:15 H | V: |07:30 - 13:00 H y 15:00 - 17:00 H | S: |Cerrado | D: |Cerrado,"40.31189,0.39571"
C058614,FERRETERÍA INDUSTRIAL CORNEJO,http://www.ficsuministros.com/,"CARRER DEL PLOM, 76. POLÍGONO INDUSTRIAL RIU CLAR",POLÍGONO INDUSTRIAL RIU CLAR,43006,TARRAGONA,TARRAGONA,ES,+34977554176,ficonline@ficsuministros.com,,,41.1404,1.228918,115824,,regular_dealer,True,True,False,,,False,,,expert-powertools; premium-partner; regular-dealer,,,"40.31189,0.39571"
C058795,METALCO TARRAGONA,https://prolians.es/,POLÍGONO INDUSTRIAL RIU CLAR - PARCELA 5.1.5,APARTADO DE CORREOS 1324,43006,TARRAGONA,TARRAGONA,ES,+34977206477,ventastarragona@prolians.es,,,41.1404,1.228918,115824,,TRADITIONAL_TRADE; regular_dealer,True,True,False,,,False,,,expert-powertools; offline-traditional-trade; premium-partner; regular-dealer,,,"40.31189,0.39571"
C058621,FERRETERIA JAUME,http://www.ferreteriajaume.com,CL MONTFERRI 2,,43830,TORREDEMBARRA,TARRAGONA,ES,+34977643901,torredembarra@optimusferreteria.cat,,,41.156198,1.392379,125952,,regular_dealer,True,True,False,,,False,,,expert-powertools; premium-partner; regular-dealer,L: |08:30 - 13:30 H y 15:30 - 20:00 H | M: |08:30 - 13:30 H y 15:30 - 20:00 H | X: |08:30 - 13:30 H y 15:30 - 20:00 H | J: |08:30 - 13:30 H y 15:30 - 20:00 H | V: |08:30 - 13:30 H y 15:30 - 20:00 H | S: |08:30 - 13:30 H y 16:00 - 20:00 H | D: |Cerrado,L: |08:30 - 13:30 H y 15:30 - 20:00 H | M: |08:30 - 13:30 H y 15:30 - 20:00 H | X: |08:30 - 13:30 H y 15:30 - 20:00 H | J: |08:30 - 13:30 H y 15:30 - 20:00 H | V: |08:30 - 13:30 H y 15:30 - 20:00 H | S: |08:30 - 13:30 H y 16:00 - 20:00 H | D: |Cerrado,"40.31189,0.39571"
C065234,FERRETERIA JAUME,http://www.ferreteriajaume.com,"CARRETEREA TARRAGONA, 22",,43700,EL VENDRELL,TARRAGONA,ES,+34977662062,elvendrell@optimusferreteria.cat,,,41.21041,1.53302,138401,,regular_dealer,True,True,False,,,False,,,expert-powertools; premium-partner; regular-dealer,L: |08:00 - 20:00 H | M: |08:00 - 20:00 H | X: |08:00 - 20:00 H | J: |08:00 - 20:00 H | V: |08:00 - 20:00 H | S: |08:00 - 20:00 H | D: |Cerrado,L: |08:00 - 20:00 H | M: |08:00 - 20:00 H | X: |08:00 - 20:00 H | J: |08:00 - 20:00 H | V: |08:00 - 20:00 H | S: |08:00 - 20:00 H | D: |Cerrado,"40.31189,0.39571"
C058765,MADERAS DEL ALTO URGEL,https://www.mausa.es/,"CAMÍ DE REUS, 1. A7 SALIDA 1.148",,43391,VINYOLS I ELS ARCS - CAMBRILS,TARRAGONA,ES,+34977904050,info@mausa.es,,,41.078641,1.061439,102068,,regular_dealer,True,False,False,,,False,,,premium-partner; regular-dealer,L: |09:00 - 13:00 H y 15:00 - 19:00 H | M: |09:00 - 13:00 H y 15:00 - 19:00 H | X: |09:00 - 13:00 H y 15:00 - 19:00 H | J: |09:00 - 13:00 H y 15:00 - 19:00 H | V: |09:00 - 13:00 H y 15:00 - 19:00 H | S: |09:00 - 13:00 H | D: |Cerrado,L: |09:00 - 13:00 H y 15:00 - 19:00 H | M: |09:00 - 13:00 H y 15:00 - 19:00 H | X: |09:00 - 13:00 H y 15:00 - 19:00 H | J: |09:00 - 13:00 H y 15:00 - 19:00 H | V: |09:00 - 13:00 H y 15:00 - 19:00 H | S: |09:00 - 13:00 H | D: |Cerrado,"40.31189,0.39571"
C024738,LEROY MERLIN TORTOSA (COMPACT),https://www.leroymerlin.es/,"AVENIDA DE LA GENERALITAT, 195-197",,43500,TORTOSA,TARRAGONA,ES,+34977510330,,,,40.799909,0.520396,55275,,DIY; regular_dealer,False,False,False,,,False,,,diy; regular-dealer,L: |08:30 - 21:00 H | M: |08:30 - 21:00 H | X: |08:30 - 21:00 H | J: |08:30 - 21:00 H | V: |08:30 - 21:00 H | S: |08:30 - 21:00 H | D: |Cerrado,L: |08:30 - 21:00 H | M: |08:30 - 21:00 H | X: |08:30 - 21:00 H | J: |08:30 - 21:00 H | V: |08:30 - 21:00 H | S: |08:30 - 21:00 H | D: |Cerrado,"40.31189,0.39571"
C175897,BRICODEPOT (TARRAGONA),https://www.bricodepot.es,N-340 CARRETERA DE VALÈNCIA KM 1152,,43006,TARRAGONA,TARRAGONA,ES,+34977090990,,,,41.114941,1.205142,112367,,regular_dealer,False,False,False,,,False,,,regular-dealer,L: |07:00 - 21:00 H | M: |07:00 - 21:00 H | X: |07:00 - 21:00 H | J: |07:00 - 21:00 H | V: |07:00 - 21:00 H | S: |07:00 - 21:00 H | D: |Cerrado,L: |07:00 - 21:00 H | M: |07:00 - 21:00 H | X: |07:00 - 21:00 H | J: |07:00 - 21:00 H | V: |07:00 - 21:00 H | S: |07:00 - 21:00 H | D: |Cerrado,"40.31189,0.39571"
C069522,LEROY MERLIN TARRAGONA,http://www.leroymerlin.es/,"JOSEP MARIA FOLCH I TORRES, 3",,43006,TARRAGONA,TARRAGONA,ES,+34977556403,,,,41.130924,1.202361,113639,,regular_dealer,False,False,False,,,False,,,regular-dealer,L: |08:30 - 21:00 H | M: |08:30 - 21:00 H | X: |08:30 - 21:00 H | J: |08:30 - 21:00 H | V: |08:30 - 21:00 H | S: |08:30 - 21:00 H | D: |Cerrado,L: |08:30 - 21:00 H | M: |08:30 - 21:00 H | X: |08:30 - 21:00 H | J: |08:30 - 21:00 H | V: |08:30 - 21:00 H | S: |08:30 - 21:00 H | D: |Cerrado,"40.31189,0.39571"
C069555,BAUHAUS TARRAGONA,https://www.bauhaus.es/,"POLÍGONO INDUSTRIAL LES GAVARRES PP9 F2. AUTOVIA REUS-TARRAGONA, KM 4",,43006,TARRAGONA,TARRAGONA,ES,+34972529533,tarragona@bauhaus.es,,,41.12826,1.20629,113601,,DIY; regular_dealer,False,False,False,,,False,,,diy; regular-dealer,L: |09:00 - 21:30 H | M: |09:00 - 21:30 H | X: |09:00 - 21:30 H | J: |09:00 - 21:30 H | V: |09:00 - 21:30 H | S: |09:00 - 21:30 H | D: |Cerrado,L: |09:00 - 21:30 H | M: |09:00 - 21:30 H | X: |09:00 - 21:30 H | J: |09:00 - 21:30 H | V: |09:00 - 21:30 H | S: |09:00 - 21:30 H | D: |Cerrado,"40.31189,0.39571"
C162928,OBRAMAT TARRAGONA,https://www.obramat.es/,"CARRETERA VELLA DE VALENCIA, 6 A. POLÍGONO INDUSTRIAL FRANCOLI",,43006,TARRAGONA,TARRAGONA,ES,+34977050238,info.tarragona@obramat.es,,,41.115402,1.232051,113798,,regular_dealer,False,False,False,,,False,,,regular-dealer,L: |07:00 - 21:00 H | M: |07:00 - 21:00 H | X: |07:00 - 21:00 H | J: |07:00 - 21:00 H | V: |07:00 - 21:00 H | S: |07:00 - 21:00 H | D: |Cerrado,L: |07:00 - 21:00 H | M: |07:00 - 21:00 H | X: |07:00 - 21:00 H | J: |07:00 - 21:00 H | V: |07:00 - 21:00 H | S: |07:00 - 21:00 H | D: |Cerrado,"40.31189,0.39571"
C068988,TALLER ELÉCTRICO ABE-MAR (TALLER DE ASISTENCIA TÉCNICA),,"SMITH, 41 BAJO",,43004,TARRAGONA,TARRAGONA,ES,+34977212319,taller@abemar.org,,,41.111817,1.246884,114267,,regular_dealer,False,False,False,,,False,,,regular-dealer; service-center; service-partner,,,"40.31189,0.39571"
C069551,LEROY MERLIN RODA DE BERÁ (COMPACT),https://www.leroymerlin.es/,"MARIA CALLAS, 2",,43883,TARRAGONA,TARRAGONA,ES,+34977138237,,,,41.186267,1.45797,132128,,regular_dealer,False,False,False,,,False,,,regular-dealer,L: |08:30 - 21:00 H | M: |08:30 - 21:00 H | X: |08:30 - 21:00 H | J: |08:30 - 21:00 H | V: |08:30 - 21:00 H | S: |08:30 - 21:00 H | D: |09:00 - 15:00 H,D: |Cerrado,"40.31189,0.39571"
C058618,FERRETERIA JAUME,http://www.ferreteriajaume.com,AVENIDA BARCELONA S/N,POLIGONO INDUSTRIAL ELS ARCS INDS,43881,CUNIT,TARRAGONA,ES,+34977676171,cunit@optimusferreteria.cat,,,41.197652,1.628185,99662,,regular_dealer,True,True,False,,,False,,,expert-powertools; premium-partner; regular-dealer,L: |09:00 - 13:30 H y 16:00 - 20:00 H | M: |09:00 - 13:30 H y 16:00 - 20:00 H | X: |09:00 - 13:30 H y 16:00 - 20:00 H | J: |09:00 - 13:30 H y 16:00 - 20:00 H | V: |09:00 - 13:30 H y 16:00 - 20:00 H | S: |09:00 - 13:30 H y 16:00 - 20:00 H | D: |10:00 - 14:00 H,L: |09:00 - 13:30 H y 16:00 - 20:00 H | M: |09:00 - 13:30 H y 16:00 - 20:00 H | X: |09:00 - 13:30 H y 16:00 - 20:00 H | J: |09:00 - 13:30 H y 16:00 - 20:00 H | V: |09:00 - 13:30 H y 16:00 - 20:00 H | S: |09:00 - 13:30 H y 16:00 - 20:00 H | D: |10:00 - 14:00 H,"40.31189,1.80938"
C250983,EXCLUSIVAS MAOR,https://maorferreteria.es/,"GENERAL ALMIRANTE, 14",,47003,VALLADOLID,VALLADOLID,ES,+34983295557,maor@maorferreteria.es,,,41.654114,-4.727562,48389,,regular_dealer,True,True,False,,,False,,,expert-powertools; premium-partner; regular-dealer,,,"41.38987,-5.18942"
C001980,EXCLUSIVAS MAOR,https://maorferreteria.es/,"ESTAÑO, 31",,47012,VALLADOLID,VALLADOLID,ES,+34983295557,maor@maorferreteria.es,,,41.618128,-4.70686,47527,,ONLINE_PURE_PLAYER; TRADITIONAL_TRADE; regular_dealer,True,True,False,DELIVERY_TO_CONSTRUCTION; HOME_DELIVERY; NORMAL; PICKUP,CASH; CREDITCARD; INVOICE; PAYPAL; VISA,False,,company.b2b; company.b2c,construction; expert-powertools; offline-traditional-trade; premium-partner; regular-dealer,L: |08:00 - 19:30 H | M: |08:00 - 19:30 H | X: |08:00 - 19:30 H | J: |08:00 - 19:30 H | V: |08:00 - 19:30 H | S: |Cerrado | D: |Cerrado,L: |08:00 - 19:30 H | M: |08:00 - 19:30 H | X: |08:00 - 19:30 H | J: |08:00 - 19:30 H | V: |08:00 - 19:30 H | S: |Cerrado | D: |Cerrado,"41.38987,-5.18942"
C058842,SALI SUMINISTROS. S.L.,http://www.segopi.es/,"CALLE TURQUESA, 44",POLÍGONO INDUSTRIAL SAN CRISTÓBAL,47014,VALLADOLID,VALLADOLID,ES,+34983200237,segopi@segopi.com,,,41.621225,-4.697494,48369,,regular_dealer,True,True,False,,,False,,,expert-powertools; premium-partner; regular-dealer,,,"41.38987,-5.18942"
C073779,LEROY MERLIN VALLADOLID,https://www.leroymerlin.es/,"AUTOVÍA DE CASTILLA, SALIDA 128. CENTRO COMERCIAL RIO SHOPPING",CENTRO COMERCIAL RIO SHOPPING,47195,ARROYO DE LA ENCOMIENDA,VALLADOLID,ES,+34983328700,,,,41.628088,-4.787408,42685,,regular_dealer,False,False,False,,,False,,,regular-dealer,L: |07:00 - 22:00 H | M: |07:00 - 22:00 H | X: |07:00 - 22:00 H | J: |07:00 - 22:00 H | V: |07:00 - 22:00 H | S: |09:00 - 22:00 H | D: |Cerrado,L: |07:00 - 22:00 H | M: |07:00 - 22:00 H | X: |07:00 - 22:00 H | J: |07:00 - 22:00 H | V: |07:00 - 22:00 H | S: |09:00 - 22:00 H | D: |Cerrado,"41.38987,-5.18942"
C175876,BRICODEPOT (LAGUNA DEL DUERO),https://www.bricodepot.es,CENTRO COMERCIAL PARQUE LAGUNA. N-601 SALUDA PRADO BOYAL,,47140,LAGUNA DE DUERO,VALLADOLID,ES,+34983546271,,,,41.593083,-4.722935,44944,,regular_dealer,False,False,False,,,False,,,regular-dealer,L: |08:00 - 21:00 H | M: |08:00 - 21:00 H | X: |08:00 - 21:00 H | J: |08:00 - 21:00 H | V: |08:00 - 21:00 H | S: |08:00 - 21:00 H | D: |Cerrado,L: |08:00 - 21:00 H | M: |08:00 - 21:00 H | X: |08:00 - 21:00 H | J: |08:00 - 21:00 H | V: |08:00 - 21:00 H | S: |08:00 - 21:00 H | D: |Cerrado,"41.38987,-5.18942"
C058878,SUMINISTRO INDUSTRIAL SYRESA,https://www.syresa.es/,"PIRITA, 61",POLIGONO INDUSTRIAL SAN CRISTÓBAL,47012,VALLADOLID,VALLADOLID,ES,+34983390833,ventas@syresa.es,,,41.620088,-4.703309,47892,,regular_dealer,False,False,False,,,False,,,regular-dealer,L: |08:15 - 14:00 H y 16:00 - 19:30 H | M: |08:15 - 14:00 H y 16:00 - 19:30 H | X: |08:15 - 14:00 H y 16:00 - 19:30 H | J: |08:15 - 14:00 H y 16:00 - 19:30 H | V: |08:15 - 14:00 H y 16:00 - 19:30 H | S: |Cerrado | D: |Cerrado,L: |08:15 - 14:00 H y 16:00 - 19:30 H | M: |08:15 - 14:00 H y 16:00 - 19:30 H | X: |08:15 - 14:00 H y 16:00 - 19:30 H | J: |08:15 - 14:00 H y 16:00 - 19:30 H | V: |08:15 - 14:00 H y 16:00 - 19:30 H | S: |Cerrado | D: |Cerrado,"41.38987,-5.18942"
C001824,OBRAMAT  VALLADOLID,https://www.obramat.es,"NIQUEL, 6. POLÍGONO INDUSTRIAL SAN CRISTÓBAL",POLÍGONO INDUSTRIAL SAN CRISTÓBAL,47012,VALLADOLID,VALLADOLID,ES,+34983219600,info.valladolid@obramat.es,,,41.629898,-4.705284,48344,,DIY; regular_dealer,False,False,False,,,False,,,diy; regular-dealer,L: |07:30 - 22:00 H | M: |07:30 - 22:00 H | X: |07:30 - 22:00 H | J: |07:30 - 22:00 H | V: |07:30 - 22:00 H | S: |07:30 - 22:00 H | D: |Cerrado,L: |07:30 - 22:00 H | M: |07:30 - 22:00 H | X: |07:30 - 22:00 H | J: |07:30 - 22:00 H | V: |07:30 - 22:00 H | S: |07:30 - 22:00 H | D: |Cerrado,"41.38987,-5.18942"
C069499,BIGMAT CAMARA,https://www.bigmatlaplataforma.es/es/info/bigmat-camara,"NIQUEL, 2. POLÍGONO INDUSTRIAL SAN CRISTOBAL",POLÍGONO INDUSTRIAL SAN CRISTOBAL,47012,VALLADOLID,VALLADOLID,ES,+34983296400,valladolid@bigmat.es,,,41.629776,-4.704223,48411,,regular_dealer,False,False,False,,,False,,,regular-dealer,L: |08:00 - 13:00 H y 15:30 - 19:30 H | M: |08:00 - 13:00 H y 15:30 - 19:30 H | X: |08:00 - 13:00 H y 15:30 - 19:30 H | J: |08:00 - 13:00 H y 15:30 - 19:30 H | V: |08:00 - 13:00 H y 15:30 - 19:30 H | S: |09:30 - 13:00 H | D: |Cerrado,L: |08:00 - 13:00 H y 15:30 - 19:30 H | M: |08:00 - 13:00 H y 15:30 - 19:30 H | X: |08:00 - 13:00 H y 15:30 - 19:30 H | J: |08:00 - 13:00 H y 15:30 - 19:30 H | V: |08:00 - 13:00 H y 15:30 - 19:30 H | S: |09:30 - 13:00 H | D: |Cerrado,"41.38987,-5.18942"
C087588,SALMACAR C.B. (TALLER DE ASISTENCIA TÉCNICA),,"TEMPLARIOS, 6",,47011,VALLADOLID,VALLADOLID,ES,+34983399621,,,,41.651563,-4.70787,49535,,regular_dealer,False,False,False,,,False,,,regular-dealer; service-center; service-partner,L: |09:00 - 13:30 H y 16:00 - 19:30 H | M: |09:00 - 13:30 H y 16:00 - 19:30 H | X: |09:00 - 13:30 H y 16:00 - 19:30 H | J: |09:00 - 13:30 H y 16:00 - 19:30 H | V: |09:00 - 13:30 H y 16:00 - 19:30 H | S: |Cerrado | D: |Cerrado,L: |09:00 - 13:30 H y 16:00 - 19:30 H | M: |09:00 - 13:30 H y 16:00 - 19:30 H | X: |09:00 - 13:30 H y 16:00 - 19:30 H | J: |09:00 - 13:30 H y 16:00 - 19:30 H | V: |09:00 - 13:30 H y 16:00 - 19:30 H | S: |Cerrado | D: |Cerrado,"41.38987,-5.18942"
C058497,BLAPE,https://www.blape.com,"CARRETERA BURGOS-PORTUGAL, KM 119 A",,47009,VALLADOLID,VALLADOLID,ES,+34983338033,blape@blape.es,,,41.694874,-4.715977,51985,,regular_dealer,False,False,False,,,False,,,regular-dealer,,,"41.38987,-5.18942"
C025050,LEROY MERLIN PALENCIA (COMPACT),https://www.leroymerlin.es/,"AVENIDA BRASILIA, 5. LOCAL 1. POLÍGONO COMERCIAL ARAMBOL",POLÍGONO COMERCIAL ARAMBOL,34004,PALENCIA,PALENCIA,ES,+34979178357,,,,42.012666,-4.519228,88829,,DIY; regular_dealer,False,False,False,,,False,,,diy; regular-dealer,L: |08:00 - 22:00 H | M: |08:00 - 22:00 H | X: |08:00 - 22:00 H | J: |08:00 - 22:00 H | V: |08:00 - 22:00 H | S: |09:00 - 22:00 H | D: |Cerrado,L: |08:00 - 22:00 H | M: |08:00 - 22:00 H | X: |08:00 - 22:00 H | J: |08:00 - 22:00 H | V: |08:00 - 22:00 H | S: |09:00 - 22:00 H | D: |Cerrado,"41.38987,-5.18942"
C076841,BIGMAT CAMARA,https://www.bigmatlaplataforma.es/es/info/bigmat-camara,"AVENIDA DE CUBA, 42",,34003,PALENCIA,PALENCIA,ES,+34979723462,palencia@bigmat.es,,,42.015475,-4.516496,89214,,regular_dealer,False,False,False,,,False,,,regular-dealer,L: |08:00 - 13:00 H y 15:30 - 19:00 H | M: |08:00 - 13:00 H y 15:30 - 19:00 H | X: |08:00 - 13:00 H y 15:30 - 19:00 H | J: |08:00 - 13:00 H y 15:30 - 19:00 H | V: |08:00 - 13:00 H y 15:30 - 19:00 H | S: |09:30 - 13:30 H | D: |Cerrado,L: |08:00 - 13:00 H y 15:30 - 19:00 H | M: |08:00 - 13:00 H y 15:30 - 19:00 H | X: |08:00 - 13:00 H y 15:30 - 19:00 H | J: |08:00 - 13:00 H y 15:30 - 19:00 H | V: |08:00 - 13:00 H y 15:30 - 19:00 H | S: |09:30 - 13:30 H | D: |Cerrado,"41.38987,-5.18942"
C058897,SUMINISTROS INDUSTRIALES HERRERA,https://www.suministrosherrera.es/,"VALLADOLID, 18",,09400,ARANDA DE DUERO,BURGOS,ES,+34947546400,info@suministrosherrera.es,,,41.668985,-3.692421,31435,,regular_dealer,True,True,False,,,False,,,expert-powertools; premium-partner; regular-dealer,L: |08:30 - 14:00 H y 15:30 - 19:00 H | M: |08:30 - 14:00 H y 15:30 - 19:00 H | X: |08:30 - 14:00 H y 15:30 - 19:00 H | J: |08:30 - 14:00 H y 15:30 - 19:00 H | V: |08:30 - 14:00 H y 15:30 - 19:00 H | S: |09:00 - 13:00 H | D: |Cerrado,L: |08:30 - 14:00 H y 15:30 - 19:00 H | M: |08:30 - 14:00 H y 15:30 - 19:00 H | X: |08:30 - 14:00 H y 15:30 - 19:00 H | J: |08:30 - 14:00 H y 15:30 - 19:00 H | V: |08:30 - 14:00 H y 15:30 - 19:00 H | S: |09:00 - 13:00 H | D: |Cerrado,"41.38987,-3.75256"
C058834,RODAMIENTOS DUERO,http://www.rodamientosduero.es/,"AVENIDA MONTECILLO PARCELA 24, NAVE 6",POLÍGONO INDUSTRIAL ALLENDEDUERO,09400,ARANDA DE DUERO,BURGOS,ES,+34947505001,aranda@rodamientosduero.com,,,41.672357,-3.702478,31685,,BUILDING_CONSTRUCTION; regular_dealer,False,False,False,DELIVERY_TO_CONSTRUCTION; HOME_DELIVERY; NORMAL; PICKUP,BANK_TRANSFER; CASH; CREDITCARD; DEBIT; INVOICE; VISA,False,,company.b2b; company.b2c,construction; regular-dealer,,,"41.38987,-3.75256"
C076806,LEROY MERLIN SORIA,https://www.leroymerlin.es/,"CALLE A, 9A. POLÍGONO INDUSTRIAL LAS CASAS",POLÍGONO INDUSTRIAL LAS CASAS,42005,SORIA,SORIA,ES,+34975244246,,,,41.780842,-2.486766,45741,,regular_dealer,False,False,False,,,False,,,regular-dealer,L: |09:00 - 22:00 H | M: |09:00 - 22:00 H | X: |09:00 - 22:00 H | J: |09:00 - 22:00 H | V: |09:00 - 22:00 H | S: |09:00 - 22:00 H | D: |Cerrado,L: |09:00 - 22:00 H | M: |09:00 - 22:00 H | X: |09:00 - 22:00 H | J: |09:00 - 22:00 H | V: |09:00 - 22:00 H | S: |09:00 - 22:00 H | D: |Cerrado,"41.38987,-2.31569"
C073783,LEROY MERLIN TUDELA (COMPACT),https://www.leroymerlin.es/,"CARRETERA CORELLA, SALIDA 94",A68-VIA DEL RIO COLMAR,31500,TUDELA,NAVARRA,ES,+34948414955,,,,42.058929,-1.631369,93590,,regular_dealer,False,False,False,,,False,,,regular-dealer,L: |09:00 - 22:00 H | M: |09:00 - 22:00 H | X: |09:00 - 22:00 H | J: |09:00 - 22:00 H | V: |09:00 - 22:00 H | S: |09:00 - 22:00 H | D: |Cerrado,L: |09:00 - 22:00 H | M: |09:00 - 22:00 H | X: |09:00 - 22:00 H | J: |09:00 - 22:00 H | V: |09:00 - 22:00 H | S: |09:00 - 22:00 H | D: |Cerrado,"41.38987,-2.31569"
C058883,SUMINISTROS DALMO,,"POLÍGONO INDUSTRIAL LAS LABRADAS. CALLE CANTABRIA, PARCELA 11, 1",POLÍGONO INDUSTRIAL LAS LABRADAS,31500,TUDELA,NAVARRA,ES,+34948412287,dalmo@dalmo.e.telefonica.net,,,42.066904,-1.637447,93991,,regular_dealer,False,False,False,,,False,,,regular-dealer,L: |08:30 - 13:00 H y 15:30 - 18:00 H | M: |08:30 - 13:00 H y 15:30 - 18:00 H | X: |08:30 - 13:00 H y 15:30 - 18:00 H | J: |08:30 - 13:00 H y 15:30 - 18:00 H | V: |08:30 - 13:00 H y 15:30 - 18:00 H | S: |Cerrado | D: |Cerrado,L: |08:30 - 13:00 H y 15:30 - 18:00 H | M: |08:30 - 13:00 H y 15:30 - 18:00 H | X: |08:30 - 13:00 H y 15:30 - 18:00 H | J: |08:30 - 13:00 H y 15:30 - 18:00 H | V: |08:30 - 13:00 H y 15:30 - 18:00 H | S: |Cerrado | D: |Cerrado,"41.38987,-2.31569"
C058863,SINASE ALFONSO,http://www.sinase.com/,"MADRID, 8-10",POLÍGONO INDUSTRIAL LAS LABRADAS,31500,TUDELA,NAVARRA,ES,+34948848173,ferreteria@sinase.es,,,42.187231,-1.482148,112407,,regular_dealer,False,False,False,,,False,,,regular-dealer,L: |08:00 - 13:00 H y 15:15 - 18:30 H | M: |08:00 - 13:00 H y 15:15 - 18:30 H | X: |08:00 - 13:00 H y 15:15 - 18:30 H | J: |08:00 - 13:00 H y 15:15 - 18:30 H | V: |08:00 - 13:00 H y 15:15 - 18:30 H | S: |Cerrado | D: |Cerrado,L: |08:00 - 13:00 H y 15:15 - 18:30 H | M: |08:00 - 13:00 H y 15:15 - 18:30 H | X: |08:00 - 13:00 H y 15:15 - 18:30 H | J: |08:00 - 13:00 H y 15:15 - 18:30 H | V: |08:00 - 13:00 H y 15:15 - 18:30 H | S: |Cerrado | D: |Cerrado,"41.38987,-2.31569"
C024488,SUMINISTROS INDUSTRIALES  HERCO,https://suministrosherco.com/,"CARRETERA VALENCIA KM. 7,700",,50410,CUARTE DE HUERVA,ZARAGOZA,ES,+34976503927,info@suministrosherco.com,,,41.600334,-0.936889,23895,50,BUILDING_CONSTRUCTION; ONLINE_PURE_PLAYER; TRADITIONAL_TRADE; regular_dealer,True,True,False,DELIVERY_TO_CONSTRUCTION; EXPRESS; HOME_DELIVERY; NORMAL; PICKUP,CASH; CREDITCARD; DEBIT; PAYPAL,False,,company.b2b; company.b2c; misc.waitingarea; misc.wifi,construction; expert-powertools; express; offline-traditional-trade; premium-partner; regular-dealer,L: |08:00 - 18:30 H | M: |08:00 - 18:30 H | X: |08:00 - 18:30 H | J: |08:00 - 18:30 H | V: |08:00 - 18:30 H | S: |09:00 - 13:00 H | D: |Cerrado,L: |08:00 - 18:30 H | M: |08:00 - 18:30 H | X: |08:00 - 18:30 H | J: |08:00 - 18:30 H | V: |08:00 - 18:30 H | S: |09:00 - 13:00 H | D: |Cerrado,"41.38987,-0.87883"
C058874,SUMICUART,https://www.sumicuart.com/,"POLÍGONO INDUSTRIAL RIO HUERVA, 31",,50410,CUARTE DE HUERVA,ZARAGOZA,ES,+34976504435,sumicuart@sumicuart.com,,,41.601209,-0.935063,23960,,regular_dealer,True,True,False,HOME_DELIVERY; NORMAL; PICKUP,APPLE_PAY; BANK_TRANSFER; CASH; CREDITCARD; PAYPAL; VISA,False,,company.b2b; company.b2c,expert-powertools; premium-partner; regular-dealer,,,"41.38987,-0.87883"
C058477,ALVEMA,http://www.alvemasa.com,"CAMINO COGULLADA, 24",NAVE 13,50014,ZARAGOZA,ZARAGOZA,ES,+34976471798,info@alvemasa.com,,,41.670777,-0.857535,31284,,regular_dealer,True,True,False,,,False,,,expert-powertools; premium-partner; regular-dealer,,,"41.38987,-0.87883"
C058339,MAINFER,https://www.mainfer.com/,"JUAN DE LA CIERVA, 39. POLÍGONO INDUSTRIAL COGULLADA",POLÍGONO INDUSTRIAL COGULLADA,50014,ZARAGOZA,ZARAGOZA,ES,+34976473354,,,,41.671631,-0.862036,31360,50,ONLINE_PURE_PLAYER; TRADITIONAL_TRADE; regular_dealer,True,True,False,DELIVERY_TO_CONSTRUCTION; HOME_DELIVERY; NORMAL; PICKUP,BANK_TRANSFER; CASH; CREDITCARD; INVOICE; VISA,False,,company.b2b; company.b2c,construction; expert-powertools; offline-traditional-trade; premium-partner; regular-dealer,L: |08:00 - 14:00 H y 16:00 - 19:00 H | M: |08:00 - 14:00 H y 16:00 - 19:00 H | X: |08:00 - 14:00 H y 16:00 - 19:00 H | J: |08:00 - 14:00 H y 16:00 - 19:00 H | V: |08:00 - 14:00 H y 16:00 - 19:00 H | S: |Cerrado | D: |Cerrado,L: |08:00 - 14:00 H y 16:00 - 19:00 H | M: |08:00 - 14:00 H y 16:00 - 19:00 H | X: |08:00 - 14:00 H y 16:00 - 19:00 H | J: |08:00 - 14:00 H y 16:00 - 19:00 H | V: |08:00 - 14:00 H y 16:00 - 19:00 H | S: |Cerrado | D: |Cerrado,"41.38987,-0.87883"
C058790,METALCO ZARAGOZA,https://prolians.es/,"POLÍGONO INDUSTRIAL MOLINO DEL PILAR, NAVES 1-2-3",,50015,ZARAGOZA,ZARAGOZA,ES,+34976737371,zaragoza@prolians.es,,,41.678338,-0.866918,32089,,TRADITIONAL_TRADE; regular_dealer,True,True,False,,,False,,,expert-powertools; offline-traditional-trade; premium-partner; regular-dealer,,,"41.38987,-0.87883"
C250976,BIGMAT OCHOA,https://bigmatochoa.com/,"POLÍGONO INDUSTRIAL PLHUS, PARC.lig 41",,22197,HUESCA,HUESCA,ES,+34974226778,ochoa@bigmat.es,,,42.10247,-0.454697,86694,,regular_dealer,True,True,False,,,False,,,expert-powertools; premium-partner; regular-dealer,L: |07:30 - 13:00 H y 15:00 - 19:00 H | M: |07:30 - 13:00 H y 15:00 - 19:00 H | X: |07:30 - 13:00 H y 15:00 - 19:00 H | J: |07:30 - 13:00 H y 15:00 - 19:00 H | V: |07:30 - 13:00 H y 15:00 - 19:00 H | S: |09:00 - 13:00 H | D: |Cerrado,L: |07:30 - 13:00 H y 15:00 - 19:00 H | M: |07:30 - 13:00 H y 15:00 - 19:00 H | X: |07:30 - 13:00 H y 15:00 - 19:00 H | J: |07:30 - 13:00 H y 15:00 - 19:00 H | V: |07:30 - 13:00 H y 15:00 - 19:00 H | S: |09:00 - 13:00 H | D: |Cerrado,"41.38987,-0.87883"
C058492,BIGMAT OCHOA,https://bigmatochoa.com/,"POLÍGONO INDUSTRIAl PAÚLES, PARCELA 45",,22917,MONZÓN,HUESCA,ES,+34974400223,ochoa@bigmat.es,,,41.915765,0.192822,106515,,regular_dealer,True,True,False,,,False,,,expert-powertools; premium-partner; regular-dealer,L: |08:00 - 13:00 H y 15:00 - 19:00 H | M: |08:00 - 13:00 H y 15:00 - 19:00 H | X: |08:00 - 13:00 H y 15:00 - 19:00 H | J: |08:00 - 13:00 H y 15:00 - 19:00 H | V: |08:00 - 13:00 H y 15:00 - 19:00 H | S: |09:00 - 13:00 H | D: |Cerrado,L: |08:00 - 13:00 H y 15:00 - 19:00 H | M: |08:00 - 13:00 H y 15:00 - 19:00 H | X: |08:00 - 13:00 H y 15:00 - 19:00 H | J: |08:00 - 13:00 H y 15:00 - 19:00 H | V: |08:00 - 13:00 H y 15:00 - 19:00 H | S: |09:00 - 13:00 H | D: |Cerrado,"41.38987,-0.87883"
C250980,BIGMAT OCHOA,https://bigmatochoa.com/,"AVENIDA DE LOS PIRINEOS, 66-70",,22300,BARBASTRO,HUESCA,ES,+34974110916,ochoa@bigmat.es,,,42.041911,0.138091,111263,,regular_dealer,True,True,False,,,False,,,expert-powertools; premium-partner; regular-dealer,L: |07:00 - 19:00 H | M: |07:00 - 19:00 H | X: |07:00 - 19:00 H | J: |07:00 - 19:00 H | V: |07:00 - 19:00 H | S: |09:00 - 13:00 H | D: |Cerrado,L: |07:00 - 19:00 H | M: |07:00 - 19:00 H | X: |07:00 - 19:00 H | J: |07:00 - 19:00 H | V: |07:00 - 19:00 H | S: |09:00 - 13:00 H | D: |Cerrado,"41.38987,-0.87883"
C250977,BIGMAT OCHOA,https://bigmatochoa.com/,"PARAJE EL PEREL, S/N",,22500,BINÉFAR,HUESCA,ES,+34974427959,ochoa@bigmat.es,,,41.84852,0.296054,110171,,regular_dealer,True,True,False,,,False,,,expert-powertools; premium-partner; regular-dealer,L: |07:30 - 13:00 H y 15:00 - 19:00 H | M: |07:30 - 13:00 H y 15:00 - 19:00 H | X: |07:30 - 13:00 H y 15:00 - 19:00 H | J: |07:30 - 13:00 H y 15:00 - 19:00 H | V: |07:30 - 13:00 H y 15:00 - 19:00 H | S: |09:00 - 13:00 H | D: |Cerrado,L: |07:30 - 13:00 H y 15:00 - 19:00 H | M: |07:30 - 13:00 H y 15:00 - 19:00 H | X: |07:30 - 13:00 H y 15:00 - 19:00 H | J: |07:30 - 13:00 H y 15:00 - 19:00 H | V: |07:30 - 13:00 H y 15:00 - 19:00 H | S: |09:00 - 13:00 H | D: |Cerrado,"41.38987,-0.87883"
C005752,Patner Iberia S.L.,https://www.europeantools.es/,Avenida de Manuel Rodríguez Ayuso 114,Centro Empresarial Miralbueno,50012,Zaragoza,,ES,+34 976 336504,patner@patneriberia.es,,,41.645173,-0.935937,28782,50,ONLINE_PURE_PLAYER; TRADITIONAL_TRADE; regular_dealer,False,True,False,DELIVERY_TO_CONSTRUCTION; EXPRESS; HOME_DELIVERY; NORMAL; PICKUP,BANK_TRANSFER; CASH; CREDITCARD; DEBIT; EC_CARD; INVOICE; VISA,False,,company.b2c; delivery.deliveryservice; misc.waitingarea,construction; expert-powertools; express; offline-traditional-trade; regular-dealer,L: |08:30 - 13:00 H y 16:00 - 19:30 H | M: |08:30 - 13:00 H y 16:00 - 19:30 H | X: |08:30 - 13:00 H y 16:00 - 19:30 H | J: |08:30 - 13:00 H y 16:00 - 19:30 H | V: |08:30 - 13:00 H y 16:00 - 19:30 H | S: Cerrado | D: Cerrado,L: |08:30 - 13:00 H y 16:00 - 19:30 H | M: |08:30 - 13:00 H y 16:00 - 19:30 H | X: |08:30 - 13:00 H y 16:00 - 19:30 H | J: |08:30 - 13:00 H y 16:00 - 19:30 H | V: |08:30 - 13:00 H y 16:00 - 19:30 H | S: Cerrado | D: Cerrado,"41.38987,-0.87883"
C087267,EUROPEAN TOOLS,https://www.europeantools.es/,"AVENIDA MANUEL RODRIGUEZ AYUSO, 114",CENTRO NEGOCIOS MIRALBUENO,50012,ZARAGOZA,ZARAGOZA,ES,+34976336504,contacto@europeantools.es,,,41.64501,-0.936026,28765,,regular_dealer,True,False,False,,,False,,,premium-partner; regular-dealer,L: |08:30 - 13:00 H y 16:00 - 19:30 H | M: |08:30 - 13:00 H y 16:00 - 19:30 H | X: |08:30 - 13:00 H y 16:00 - 19:30 H | J: |08:30 - 13:00 H y 16:00 - 19:30 H | V: |08:30 - 13:00 H y 16:00 - 19:30 H | S: |Cerrado | D: |Cerrado,L: |08:30 - 13:00 H y 16:00 - 19:30 H | M: |08:30 - 13:00 H y 16:00 - 19:30 H | X: |08:30 - 13:00 H y 16:00 - 19:30 H | J: |08:30 - 13:00 H y 16:00 - 19:30 H | V: |08:30 - 13:00 H y 16:00 - 19:30 H | S: |Cerrado | D: |Cerrado,"41.38987,-0.87883"
C070770,LEROY MERLIN PUERTO VENECIA,https://www.leroymerlin.es/,POLIGONO COMERCIAL PUERTO VENECIA,,50012,ZARAGOZA,ZARAGOZA,ES,+34976700610,,,,41.609546,-0.886956,24435,,regular_dealer,False,False,False,,,False,,,regular-dealer,L: |07:30 - 22:00 H | M: |07:30 - 22:00 H | X: |07:30 - 22:00 H | J: |07:30 - 22:00 H | V: |07:30 - 22:00 H | S: |07:30 - 22:00 H | D: |Cerrado,V: |09:00 - 22:00 H,"41.38987,-0.87883"
C175850,HNTOOLS,https://hntools.es/,"PARQUE EMPRESARIAL INBISA POLÍGONO MALPICA II CALLE E, 32-39, NAVES 12 A 14",,50016,ZARAGOZA,ZARAGOZA,ES,+34976465540,web@hntools.es,,,41.648823,-0.889085,28805,,regular_dealer,False,False,False,,,False,,,regular-dealer,L: |08:00 - 14:00 H y 15:00 - 18:00 H | M: |08:00 - 14:00 H y 15:00 - 18:00 H | X: |08:00 - 14:00 H y 15:00 - 18:00 H | J: |08:00 - 14:00 H y 15:00 - 18:00 H | V: |08:00 - 14:00 H | S: |Cerrado | D: |Cerrado,L: |08:00 - 14:00 H y 15:00 - 18:00 H | M: |08:00 - 14:00 H y 15:00 - 18:00 H | X: |08:00 - 14:00 H y 15:00 - 18:00 H | J: |08:00 - 14:00 H y 15:00 - 18:00 H | V: |08:00 - 14:00 H | S: |Cerrado | D: |Cerrado,"41.38987,-0.87883"
C175881,BRICODEPOT (ZARAGOZA),https://www.bricodepot.es,AUTOVÍA DE ZARAGOZA - LOGROÑO,,50011,ZARAGOZA,,ES,+34976783140,,,,41.648823,-0.889085,28805,,regular_dealer,False,False,False,,,False,,,regular-dealer,L: |08:00 - 21:00 H | M: |08:00 - 21:00 H | X: |08:00 - 21:00 H | J: |08:00 - 21:00 H | V: |08:00 - 21:00 H | S: |08:00 - 21:00 H | D: |Cerrado,L: |08:00 - 21:00 H | M: |08:00 - 21:00 H | X: |08:00 - 21:00 H | J: |08:00 - 21:00 H | V: |08:00 - 21:00 H | S: |08:00 - 21:00 H | D: |Cerrado,"41.38987,-0.87883"
C058898,SUMINISTROS INDUSTRIALES JALÓN,https://www.sijalon.com/,"LA SABINA, 61",POLÍGONO MALPICA – ALFINDEN,50057,LA PUEBLA DE ALFIDEN,ZARAGOZA,ES,+34976109870,sijalon@sijalon.net,,,41.632422,-0.749716,29032,,regular_dealer,False,False,False,,,False,,,regular-dealer,L: |08:00 - 14:00 H y 15:30 - 19:00 H | M: |08:00 - 14:00 H y 15:30 - 19:00 H | X: |08:00 - 14:00 H y 15:30 - 19:00 H | J: |08:00 - 14:00 H y 15:30 - 19:00 H | V: |08:00 - 14:00 H y 15:30 - 19:00 H | S: |Cerrado | D: |Cerrado,L: |08:00 - 14:00 H y 15:30 - 19:00 H | M: |08:00 - 14:00 H y 15:30 - 19:00 H | X: |08:00 - 14:00 H y 15:30 - 19:00 H | J: |08:00 - 14:00 H y 15:30 - 19:00 H | V: |08:00 - 14:00 H y 15:30 - 19:00 H | S: |Cerrado | D: |Cerrado,"41.38987,-0.87883"
C031069,OBRAMAT ZARAGOZA,https://www.obramat.es/,"ALEJANDRO VOLTA, 1. POLIGONO INDUSTRIAL COGULLADA",,50014,ZARAGOZA,ZARAGOZA,ES,+34876005031,info.zaragoza@obramat.es,,,41.667224,-0.86104,30874,,regular_dealer,False,False,False,,,False,,,regular-dealer,L: |07:00 - 21:00 H | M: |07:00 - 21:00 H | X: |07:00 - 21:00 H | J: |07:00 - 21:00 H | V: |07:00 - 21:00 H | S: |07:00 - 21:00 H | D: |Cerrado,L: |07:00 - 21:00 H | M: |07:00 - 21:00 H | X: |07:00 - 21:00 H | J: |07:00 - 21:00 H | V: |07:00 - 21:00 H | S: |07:00 - 21:00 H | D: |Cerrado,"41.38987,-0.87883"
C080535,MATERIALES DE CONSTRUCCIÓN EXPOCANAL,https://www.expocanal.es/,"RONDA DEL AEROPUERTO, 12",,50197,ZARAGOZA,ZARAGOZA,ES,+34976336087,info@expocanal.es,,,41.64471,-1.00799,30307,,regular_dealer,False,False,False,,,False,,,regular-dealer,L: |07:30 - 19:00 H | M: |07:30 - 19:00 H | X: |07:30 - 19:00 H | J: |07:30 - 19:00 H | V: |07:30 - 19:00 H | S: |07:30 - 17:00 H | D: |Cerrado,L: |07:30 - 19:00 H | M: |07:30 - 19:00 H | X: |07:30 - 19:00 H | J: |07:30 - 19:00 H | V: |07:30 - 19:00 H | S: |07:30 - 17:00 H | D: |Cerrado,"41.38987,-0.87883"
C065109,BAUHAUS ZARAGOZA,https://www.bauhaus.es/,"MANUEL JALÓN, 7",,50011,ZARAGOZA,ZARAGOZA,ES,+34876590202,zaragoza@bauhaus.es,,,41.667065,-0.953398,31439,,DIY; regular_dealer,False,False,False,,,False,,,diy; regular-dealer,L: |07:00 - 21:30 H | M: |07:00 - 21:30 H | X: |07:00 - 21:30 H | J: |07:00 - 21:30 H | V: |07:00 - 21:30 H | S: |07:00 - 21:30 H | D: |Cerrado,L: |07:00 - 21:30 H | M: |07:00 - 21:30 H | X: |07:00 - 21:30 H | J: |07:00 - 21:30 H | V: |07:00 - 21:30 H | S: |07:00 - 21:30 H | D: |Cerrado,"41.38987,-0.87883"
C058915,SUMINISTROS MERA,https://suministrosmera.com/,"CIUDAD DEL TRANSPORTE, C/H,N-20",,50820,SAN JUAN DE MOZARRIFAR,ZARAGOZA,ES,+34976587569,,,,41.723307,-0.852372,37140,,TRADITIONAL_TRADE; regular_dealer,False,False,False,DELIVERY_TO_CONSTRUCTION; HOME_DELIVERY; NORMAL; PICKUP,BANK_TRANSFER; CASH; CREDITCARD; DEBIT; INVOICE; VISA,False,,company.b2b; company.b2c,construction; offline-traditional-trade; regular-dealer,L: |08:00 - 13:00 H y 15:30 - 19:00 H | M: |08:00 - 13:00 H y 15:30 - 19:00 H | X: |08:00 - 13:00 H y 15:30 - 19:00 H | J: |08:00 - 13:00 H y 15:30 - 19:00 H | V: |08:00 - 13:00 H y 15:30 - 19:00 H | S: |Cerrado | D: |Cerrado,L: |08:00 - 13:00 H y 15:30 - 19:00 H | M: |08:00 - 13:00 H y 15:30 - 19:00 H | X: |08:00 - 13:00 H y 15:30 - 19:00 H | J: |08:00 - 13:00 H y 15:30 - 19:00 H | V: |08:00 - 13:00 H y 15:30 - 19:00 H | S: |Cerrado | D: |Cerrado,"41.38987,-0.87883"
C069515,LEROY MERLIN UTEBO,https://www.leroymerlin.es/,"CARRETERA LOGROÑO N232, KM 12. CENTRO COMERCIAL ALCAMPO",CENTRO COMERCIAL ALCAMPO,50180,UTEBO,ZARAGOZA,ES,+34976785079,,,,41.70246,-1.005322,36315,,regular_dealer,False,False,False,,,False,,,regular-dealer,L: |07:30 - 22:00 H | M: |07:30 - 22:00 H | X: |07:30 - 22:00 H | J: |07:30 - 22:00 H | V: |07:30 - 22:00 H | S: |07:30 - 22:00 H | D: |Cerrado,L: |07:30 - 22:00 H | M: |07:30 - 22:00 H | X: |07:30 - 22:00 H | J: |07:30 - 22:00 H | V: |07:30 - 22:00 H | S: |07:30 - 22:00 H | D: |Cerrado,"41.38987,-0.87883"
C015542,FERRETERIA ALBERTO SOLER,,"AVENIDA ALCALDE PORQUERAS, 111-113. POLÍGONO LES COMES DE TORREFARRERA",,25005,LLEIDA,LLEIDA,ES,+34973242558,ferreteria@albertsoler.com,,,41.631716,0.621091,27398,,regular_dealer,True,True,False,,,False,,,expert-powertools; premium-partner; regular-dealer,,,"41.38987,0.55803"
C250998,RUBIX IBERIA (LLEIDA),https://es.rubix.com/,"POLÍGONO INDUSTRIAL EL SEGRE, CALLE LA FUSTA 32",,25191,LLEIDA,LLEIDA,ES,+34973242450,lleida@rubix.com,,,41.620942,0.657555,26996,,regular_dealer,True,True,False,,,False,,,expert-powertools; premium-partner; regular-dealer,L: |08:00 - 14:00 H y 15:00 - 17:00 H | M: |08:00 - 14:00 H y 15:00 - 17:00 H | X: |08:00 - 14:00 H y 15:00 - 17:00 H | J: |08:00 - 14:00 H y 15:00 - 17:00 H | V: |08:00 - 14:00 H y 15:00 - 17:00 H | S: |Cerrado | D: |Cerrado,L: |08:00 - 14:00 H y 15:00 - 17:00 H | M: |08:00 - 14:00 H y 15:00 - 17:00 H | X: |08:00 - 14:00 H y 15:00 - 17:00 H | J: |08:00 - 14:00 H y 15:00 - 17:00 H | V: |08:00 - 14:00 H y 15:00 - 17:00 H | S: |Cerrado | D: |Cerrado,"41.38987,0.55803"
C058794,METALCO LLEIDA,https://prolians.es/,"AVENIDA DE LA INDUSTRIA, 147",POLÍGONO INDUSTRIAL EL SEGRE PARCELA 502-2/503-A,25191,LLEIDA,LLEIDA,ES,+34973210181,lleida@prolians.es,,,41.621743,0.660704,27162,,TRADITIONAL_TRADE; regular_dealer,True,True,False,,,False,,,expert-powertools; offline-traditional-trade; premium-partner; regular-dealer,,,"41.38987,0.55803"
C069491,FERRETERIA ALBERTO SOLER,https://www.albertsoler.com/,"MESTRAL, 2. POLÍGONO INDUSTRIAL LES COMES - LA RACONADA",POLÍGONO INDUSTRIAL LES COMES - LA RACONADA,25123,TORREFARRERA,LLEIDA,ES,+34973242558,ferreteria@albertsoler.com,,,41.673523,0.608658,31819,,BUILDING_CONSTRUCTION; TRADITIONAL_TRADE; regular_dealer,True,True,False,HOME_DELIVERY; NORMAL; PICKUP,BANK_TRANSFER; CASH; CREDITCARD; DEBIT; VISA,False,,company.b2b; company.b2c,expert-powertools; offline-traditional-trade; premium-partner; regular-dealer,,,"41.38987,0.55803"
C250974,BIGMAT OCHOA,https://bigmatochoa.com/,"POLÍGONO INDUSTRIAL CAMP LLONG, PARC. 59",,25600,BALAGUER,LLEIDA,ES,+34973451084,ochoa@bigmat.es,,,41.778248,0.82073,48395,,regular_dealer,True,True,False,,,False,,,expert-powertools; premium-partner; regular-dealer,L: |08:00 - 13:30 H y 15:00 - 19:00 H | M: |08:00 - 13:30 H y 15:00 - 19:00 H | X: |08:00 - 13:30 H y 15:00 - 19:00 H | J: |08:00 - 13:30 H y 15:00 - 19:00 H | V: |08:00 - 13:30 H y 15:00 - 19:00 H | S: |Cerrado | D: |Cerrado,L: |08:00 - 13:30 H y 15:00 - 19:00 H | M: |08:00 - 13:30 H y 15:00 - 19:00 H | X: |08:00 - 13:30 H y 15:00 - 19:00 H | J: |08:00 - 13:30 H y 15:00 - 19:00 H | V: |08:00 - 13:30 H y 15:00 - 19:00 H | S: |Cerrado | D: |Cerrado,"41.38987,0.55803"
C058619,FERRETERIA JAUME,http://www.ferreteriajaume.com,"MENORCA, 1. POLIGONO INDUSTRIAL ELS ARCS INDS",POLIGONO INDUSTRIAL ELS ARCS INDS,43713,SANT JAUME DELS DOMENYS,TARRAGONA,ES,+34977677878,santjaume@optimusferreteria.cat,,,41.28105,1.48747,78533,,regular_dealer,True,True,False,,,False,,,expert-powertools; premium-partner; regular-dealer,L: |08:30 - 13:30 H y 15:30 - 20:00 H | M: |08:30 - 13:30 H y 15:30 - 20:00 H | X: |08:30 - 13:30 H y 15:30 - 20:00 H | J: |08:30 - 13:30 H y 15:30 - 20:00 H | V: |08:30 - 13:30 H y 15:30 - 20:00 H | S: |08:30 - 13:30 H y 16:00 - 20:00 H | D: |Cerrado,L: |08:30 - 13:30 H y 15:30 - 20:00 H | M: |08:30 - 13:30 H y 15:30 - 20:00 H | X: |08:30 - 13:30 H y 15:30 - 20:00 H | J: |08:30 - 13:30 H y 15:30 - 20:00 H | V: |08:30 - 13:30 H y 15:30 - 20:00 H | S: |08:30 - 13:30 H y 16:00 - 20:00 H | D: |Cerrado,"41.38987,0.55803"
C058764,MADERAS DEL ALTO URGEL,https://www.mausa.es/,"CARRER TERRISSAIRES, 1. POLÍGONO INDUSTRIAL LA COMETA",POLÍGONO INDUSTRIAL LA COMETA,43700,EL VENDRELL,TARRAGONA,ES,+34977904050,info@mausa.es,,,41.231588,1.529412,83015,,regular_dealer,True,True,False,,,False,,,expert-powertools; premium-partner; regular-dealer,L: |09:00 - 13:00 H y 14:30 - 18:00 H | M: |09:00 - 13:00 H y 14:30 - 18:00 H | X: |09:00 - 13:00 H y 14:30 - 18:00 H | J: |09:00 - 13:00 H y 14:30 - 18:00 H | V: |09:00 - 13:00 H | S: |09:00 - 13:00 H | D: |Cerrado,L: |09:00 - 13:00 H y 14:30 - 18:00 H | M: |09:00 - 13:00 H y 14:30 - 18:00 H | X: |09:00 - 13:00 H y 14:30 - 18:00 H | J: |09:00 - 13:00 H y 14:30 - 18:00 H | V: |09:00 - 13:00 H | S: |09:00 - 13:00 H | D: |Cerrado,"41.38987,0.55803"
C250987,METALCO VILAFRANCA DEL PENEDES,https://prolians.es/,"AVENIDA TARRAGONA, 185",POLÍGONO INDUSTRIAL LES FUNTS,8720,VILAFRANCA DEL PENEDES,BARCELONA,ES,+34938175190,vilafranca@prolians.es,,,41.329853,1.677929,93699,,regular_dealer,True,True,False,,,False,,,expert-powertools; premium-partner; regular-dealer,,,"41.38987,0.55803"
C058550,DICELTRO GARRAF,https://www.diceltro.com/,"AVENIDA GARRAF, 7",POLÍGONO INDUSTRIAL LES SALINES,08800,CUBELLES,BARCELONA,ES,+34938957722,diceltro@diceltro.com,,,41.22285,1.728904,99543,,regular_dealer,True,True,False,,,False,,,expert-powertools; premium-partner; regular-dealer,L: |08:00 - 13:00 H y 15:00 - 19:00 H | M: |08:00 - 13:00 H y 15:00 - 19:00 H | X: |08:00 - 13:00 H y 15:00 - 19:00 H | J: |08:00 - 13:00 H y 15:00 - 19:00 H | V: |08:00 - 13:00 H y 15:00 - 19:00 H | S: |09:30 - 13:30 H y 16:00 - 20:00 H | D: |10:00 - 14:00 H,L: |08:00 - 13:00 H y 15:00 - 19:00 H | M: |08:00 - 13:00 H y 15:00 - 19:00 H | X: |08:00 - 13:00 H y 15:00 - 19:00 H | J: |08:00 - 13:00 H y 15:00 - 19:00 H | V: |08:00 - 13:00 H y 15:00 - 19:00 H | S: |09:30 - 13:30 H y 16:00 - 20:00 H | D: |10:00 - 14:00 H,"41.38987,0.55803"
C175833,DICELTRO GARRAF,https://www.diceltro.com/,"RONDA IBÉRICA, 19",,8800,VILANOVA I LA GELTRÚ,BARCELONA,ES,+34937682732,diceltro@diceltro.com,,,41.231299,1.735974,99947,,regular_dealer,True,True,False,,,False,,,expert-powertools; premium-partner; regular-dealer,L: |08:00 - 13:00 H y 15:00 - 19:00 H | M: |08:00 - 13:00 H y 15:00 - 19:00 H | X: |08:00 - 13:00 H y 15:00 - 19:00 H | J: |08:00 - 13:00 H y 15:00 - 19:00 H | V: |08:00 - 13:00 H y 15:00 - 19:00 H | S: |09:00 - 13:00 H | D: |10:00 - 14:00 H,L: |08:00 - 13:00 H y 15:00 - 19:00 H | M: |08:00 - 13:00 H y 15:00 - 19:00 H | X: |08:00 - 13:00 H y 15:00 - 19:00 H | J: |08:00 - 13:00 H y 15:00 - 19:00 H | V: |08:00 - 13:00 H y 15:00 - 19:00 H | S: |09:00 - 13:00 H | D: |10:00 - 14:00 H,"41.38987,0.55803"
C065129,BRICODEPOT (LLEIDA),http://www.bricodepot.es/,AVENIDA ALCALDE ROVIRA ROURE 108 - 110. CANTONADA AV. PINYANA,,25198,LLEIDA,LLEIDA,ES,+34973728636,,,,41.627401,0.6097,26759,,regular_dealer,False,False,False,,,False,,,regular-dealer,L: |08:00 - 21:00 H | M: |08:00 - 21:00 H | X: |08:00 - 21:00 H | J: |08:00 - 21:00 H | V: |08:00 - 21:00 H | S: |08:00 - 21:00 H | D: |Cerrado,L: |08:00 - 21:00 H | M: |08:00 - 21:00 H | X: |08:00 - 21:00 H | J: |08:00 - 21:00 H | V: |08:00 - 21:00 H | S: |08:00 - 21:00 H | D: |Cerrado,"41.38987,0.55803"
C065198,EDUARD SEGUÍ FERRETERIA,https://bricoeduardsegui.cat/ca,"CARRER DE LA NOGUERA, 10",,25300,TARREGA,LLEIDA,ES,+34973311911,administracion@eduardsegui.com,,,41.65645,1.15791,58071,,regular_dealer,False,False,False,,,False,,,regular-dealer,,,"41.38987,0.55803"
C175839,FERRETERIA CERVERA,https://ferreteriacervera.com/es,SANAUJA S/N,,25200,CERVERA,LLEIDA,ES,+34973531009,santi@ferreteriacervera.com,,,41.676304,1.267666,67104,,regular_dealer,False,False,False,,,False,,,regular-dealer,L: |08:00 - 13:00 H y 15:00 - 19:30 H | M: |08:00 - 13:00 H y 15:00 - 19:30 H | X: |08:00 - 13:00 H y 15:00 - 19:30 H | J: |08:00 - 13:00 H y 15:00 - 19:30 H | V: |08:00 - 13:00 H y 15:00 - 19:30 H | S: |Cerrado | D: |Cerrado,L: |08:00 - 13:00 H y 15:00 - 19:30 H | M: |08:00 - 13:00 H y 15:00 - 19:30 H | X: |08:00 - 13:00 H y 15:00 - 19:30 H | J: |08:00 - 13:00 H y 15:00 - 19:30 H | V: |08:00 - 13:00 H y 15:00 - 19:30 H | S: |Cerrado | D: |Cerrado,"41.38987,0.55803"
C157580,OBRAMAT VILANOVA I LA GELTRU,https://www.obramat.es/,"CARRER DE L'ACER, 13",,8800,VILANOVA DE LA GELTRU,BARCELONA,ES,+34938804727,,,,41.238675,1.730729,99368,,DIY; regular_dealer,False,False,False,,,False,,,diy; regular-dealer,L: |07:00 - 21:00 H | M: |07:00 - 21:00 H | X: |07:00 - 21:00 H | J: |07:00 - 21:00 H | V: |07:00 - 21:00 H | S: |07:00 - 22:00 H | D: |09:00 - 15:00 H,L: |07:00 - 21:00 H | M: |07:00 - 21:00 H | X: |07:00 - 21:00 H | J: |07:00 - 21:00 H | V: |07:00 - 21:00 H | S: |07:00 - 22:00 H | D: |09:00 - 15:00 H,"41.38987,0.55803"
C076811,LEROY MERLIN VILANOVA (COMPACT),https://www.leroymerlin.es/,"RONDA DE EUROPA, 46",,08800,VILANOVA I LA GELTRÚ,BARCELONA,ES,+34938144608,,,,41.227144,1.74056,100409,,regular_dealer,False,False,False,,,False,,,regular-dealer,L: |08:30 - 21:00 H | M: |08:30 - 21:00 H | X: |08:30 - 21:00 H | J: |08:30 - 21:00 H | V: |08:30 - 21:00 H | S: |08:30 - 21:00 H | D: |Cerrado,L: |08:30 - 21:00 H | M: |08:30 - 21:00 H | X: |08:30 - 21:00 H | J: |08:30 - 21:00 H | V: |08:30 - 21:00 H | S: |08:30 - 21:00 H | D: |Cerrado,"41.38987,0.55803"
C251648,MANXA INDUSTRIAL,https://www.manxaindustrial.com/,"ACÚSTICA, 9",POLÍGONO INDUSTRIAL SANTA RITA,08755,CASTELLBISBAL,BARCELONA,ES,+34937503406,botigacastellbisbal@manxa.com,,,41.460172,1.994346,7816,,regular_dealer,True,True,False,,,False,,,expert-powertools; premium-partner; regular-dealer,L: |07:30 - 14:00 H y 15:00 - 17:30 H | M: |07:30 - 14:00 H y 15:00 - 17:30 H | X: |07:30 - 14:00 H y 15:00 - 17:30 H | J: |07:30 - 14:00 H y 15:00 - 17:30 H | V: |07:30 - 14:00 H y 15:00 - 17:30 H | S: |Cerrado | D: |Cerrado,L: |07:30 - 14:00 H y 15:00 - 17:30 H | M: |07:30 - 14:00 H y 15:00 - 17:30 H | X: |07:30 - 14:00 H y 15:00 - 17:30 H | J: |07:30 - 14:00 H y 15:00 - 17:30 H | V: |07:30 - 14:00 H y 15:00 - 17:30 H | S: |Cerrado | D: |Cerrado,"41.38987,1.99489"
C066607,MADERAS DEL ALTO URGEL,https://www.mausa.es/,"TIRSO DE MOLINA, 2",,08940,CORNELLA DE LLOBREGAT,BARCELONA,ES,+34933774050,info@mausa.es,,,41.34929,2.07889,8335,,TRADITIONAL_TRADE; regular_dealer,True,True,False,DELIVERY_TO_CONSTRUCTION; HOME_DELIVERY; NORMAL; PICKUP,BANK_TRANSFER; CASH; CREDITCARD; DEBIT; INVOICE; VISA,False,,company.b2b; company.b2c,construction; expert-powertools; offline-traditional-trade; premium-partner; regular-dealer,L: |07:30 - 13:00 H y 15:00 - 18:15 H | M: |07:30 - 13:00 H y 15:00 - 18:15 H | X: |07:30 - 13:00 H y 15:00 - 18:15 H | J: |07:30 - 13:00 H y 15:00 - 18:15 H | V: |07:30 - 13:00 H y 15:00 - 17:00 H | S: |Cerrado | D: |Cerrado,L: |07:30 - 13:00 H y 15:00 - 18:15 H | M: |07:30 - 13:00 H y 15:00 - 18:15 H | X: |07:30 - 13:00 H y 15:00 - 18:15 H | J: |07:30 - 13:00 H y 15:00 - 18:15 H | V: |07:30 - 13:00 H y 15:00 - 17:00 H | S: |Cerrado | D: |Cerrado,"41.38987,1.99489"
C251000,RUBIX IBERIA (RUBI),https://es.rubix.com/,"POLÍGONO INDUSTRIAL COVA SOLERA, AVENIDA CAN SUCARRATS 101",,8191,RUBÍ,,ES,+34935873636,rubi.eshop@rubix.com,,,41.479932,2.025749,10339,,regular_dealer,True,True,False,,,False,,,expert-powertools; premium-partner; regular-dealer,L: |08:00 - 14:00 H y 15:00 - 17:00 H | M: |08:00 - 14:00 H y 15:00 - 17:00 H | X: |08:00 - 14:00 H y 15:00 - 17:00 H | J: |08:00 - 14:00 H y 15:00 - 17:00 H | V: |08:00 - 14:00 H y 15:00 - 17:00 H | S: |Cerrado | D: |Cerrado,L: |08:00 - 14:00 H y 15:00 - 17:00 H | M: |08:00 - 14:00 H y 15:00 - 17:00 H | X: |08:00 - 14:00 H y 15:00 - 17:00 H | J: |08:00 - 14:00 H y 15:00 - 17:00 H | V: |08:00 - 14:00 H y 15:00 - 17:00 H | S: |Cerrado | D: |Cerrado,"41.38987,1.99489"
C058797,METALCO EL PRAT DE LLOBREGAT,https://prolians.es/,"RONDA DE PONENT, 6-8",,08820,EL PRAT DE LLOBREGAT,BARCELONA,ES,+34934783704,comercialprat@prolians.es,,,41.32826,2.08405,10114,,regular_dealer,True,True,False,,,False,,,expert-powertools; premium-partner; regular-dealer,,,"41.38987,1.99489"
C065202,ELECTROMECANICA COMPTE (TALLER DE ASISTENCIA TÉCNICA),http://www.tallerscompte.com,"ENRIC PRAT DE LA RIBA, 191",,08901,L'HOSPITALET DE LLOBREGAT,BARCELONA,ES,+34933377743,info@tallerscompte.com,,,41.361658,2.107516,9906,,regular_dealer,True,True,False,,,False,,,expert-powertools; premium-partner; regular-dealer; service-center; service-partner,L: |07:00 - 17:00 H | M: |07:00 - 17:00 H | X: |07:00 - 17:00 H | J: |07:00 - 17:00 H | V: |07:00 - 17:00 H | S: |Cerrado | D: |Cerrado,L: |07:00 - 17:00 H | M: |07:00 - 17:00 H | X: |07:00 - 17:00 H | J: |07:00 - 17:00 H | V: |07:00 - 17:00 H | S: |Cerrado | D: |Cerrado,"41.38987,1.99489"
C065486,TORRES Y SAEZ,,BOTÁNICA 33-35,DETRÁS DE FIRA GRAN VIA,08908,L' HOSPITALET DE LLOBREGAT,BARCELONA,ES,+34932618508,ventasbarcelona@torresysaez.com,+34932637567,,41.35198,2.132788,12253,,regular_dealer,True,True,False,,,False,,,expert-powertools; premium-partner; regular-dealer,L: |08:00 - 13:30 H y 15:00 - 18:00 H | M: |08:00 - 13:30 H y 15:00 - 18:00 H | X: |08:00 - 13:30 H y 15:00 - 18:00 H | J: |08:00 - 13:30 H y 15:00 - 18:00 H | V: |08:00 - 13:30 H y 15:00 - 18:00 H | S: |Cerrado | D: |Cerrado,L: |08:00 - 13:30 H y 15:00 - 18:00 H | M: |08:00 - 13:30 H y 15:00 - 18:00 H | X: |08:00 - 13:30 H y 15:00 - 18:00 H | J: |08:00 - 13:30 H y 15:00 - 18:00 H | V: |08:00 - 13:30 H y 15:00 - 18:00 H | S: |Cerrado | D: |Cerrado,"41.38987,1.99489"
C058519,CATALONIA CERAMIC,https://www.cataloniaceramica.es,"CARRETERA SANT CUGAT, KM 3",PINTOR JOAN MIRO 4 NAUS C-D,08290,CERDANYOLA DEL VALLES,BARCELONA,ES,+34935802000,info@cataloniaceramica.es,,,41.482509,2.131431,15350,,regular_dealer,True,True,False,,,False,,,expert-powertools; premium-partner; regular-dealer,,,"41.38987,1.99489"
C058524,COLL - VALL,https://www.coll-vall.com/,"LEPANT, 388-390 BAJOS",,08025,BARCELONA,BARCELONA,ES,+34934560602,coll-vall@coll-vall.com,,,41.409656,2.170128,14780,,regular_dealer,True,True,False,,,False,,,expert-powertools; premium-partner; regular-dealer,L: |08:00 - 18:00 H | M: |08:00 - 18:00 H | X: |08:00 - 18:00 H | J: |08:00 - 18:00 H | V: |08:00 - 18:00 H | S: |Cerrado | D: |Cerrado,L: |08:00 - 18:00 H | M: |08:00 - 18:00 H | X: |08:00 - 18:00 H | J: |08:00 - 18:00 H | V: |08:00 - 18:00 H | S: |Cerrado | D: |Cerrado,"41.38987,1.99489"
C058866,SUBMINISTRES INDUSTRIALS MUNTADA,https://www.muntada.es,"CARRETERA TERRASSA, 229-235",,08205,SABADELL,BARCELONA,ES,+34937100791,muntada@muntada.es,,,41.545619,2.095269,19231,,regular_dealer,True,True,False,,,False,,,expert-powertools; premium-partner; regular-dealer,,,"41.38987,1.99489"
C078516,MADERAS DEL ALTO URGEL,https://www.mausa.es/,"CARRER PAS DE PILES, 28. POLÍGONO INDUSTRIAL LAVERNO",POLÍGONO INDUSTRIAL LAVERNO,08739,SUBIRATS,BARCELONA,ES,+34933774050,info@mausa.es,,,41.427752,1.805922,16311,,regular_dealer,True,True,False,,,False,,,expert-powertools; premium-partner; regular-dealer,L: |07:30 - 13:00 H y 14:30 - 18:00 H | M: |07:30 - 13:00 H y 14:30 - 18:00 H | X: |07:30 - 13:00 H y 14:30 - 18:00 H | J: |07:30 - 13:00 H y 14:30 - 18:00 H | V: |07:30 - 13:00 H y 15:00 - 17:00 H | S: |Cerrado | D: |Cerrado,L: |07:30 - 13:00 H y 14:30 - 18:00 H | M: |07:30 - 13:00 H y 14:30 - 18:00 H | X: |07:30 - 13:00 H y 14:30 - 18:00 H | J: |07:30 - 13:00 H y 14:30 - 18:00 H | V: |07:30 - 13:00 H y 15:00 - 17:00 H | S: |Cerrado | D: |Cerrado,"41.38987,1.99489"
C076856,CECOPI DROGUERIA INDUSTRIAL,https://www.cecopi.com,"PINTOR JOAN MIRÓ, 4 NAUS C-D. POLÍGONO INDUSTRIAL CAN HUMET DE DALT",POLÍGONO INDUSTRIAL CAN HUMET DE DALT,08213,POLINYA,BARCELONA,ES,+34937135167,comercial@cecopi.com,,,41.543125,2.158744,21834,,regular_dealer,True,True,False,,,False,,,expert-powertools; premium-partner; regular-dealer,,,"41.38987,1.99489"
C058763,MADERAS DEL ALTO URGEL,https://www.mausa.es/,"CARRER CAN MILANS, S/N",POLÍGONO INDUSTRIAL CAN MILANS,08110,MONTCADA I REIXAC,BARCELONA,ES,+34935650555,info@mausa.es,,,41.507592,2.188346,20767,,regular_dealer,True,True,False,,,False,,,expert-powertools; premium-partner; regular-dealer,L: |07:30 - 13:00 H y 15:00 - 18:15 H | M: |07:30 - 13:00 H y 15:00 - 18:15 H | X: |07:30 - 13:00 H y 15:00 - 18:15 H | J: |07:30 - 13:00 H y 15:00 - 18:15 H | V: |07:30 - 13:00 H y 15:00 - 17:00 H | S: |Cerrado | D: |Cerrado,L: |07:30 - 13:00 H y 15:00 - 18:15 H | M: |07:30 - 13:00 H y 15:00 - 18:15 H | X: |07:30 - 13:00 H y 15:00 - 18:15 H | J: |07:30 - 13:00 H y 15:00 - 18:15 H | V: |07:30 - 13:00 H y 15:00 - 17:00 H | S: |Cerrado | D: |Cerrado,"41.38987,1.99489"
C058545,DAVID OSUNA MIRAS (SUMINISTROS INDUSTRIALES SUMINOSA),,"CARRER DE L'ENERGIA, 75",POLÍGONO INDUSTRIAL LES GUIXERES (NAVE 75),08915,BADALONA,BARCELONA,ES,+34934682945,,,,41.461643,2.255397,23138,,regular_dealer,True,True,False,,,False,,,expert-powertools; premium-partner; regular-dealer,,,"41.38987,1.99489"
C058951,VALLESANA ALQUILER DE MAQUINARIA PARA LA CONSTRUCCIÓN,http://www.vallesana.es/,"CARRER JOSEP CARNER, 16",,08402,GRANOLLERS,BARCELONA,ES,+34938701272,info@vallesana.es,,,41.607384,2.294442,34745,,regular_dealer,True,True,False,,,False,,,expert-powertools; premium-partner; regular-dealer,,,"41.38987,1.99489"
C175858,MADERAS DEL ALTO URGEL,https://www.mausa.es/,"CAMINO DEL SANT CRIST, 1",POLÍGONO INDUSTRIAL PLA D'EN BOET,8302,MATARÓ,BARCELONA,ES,+34931615015,info@mausa.es,,,41.53386,2.425731,39308,,regular_dealer,True,True,False,,,False,,,expert-powertools; premium-partner; regular-dealer,L: |07:30 - 13:00 H y 14:30 - 19:00 H | M: |07:30 - 13:00 H y 14:30 - 19:00 H | X: |07:30 - 13:00 H y 14:30 - 19:00 H | J: |07:30 - 13:00 H y 14:30 - 19:00 H | V: |07:30 - 13:00 H y 15:00 - 19:00 H | S: |08:00 - 13:00 H | D: |Cerrado,L: |07:30 - 13:00 H y 14:30 - 19:00 H | M: |07:30 - 13:00 H y 14:30 - 19:00 H | X: |07:30 - 13:00 H y 14:30 - 19:00 H | J: |07:30 - 13:00 H y 14:30 - 19:00 H | V: |07:30 - 13:00 H y 15:00 - 19:00 H | S: |08:00 - 13:00 H | D: |Cerrado,"41.38987,1.99489"
C076877,TALLERS RIDAURA,https://ridauragrup.com/,"AVENIDA EUROPA, 26. NAVE 8-9",,17300,BLANES,GIRONA,ES,+34972350303,comercial@ridauragrup.com,,,41.674521,2.778059,72463,,regular_dealer,True,True,False,,,False,,,expert-powertools; premium-partner; regular-dealer,,,"41.38987,1.99489"
C076859,MANXA INDUSTRIAL,https://www.manxaindustrial.com/,"CARRETERA LES TRIES, 85",,17800,OLOT,GIRONA,ES,+34972274529,industrial@manxa.com,,,42.190169,2.505453,98538,,regular_dealer,True,True,False,,,False,,,expert-powertools; premium-partner; regular-dealer,L: |08:30 - 13:30 H y 15:00 - 18:30 H | M: |08:30 - 13:30 H y 15:00 - 18:30 H | X: |08:30 - 13:30 H y 15:00 - 18:30 H | J: |08:30 - 13:30 H y 15:00 - 18:30 H | V: |08:30 - 13:30 H y 14:30 - 18:00 H | S: |Cerrado | D: |Cerrado,L: |08:30 - 13:30 H y 15:00 - 18:30 H | M: |08:30 - 13:30 H y 15:00 - 18:30 H | X: |08:30 - 13:30 H y 15:00 - 18:30 H | J: |08:30 - 13:30 H y 15:00 - 18:30 H | V: |08:30 - 13:30 H y 14:30 - 18:00 H | S: |Cerrado | D: |Cerrado,"41.38987,1.99489"
C058798,METALCO GIRONA,http://www.metalco.es,"GEORGE STEPHENSON, 2",POLÍGONO INDUSTRIAL MAS XIRGU,17005,GIRONA,GIRONA,ES,+34972180000,sindustriales.girona@prolians.es,,,41.958967,2.806852,92473,,TRADITIONAL_TRADE; regular_dealer,True,True,False,,,False,,,expert-powertools; offline-traditional-trade; premium-partner; regular-dealer,,,"41.38987,1.99489"
C251002,RUBIX IBERIA (SANT JULIA DE RAMIS),https://es.rubix.com/,BONDIA S/N,,17481,SANT JULIA DE RAMIS,GIRONA,ES,+34972171266,girona.eshop@rubix.com,,,42.024822,2.824946,98649,,regular_dealer,True,True,False,,,False,,,expert-powertools; premium-partner; regular-dealer,L: |08:00 - 14:00 H y 15:00 - 17:00 H | M: |08:00 - 14:00 H y 15:00 - 17:00 H | X: |08:00 - 14:00 H y 15:00 - 17:00 H | J: |08:00 - 14:00 H y 15:00 - 17:00 H | V: |08:00 - 14:00 H y 15:00 - 17:00 H | S: |Cerrado | D: |Cerrado,L: |08:00 - 14:00 H y 15:00 - 17:00 H | M: |08:00 - 14:00 H y 15:00 - 17:00 H | X: |08:00 - 14:00 H y 15:00 - 17:00 H | J: |08:00 - 14:00 H y 15:00 - 17:00 H | V: |08:00 - 14:00 H y 15:00 - 17:00 H | S: |Cerrado | D: |Cerrado,"41.38987,1.99489"
C250986,MADERAS DEL ALTO URGEL,https://www.mausa.es/,"CARRETERA DE GIRONA A SANT FELIU, KM 14",,17244,CASSA DE LA SELVA,GIRONA,ES,34972304050,info@mausa.es,,,41.78803,3.023665,96329,,regular_dealer,True,True,False,,,False,,,expert-powertools; premium-partner; regular-dealer,L: |07:30 - 13:00 H y 14:30 - 18:00 H | M: |07:30 - 13:00 H y 14:30 - 18:00 | X: |07:30 - 13:00 H y 14:30 - 18:00 | J: |07:30 - 13:00 H y 14:30 - 18:00 | V: |07:30 - 13:00 H y 14:30 - 18:00 | S: |08:00 - 13:00 H | D: |Cerrado,L: |07:30 - 13:00 H y 14:30 - 18:00 H | M: |07:30 - 13:00 H y 14:30 - 18:00 | X: |07:30 - 13:00 H y 14:30 - 18:00 | J: |07:30 - 13:00 H y 14:30 - 18:00 | V: |07:30 - 13:00 H y 14:30 - 18:00 | S: |08:00 - 13:00 H | D: |Cerrado,"41.38987,1.99489"
C078517,BIGMAT MERCAMAT,https://mercamat.bigmat.es,CARRER RAMON SERRADELL MOLINA 33,,17100,LA BISBAL D´EMPORDÀ,GIRONA,ES,+34972642403,mercamat@bigmat.es,,,41.968247,3.03041,107380,,regular_dealer,True,True,False,,,False,,,expert-powertools; premium-partner; regular-dealer,L: |07:30 - 13:00 H y 14:30 - 18:30 H | M: |07:30 - 13:00 H y 14:30 - 18:30 H | X: |07:30 - 13:00 H y 14:30 - 18:30 H | J: |07:30 - 13:00 H y 14:30 - 18:30 H | V: |07:30 - 13:00 H y 14:30 - 18:30 H | S: |08:00 - 13:00 H | D: |Cerrado,L: |07:30 - 13:00 H y 14:30 - 18:30 H | M: |07:30 - 13:00 H y 14:30 - 18:30 H | X: |07:30 - 13:00 H y 14:30 - 18:30 H | J: |07:30 - 13:00 H y 14:30 - 18:30 H | V: |07:30 - 13:00 H y 14:30 - 18:30 H | S: |08:00 - 13:00 H | D: |Cerrado,"41.38987,1.99489"
C058789,BIGMAT MERCAMAT,https://mercamat.bigmat.es,"AVINGUDA PONTIRÓ, 32",,17253,MONT-RAS,GIRONA,ES,+34972612027,mercamat@bigmat.es,,,41.896979,3.144386,110913,,regular_dealer,True,True,False,,,False,,,expert-powertools; premium-partner; regular-dealer,L: |09:30 - 13:30 H y 16:00 - 20:00 H | M: |09:30 - 13:30 H y 16:00 - 20:00 H | X: |09:30 - 13:30 H y 16:00 - 20:00 H | J: |09:30 - 13:30 H y 16:00 - 20:00 H | V: |09:30 - 13:30 H y 16:00 - 20:00 H | S: |09:30 - 13:30 H | D: |Cerrado,L: |09:30 - 13:30 H y 16:00 - 20:00 H | M: |09:30 - 13:30 H y 16:00 - 20:00 H | X: |09:30 - 13:30 H y 16:00 - 20:00 H | J: |09:30 - 13:30 H y 16:00 - 20:00 H | V: |09:30 - 13:30 H y 16:00 - 20:00 H | S: |09:30 - 13:30 H | D: |Cerrado,"41.38987,1.99489"
C066613,FERRETERIA INDUSTRIAL BORRULL,https://www.ferreteriaborrull.com,C-35 KM 56.7,,08470,SANT CELONI,BARCELONA,ES,+34938674856,borrull@ferreteriaborrull.com,,,41.704741,2.51712,55805,,TRADITIONAL_TRADE; regular_dealer,False,True,False,,,False,,,expert-powertools; offline-traditional-trade; regular-dealer,L: |08:00 - 13:00 H y 15:00 - 19:00 H | M: |08:00 - 13:00 H y 15:00 - 19:00 H | X: |08:00 - 13:00 H y 15:00 - 19:00 H | J: |08:00 - 13:00 H y 15:00 - 19:00 H | V: |08:00 - 13:00 H y 15:00 - 19:00 H | S: |Cerrado | D: |Cerrado,L: |08:00 - 13:00 H y 15:00 - 19:00 H | M: |08:00 - 13:00 H y 15:00 - 19:00 H | X: |08:00 - 13:00 H y 15:00 - 19:00 H | J: |08:00 - 13:00 H y 15:00 - 19:00 H | V: |08:00 - 13:00 H y 15:00 - 19:00 H | S: |Cerrado | D: |Cerrado,"41.38987,1.99489"
C058867,SUBMINISTRES INDUSTRIALS MUNTADA,https://www.muntada.es,"MIÑO, 19 ",POLÍGONO INDUSTRIAL SANTA EULÁLIA,08223,TERRASA,BARCELONA,ES,+34 93 7071427,muntadaterrassa@muntada.es,,,41.556751,2.030219,18787,,regular_dealer,True,False,False,,,False,,,premium-partner; regular-dealer,,,"41.38987,1.99489"
C025273,LEROY MERLIN SANT FELIU DE LLOBREGAT (COMPACT),https://www.leroymerlin.es/,"LAUREA MIRO, 361",,08980,SANT FELIU LLOBREGAT,BARCELONA,ES,+34936325095,,,,41.387222,2.040274,3797,,regular_dealer,False,False,False,,,False,,,regular-dealer,L: |09:00 - 21:00 H | M: |09:00 - 21:00 H | X: |09:00 - 21:00 H | J: |09:00 - 21:00 H | V: |09:00 - 21:00 H | S: |09:00 - 21:00 H | D: |Cerrado,L: |09:00 - 21:00 H | M: |09:00 - 21:00 H | X: |09:00 - 21:00 H | J: |09:00 - 21:00 H | V: |09:00 - 21:00 H | S: |09:00 - 21:00 H | D: |Cerrado,"41.38987,1.99489"
C058750,LA PLATAFORMA DE LA CONSTRUCCIÓN - BIGMAT,https://www.bigmatlaplataforma.es/,"CALLE CORNEU, 2 (ESQ. CALLE BOVILA)",,08960,SANT JUST DESVERN,BARCELONA,ES,+34933758340,,,,41.387626,2.071422,6389,,regular_dealer,False,False,False,,,False,,,regular-dealer,L: |07:00 - 19:30 H | M: |07:00 - 19:30 H | X: |07:00 - 19:30 H | J: |07:00 - 19:30 H | V: |07:00 - 19:30 H | S: |08:00 - 14:00 H | D: |Cerrado,L: |07:00 - 19:30 H | M: |07:00 - 19:30 H | X: |07:00 - 19:30 H | J: |07:00 - 19:30 H | V: |07:00 - 19:30 H | S: |08:00 - 14:00 H | D: |Cerrado,"41.38987,1.99489"
C058745,LA PLATAFORMA DE LA CONSTRUCCIÓN - BIGMAT,https://www.bigmatlaplataforma.es/,"AVENIDA DE LA MARINA, 33-35",POLÍGONO INDUSTRIAL PONT REIXAT,08830,SAINT BOI DE LLOBREGAT,BARCELONA,ES,+34936358900,,,,41.326207,2.042857,8132,,regular_dealer,False,False,False,,,False,,,regular-dealer,L: |07:00 - 19:30 H | M: |07:00 - 19:30 H | X: |07:00 - 19:30 H | J: |07:00 - 19:30 H | V: |07:00 - 19:30 H | S: |08:00 - 14:00 H | D: |Cerrado,L: |07:00 - 19:30 H | M: |07:00 - 19:30 H | X: |07:00 - 19:30 H | J: |07:00 - 19:30 H | V: |07:00 - 19:30 H | S: |08:00 - 14:00 H | D: |Cerrado,"41.38987,1.99489"
C069523,LEROY MERLIN SANT BOI,https://www.leroymerlin.es/,"CARRER DE LES ALBEREDES, 9. CENTRO COMERCIAL SANT BOI",CENTRO COMERCIAL SANT BOI,08830,SANT BOI DE LLOBREGAT,BARCELONA,ES,+34936548830,,,,41.331585,2.052942,8091,,regular_dealer,False,False,False,,,False,,,regular-dealer,L: |08:30 - 21:00 H | M: |08:30 - 21:00 H | X: |08:30 - 21:00 H | J: |08:30 - 21:00 H | V: |08:30 - 21:00 H | S: |08:30 - 21:00 H | D: |Cerrado,L: |08:30 - 21:00 H | M: |08:30 - 21:00 H | X: |08:30 - 21:00 H | J: |08:30 - 21:00 H | V: |08:30 - 21:00 H | S: |08:30 - 21:00 H | D: |Cerrado,"41.38987,1.99489"
C031679,BAUHAUS GAVÁ (BARCELONA),,"CALLE DEL COMERÇ, S/N. CENTRO COMERCIAL BARNASUD",CENTRO COMERCIAL BARNASUD,08850,GAVA,BARCELONA,ES,+34936382160,gava@bauhaus.es,,,41.293971,2.008497,10723,,DIY; regular_dealer,False,False,False,,,False,,,diy; regular-dealer,L: |09:00 - 21:30 H | M: |09:00 - 21:30 H | X: |09:00 - 21:30 H | J: |09:00 - 21:30 H | V: |09:00 - 21:30 H | S: |09:00 - 21:30 H | D: |Cerrado,L: |09:00 - 21:30 H | M: |09:00 - 21:30 H | X: |09:00 - 21:30 H | J: |09:00 - 21:30 H | V: |09:00 - 21:30 H | S: |09:00 - 21:30 H | D: |Cerrado,"41.38987,1.99489"
C076860,J.P. SOREIMA,https://soreima.net/es/venta-y-reparacion-de-maquinaria-industrial-en-barcelona/,CARRETERA PIERA 5 D,,08760,MARTORELL,BARCELONA,ES,+34937766610,jordi@soreima.com,,,41.478406,1.923035,11523,,regular_dealer,False,False,False,,,False,,,regular-dealer,L: |08:00 - 13:00 H y 15:00 - 18:00 H | M: |08:00 - 13:00 H y 15:00 - 18:00 H | X: |08:00 - 13:00 H y 15:00 - 18:00 H | J: |08:00 - 13:00 H y 15:00 - 18:00 H | V: |08:00 - 13:00 H y 15:00 - 18:00 H | S: |Cerrado | D: |Cerrado,L: |08:00 - 13:00 H y 15:00 - 18:00 H | M: |08:00 - 13:00 H y 15:00 - 18:00 H | X: |08:00 - 13:00 H y 15:00 - 18:00 H | J: |08:00 - 13:00 H y 15:00 - 18:00 H | V: |08:00 - 13:00 H y 15:00 - 18:00 H | S: |Cerrado | D: |Cerrado,"41.38987,1.99489"
C073795,LEROY MERLIN SANT CUGAT,https://www.leroymerlin.es/,"CAN SANT JOAN-PARC, 7",,08174,SANT CUGAT,BARCELONA,ES,+34935635151,,,,41.492193,2.051659,12322,,regular_dealer,False,False,False,,,False,,,regular-dealer,L: |08:30 - 21:00 H | M: |08:30 - 21:00 H | X: |08:30 - 21:00 H | J: |08:30 - 21:00 H | V: |08:30 - 21:00 H | S: |08:30 - 21:00 H | D: |Cerrado,L: |08:30 - 21:00 H | M: |08:30 - 21:00 H | X: |08:30 - 21:00 H | J: |08:30 - 21:00 H | V: |08:30 - 21:00 H | S: |08:30 - 21:00 H | D: |Cerrado,"41.38987,1.99489"
C166925,OBRAMAT HOSPITALET,https://www.obramat.es/,"CARRER DE LES CIÈNCIES,140",,8908,HOSPITALET DE LLOBREGAT,BARCELONA,ES,+34938804490,,,,41.348714,2.116569,11136,,regular_dealer,False,False,False,,,False,,,regular-dealer,L: |07:00 - 21:00 H | M: |07:00 - 21:00 H | X: |07:00 - 21:00 H | J: |07:00 - 21:00 H | V: |07:00 - 21:00 H | S: |07:00 - 21:00 H | D: |Cerrado,L: |07:00 - 21:00 H | M: |07:00 - 21:00 H | X: |07:00 - 21:00 H | J: |07:00 - 21:00 H | V: |07:00 - 21:00 H | S: |07:00 - 21:00 H | D: |Cerrado,"41.38987,1.99489"
C068974,LA PLATAFORMA DE LA CONSTRUCCIÓN - BIGMAT,https://www.bigmatlaplataforma.es/,CARRER PABLO IGLESIAS 73,GRANVIAL'H (LA PEDROSA),08908,L'HOSPITALET DE LLOBREGAT,BARCELONA,ES,+34932895960,,,,41.346979,2.128607,12134,,regular_dealer,False,False,False,,,False,,,regular-dealer,L: |07:00 - 19:30 H | M: |07:00 - 19:30 H | X: |07:00 - 19:30 H | J: |07:00 - 19:30 H | V: |07:00 - 19:30 H | S: |08:00 - 14:00 H | D: |Cerrado,L: |07:00 - 19:30 H | M: |07:00 - 19:30 H | X: |07:00 - 19:30 H | J: |07:00 - 19:30 H | V: |07:00 - 19:30 H | S: |08:00 - 14:00 H | D: |Cerrado,"41.38987,1.99489"
C038957,BAUHAUS BARCELONA,https://www.bauhaus.es/,"PASEO DE LA ZONA FRANCA, 123",,08038,BARCELONA,BARCELONA,ES,+34932231923,barcelona@bauhaus.es,,,41.357532,2.140647,12682,,DIY; regular_dealer,False,False,False,,,False,,,diy; regular-dealer,L: |08:30 - 21:00 H | M: |08:30 - 21:00 H | X: |08:30 - 21:00 H | J: |08:30 - 21:00 H | V: |08:30 - 21:00 H | S: |08:30 - 21:00 H | D: |Cerrado,L: |08:30 - 21:00 H | M: |08:30 - 21:00 H | X: |08:30 - 21:00 H | J: |08:30 - 21:00 H | V: |08:30 - 21:00 H | S: |08:30 - 21:00 H | D: |Cerrado,"41.38987,1.99489"
C068975,LA PLATAFORMA DE LA CONSTRUCCIÓN - BIGMAT,https://www.bigmatlaplataforma.es/,"CARRER DE MALLORCA, 83",,08029,BARCELONA,BARCELONA,ES,+34934952570,,,,41.385301,2.151033,13035,,regular_dealer,False,False,False,,,False,,,regular-dealer,L: |08:00 - 19:30 H | M: |08:00 - 19:30 H | X: |08:00 - 19:30 H | J: |08:00 - 19:30 H | V: |08:00 - 19:30 H | S: |08:00 - 14:00 H | D: |Cerrado,L: |08:00 - 19:30 H | M: |08:00 - 19:30 H | X: |08:00 - 19:30 H | J: |08:00 - 19:30 H | V: |08:00 - 19:30 H | S: |08:00 - 14:00 H | D: |Cerrado,"41.38987,1.99489"
C162929,OBRAMAT SABADELL,https://www.obramat.es/,"CARRER DE LA SERRA DE GALLINERS, 24",,08205 ,SABADELL,SABADELL,ES,+34937483959,,,,41.512203,2.103572,16341,,regular_dealer,False,False,False,,,False,,,regular-dealer,L: |07:00 - 21:00 H | M: |07:00 - 21:00 H | X: |07:00 - 21:00 H | J: |07:00 - 21:00 H | V: |07:00 - 21:00 H | S: |07:00 - 21:00 H | D: |Cerrado,L: |07:00 - 21:00 H | M: |07:00 - 21:00 H | X: |07:00 - 21:00 H | J: |07:00 - 21:00 H | V: |07:00 - 21:00 H | S: |07:00 - 21:00 H | D: |Cerrado,"41.38987,1.99489"
C065432,MODREGO HOGAR,http://www.modregohogar.com/,"CARRER DE LA CONCA DE TREMP, 18",,08032,BARCELONA,BARCELONA,ES,+34933579721,info@modregohogar.com,,,41.423499,2.155327,13892,,regular_dealer,False,False,False,,,False,,,regular-dealer,L: |09:30 - 13:00 H y 15:30 - 19:00 H | M: |09:30 - 13:00 H y 15:30 - 19:00 H | X: |09:30 - 13:00 H y 15:30 - 19:00 H | J: |09:30 - 13:00 H y 15:30 - 19:00 H | V: |09:30 - 13:00 H y 15:30 - 19:00 H | S: |Cerrado | D: |Cerrado,L: |09:30 - 13:00 H y 15:30 - 19:00 H | M: |09:30 - 13:00 H y 15:30 - 19:00 H | X: |09:30 - 13:00 H y 15:30 - 19:00 H | J: |09:30 - 13:00 H y 15:30 - 19:00 H | V: |09:30 - 13:00 H y 15:30 - 19:00 H | S: |Cerrado | D: |Cerrado,"41.38987,1.99489"
C073777,LEROY MERLIN SABADELL,https://www.leroymerlin.es/,"CARRER SERRA DE GALLINERS, S/N. VIA SABADELL",VIA SABADELL,08205,SABADELL,BARCELONA,ES,+34937285100,,,,41.5116,2.106418,16419,,regular_dealer,False,False,False,,,False,,,regular-dealer,L: |08:30 - 21:00 H | M: |08:30 - 21:00 H | X: |08:30 - 21:00 H | J: |08:30 - 21:00 H | V: |08:30 - 21:00 H | S: |08:30 - 21:00 H | D: |Cerrado,L: |08:30 - 21:00 H | M: |08:30 - 21:00 H | X: |08:30 - 21:00 H | J: |08:30 - 21:00 H | V: |08:30 - 21:00 H | S: |08:30 - 21:00 H | D: |Cerrado,"41.38987,1.99489"
C076800,LEROY MERLIN LA MAQUINISTA,http://www.leroymerlin.es/,ZAL-CARRER DE L'ANTARTIC 13-19,,08040,BARCELONA,BARCELONA,ES,+34932748484,,,,41.324076,2.146654,14627,,regular_dealer,False,False,False,,,False,,,regular-dealer,L: |09:00 - 21:00 H | M: |09:00 - 21:00 H | X: |09:00 - 21:00 H | J: |09:00 - 21:00 H | V: |09:00 - 21:00 H | S: |09:00 - 21:00 H | D: |Cerrado,L: |09:00 - 21:00 H | M: |09:00 - 21:00 H | X: |09:00 - 21:00 H | J: |09:00 - 21:00 H | V: |09:00 - 21:00 H | S: |09:00 - 21:00 H | D: |Cerrado,"41.38987,1.99489"
C175854,ANTONIO MADRID CARVAJAL,,AVENIDA GLORIES CATALANAES 100,,8221,TERRASSA,BARCELONA,ES,+34937881256,,,,41.553946,2.02651,18432,,regular_dealer,False,False,False,,,False,,,regular-dealer,,,"41.38987,1.99489"
C068973,SUBMINISTRES INDUSTRIALS MUNTADA,https://www.muntada.es,Camí Sacraments 63,POLÍGONO INDUSTRIAL SANT ERMENGOL II,08630,Abrera,BARCELONA,ES,+34 93 7708995,muntada@muntada.es,,,41.5177,1.88724,16807,,regular_dealer,False,False,False,,,False,,,regular-dealer,,,"41.38987,1.99489"
C058743,LA PLATAFORMA DE LA CONSTRUCCIÓN - BIGMAT,https://www.bigmatlaplataforma.es/,"MARIA CUBI I SOLER, 1",POLÍGONO INDUSTRIAL CAN LLOBET,08192,SANT QUIRZE DEL VALLÉS,BARCELONA,ES,+34937206400,,,,41.530216,2.094563,17677,,regular_dealer,False,False,False,,,False,,,regular-dealer,L: |07:00 - 19:30 H | M: |07:00 - 19:30 H | X: |07:00 - 19:30 H | J: |07:00 - 19:30 H | V: |07:00 - 19:30 H | S: |08:00 - 14:00 H | D: |Cerrado,L: |07:00 - 19:30 H | M: |07:00 - 19:30 H | X: |07:00 - 19:30 H | J: |07:00 - 19:30 H | V: |07:00 - 19:30 H | S: |08:00 - 14:00 H | D: |Cerrado,"41.38987,1.99489"
C080560,LEROY MERLIN URBAN BARCELONA,https://www.leroymerlin.es,"FONTANELLA, 12",,08010,BARCELONA,BARCELONA,ES,+34938825555,,,,41.387611,2.172311,14802,,regular_dealer,False,False,False,,,False,,,regular-dealer,L: |09:00 - 21:00 H | M: |09:00 - 21:00 H | X: |09:00 - 21:00 H | J: |09:00 - 21:00 H | V: |09:00 - 21:00 H | S: |09:00 - 21:00 H | D: |Cerrado,L: |09:00 - 21:00 H | M: |09:00 - 21:00 H | X: |09:00 - 21:00 H | J: |09:00 - 21:00 H | V: |09:00 - 21:00 H | S: |09:00 - 21:00 H | D: |Cerrado,"41.38987,1.99489"
C006286,OBRAMAT TERRASA,https://www.obramat.es/,"AVINGUDA DEL VALLÉS, 484-490",,08227,TERRASSA,BARCELONA,ES,+34938294301,info.terrassa@obramat.es,,,41.562824,2.035646,19528,,DIY; regular_dealer,False,False,False,,,False,,,diy; regular-dealer,L: |07:30 - 14:30 H y 15:30 - 21:00 H | M: |07:30 - 14:30 H y 15:30 - 21:00 H | X: |07:30 - 14:30 H y 15:30 - 21:00 H | J: |07:30 - 14:30 H y 15:30 - 21:00 H | V: |07:30 - 14:30 H y 15:30 - 21:00 H | S: |08:30 - 21:00 H | D: |Cerrado,L: |07:30 - 14:30 H y 15:30 - 21:00 H | M: |07:30 - 14:30 H y 15:30 - 21:00 H | X: |07:30 - 14:30 H y 15:30 - 21:00 H | J: |07:30 - 14:30 H y 15:30 - 21:00 H | V: |07:30 - 14:30 H y 15:30 - 21:00 H | S: |08:30 - 21:00 H | D: |Cerrado,"41.38987,1.99489"
C175842,FERRETERIA MARANGES,https://www.ferreteriamaranges.com/,CARRETERA DE BARCELONA 79-83,,8290,CERDANYOLA DEL VALLES,BARCELONA,ES,+34935806244,ferreteria@maranges.com,,,41.492653,2.148765,17178,,regular_dealer,False,False,False,,,False,,,regular-dealer,L: |08:00 - 13:00 H y 15:00 - 18:00 H | M: |08:00 - 13:00 H y 15:00 - 18:00 H | X: |08:00 - 13:00 H y 15:00 - 18:00 H | J: |08:00 - 13:00 H y 15:00 - 18:00 H | V: |08:00 - 13:00 H y 15:00 - 18:00 H | S: |09:00 - 13:00 H | D: |Cerrado,L: |08:00 - 13:00 H y 15:00 - 18:00 H | M: |08:00 - 13:00 H y 15:00 - 18:00 H | X: |08:00 - 13:00 H y 15:00 - 18:00 H | J: |08:00 - 13:00 H y 15:00 - 18:00 H | V: |08:00 - 13:00 H y 15:00 - 18:00 H | S: |09:00 - 13:00 H | D: |Cerrado,"41.38987,1.99489"
C069507,LEROY MERLIN BARBERA DEL VALLES (PUNTO DE RECOGIDA),https://www.leroymerlin.es/,"CARRETERA NACIONAL N150, KM 6,7",SECTOR BARICENTRO,08210,BARBERÁ DEL VALLES,BARCELONA,ES,+34937180608,,,,41.508909,2.138023,17818,,regular_dealer,False,False,False,,,False,,,regular-dealer,L: |08:30 - 21:00 H | M: |08:30 - 21:00 H | X: |08:30 - 21:00 H | J: |08:30 - 21:00 H | V: |08:30 - 21:00 H | S: |08:30 - 21:00 H | D: |Cerrado,L: |08:30 - 21:00 H | M: |08:30 - 21:00 H | X: |08:30 - 21:00 H | J: |08:30 - 21:00 H | V: |08:30 - 21:00 H | S: |08:30 - 21:00 H | D: |Cerrado,"41.38987,1.99489"
C058744,LA PLATAFORMA DE LA CONSTRUCCIÓN - BIGMAT,https://www.bigmatlaplataforma.es/,AVENIDA EDUARD MARISTANY 91-101,,08930,SANT ADRIÁ DE BESÒS,BARCELONA,ES,+34934627210,,,,41.42703,2.23142,20153,,regular_dealer,False,False,False,,,False,,,regular-dealer,L: |07:00 - 19:30 H | M: |07:00 - 19:30 H | X: |07:00 - 19:30 H | J: |07:00 - 19:30 H | V: |07:00 - 19:30 H | S: |08:00 - 14:00 H | D: |Cerrado,L: |07:00 - 19:30 H | M: |07:00 - 19:30 H | X: |07:00 - 19:30 H | J: |07:00 - 19:30 H | V: |07:00 - 19:30 H | S: |08:00 - 14:00 H | D: |Cerrado,"41.38987,1.99489"
C069538,LEROY MERLIN BADALONA,https://www.leroymerlin.es/,AVENIDA COMUNITAT EUROPEA S/N,,08915,BADALONA,BARCELONA,ES,+34933952782,,,,41.458172,2.227792,20850,,regular_dealer,False,False,False,,,False,,,regular-dealer,L: |08:30 - 21:00 H | M: |08:30 - 21:00 H | X: |08:30 - 21:00 H | J: |08:30 - 21:00 H | V: |08:30 - 21:00 H | S: |08:30 - 21:00 H | D: |Cerrado,L: |08:30 - 21:00 H | M: |08:30 - 21:00 H | X: |08:30 - 21:00 H | J: |08:30 - 21:00 H | V: |08:30 - 21:00 H | S: |08:30 - 21:00 H | D: |Cerrado,"41.38987,1.99489"
C031128,OBRAMAT BADALONA,https://www.obramat.es/,"AVINGUDA DE CONFIENT, S/N",,08915,BADALONA,BARCELONA,ES,+34934003131,info.badalona@obramat.es,,,41.466836,2.250732,22981,,DIY; regular_dealer,False,False,False,,,False,,,diy; regular-dealer,L: |07:30 - 14:30 H y 15:30 - 21:00 H | M: |07:30 - 14:30 H y 15:30 - 21:00 H | X: |07:30 - 14:30 H y 15:30 - 21:00 H | J: |07:30 - 14:30 H y 15:30 - 21:00 H | V: |07:30 - 14:30 H y 15:30 - 21:00 H | S: |08:30 - 21:00 H | D: |Cerrado,L: |07:30 - 14:30 H y 15:30 - 21:00 H | M: |07:30 - 14:30 H y 15:30 - 21:00 H | X: |07:30 - 14:30 H y 15:30 - 21:00 H | J: |07:30 - 14:30 H y 15:30 - 21:00 H | V: |07:30 - 14:30 H y 15:30 - 21:00 H | S: |08:30 - 21:00 H | D: |Cerrado,"41.38987,1.99489"
C076855,MOLINS SOLUCIONES INDUSTRIALES,https://helion.tools/es/,"MIQUEL SERVET, 37. NAVE 13. POLÍGONO INDUSTRIAL BUFA",POLÍGONO INDUSTRIAL BUFA,08243,MANRESA,BARCELONA,ES,+34938770869,info@helion-tools.com,,,41.709871,1.847311,37640,,regular_dealer,False,False,False,,,False,,,regular-dealer,,,"41.38987,1.99489"
C076821,LEROY MERLIN LLICA D'AMUNT,https://www.leroymerlin.es/,"CARRER COMERÇ, 3. PARQUE COMERCIAL CAN MONTCAU",PARQUE COMERCIAL CAN MONTCAU,08186,LLIÇA D´AMUNT,BARCELONA,ES,+34938808400,,,,41.601497,2.28724,33859,,regular_dealer,False,False,False,,,False,,,regular-dealer,L: |07:30 - 22:00 H | M: |07:30 - 22:00 H | X: |07:30 - 22:00 H | J: |07:30 - 22:00 H | V: |07:30 - 22:00 H | S: |07:30 - 22:00 H | D: |10:00 - 22:00 H,L: |07:30 - 22:00 H | M: |07:30 - 22:00 H | X: |07:30 - 22:00 H | J: |07:30 - 22:00 H | V: |07:30 - 22:00 H | S: |07:30 - 22:00 H | D: |10:00 - 22:00 H,"41.38987,1.99489"
C076809,LEROY MERLIN MANRESA (PUNTO DE RECOGIDA),https://www.leroymerlin.es/,"CARRER D'AGUSTI COLL 2, 12. POLÍGONO INDUSTRIAL INDUSTRIAL TRULLOLS PARC",POLÍGONO INDUSTRIAL INDUSTRIAL TRULLOLS PARC,8243,MANRESA,BARCELONA,ES,+34938749470,,,,41.723166,1.847895,39025,,regular_dealer,False,False,False,,,False,,,regular-dealer,L: |08:30 - 21:00 H | M: |08:30 - 21:00 H | X: |08:30 - 21:00 H | J: |08:30 - 21:00 H | V: |08:30 - 21:00 H | S: |08:30 - 21:00 H | D: |Cerrado,L: |08:30 - 21:00 H | M: |08:30 - 21:00 H | X: |08:30 - 21:00 H | J: |08:30 - 21:00 H | V: |08:30 - 21:00 H | S: |08:30 - 21:00 H | D: |Cerrado,"41.38987,1.99489"
C068990,VILA REPARACIONS ELECTROPORTATEIS (TALLER DE ASISTENCIA TÉCNICA),,"VERGE DE LA MONTSERRAT, 5",,08520,LES FRANQUESES DEL VALLES,BARCELONA,ES,+34938493064,vilareparacions@telefonica.net,,,41.631599,2.296691,36794,,regular_dealer,False,False,False,,,False,,,regular-dealer; service-center; service-partner,,,"41.38987,1.99489"
C076802,LEROY MERLIN CABRERA DE MAR (PUNTO DE RECOGIDA),https://www.leroymerlin.es/,"CARRETERA NII, KM.644",,08349,CABRERA DE MAR,BARCELONA,ES,+34937540630,,,,41.518566,2.418088,38059,,regular_dealer,False,False,False,,,False,,,regular-dealer,L: |08:30 - 21:00 H | M: |08:30 - 21:00 H | X: |08:30 - 21:00 H | J: |08:30 - 21:00 H | V: |08:30 - 21:00 H | S: |08:30 - 21:00 H | D: |Cerrado,L: |08:30 - 21:00 H | M: |08:30 - 21:00 H | X: |08:30 - 21:00 H | J: |08:30 - 21:00 H | V: |08:30 - 21:00 H | S: |08:30 - 21:00 H | D: |Cerrado,"41.38987,1.99489"
C175892,BRICODEPOT (CABRERA DE MAR),https://www.bricodepot.es,CARRETERA NACIONAL N-II. KM 644,,8349, CABRERA DE MAR,BARCELONA,ES,+34937502252,,,,41.518566,2.418088,38059,,regular_dealer,False,False,False,,,False,,,regular-dealer,L: |07:00 - 21:00 H | M: |07:00 - 21:00 H | X: |07:00 - 21:00 H | J: |07:00 - 21:00 H | V: |07:00 - 21:00 H | S: |07:00 - 21:00 H | D: |Cerrado,L: |07:00 - 21:00 H | M: |07:00 - 21:00 H | X: |07:00 - 21:00 H | J: |07:00 - 21:00 H | V: |07:00 - 21:00 H | S: |07:00 - 21:00 H | D: |Cerrado,"41.38987,1.99489"
C076878,VENDAI REPARACIO DE MAQUINARIA JOSEP FONTDEGLORIA,,"CAMI DEL SANT CRIST, 11-13",,08302,MATARO,BARCELONA,ES,+34937998417,,,,41.533311,2.426507,39342,,regular_dealer,False,False,False,,,False,,,regular-dealer,L: |08:00 - 13:00 H y 15:00 - 19:00 H | M: |08:00 - 13:00 H y 15:00 - 19:00 H | X: |08:00 - 13:00 H y 15:00 - 19:00 H | J: |08:00 - 13:00 H y 15:00 - 19:00 H | V: |08:00 - 13:00 H y 15:00 - 19:00 H | S: |Cerrado | D: |Cerrado,L: |08:00 - 13:00 H y 15:00 - 19:00 H | M: |08:00 - 13:00 H y 15:00 - 19:00 H | X: |08:00 - 13:00 H y 15:00 - 19:00 H | J: |08:00 - 13:00 H y 15:00 - 19:00 H | V: |08:00 - 13:00 H y 15:00 - 19:00 H | S: |Cerrado | D: |Cerrado,"41.38987,1.99489"
C076861,JORDI MAQUINARIA REPARACIO,,"BARCELONA, 56. POLÍGONO INDUSTRIAL MAS GALI",POLÍGONO INDUSTRIAL MAS GALI,08503,GURB,BARCELONA,ES,+34938863327,info@talvicmaysa.com,,,41.942077,2.246117,64848,,regular_dealer,False,False,False,,,False,,,regular-dealer,,,"41.38987,1.99489"
C076810,LEROY MERLIN VIC (COMPACT),https://www.leroymerlin.es/,"CARRETERA DE MANLLEU, 60-74",,08500,VIC,BARCELONA,ES,+34938883009,,,,41.943927,2.2585,65380,,regular_dealer,False,False,False,,,False,,,regular-dealer,L: |08:30 - 21:00 H | M: |08:30 - 21:00 H | X: |08:30 - 21:00 H | J: |08:30 - 21:00 H | V: |08:30 - 21:00 H | S: |08:30 - 21:00 H | D: |Cerrado,L: |08:30 - 21:00 H | M: |08:30 - 21:00 H | X: |08:30 - 21:00 H | J: |08:30 - 21:00 H | V: |08:30 - 21:00 H | S: |08:30 - 21:00 H | D: |Cerrado,"41.38987,1.99489"
C175894,BRICODEPOT (PARETS DEL VALLÈS),https://www.bricodepot.es,VIA DE SERVICIO POLÍGONO INDUSTRIAL EL PLA. AUTOVIA C-17,,8150,PARETS DEL VALLÈS,BARCELONA,ES,+34935739272,,,,42.126293,2.25355,84646,,regular_dealer,False,False,False,,,False,,,regular-dealer,L: |07:00 - 21:00 H | M: |07:00 - 21:00 H | X: |07:00 - 21:00 H | J: |07:00 - 21:00 H | V: |07:00 - 21:00 H | S: |07:00 - 21:00 H | D: |Cerrado,L: |07:00 - 21:00 H | M: |07:00 - 21:00 H | X: |07:00 - 21:00 H | J: |07:00 - 21:00 H | V: |07:00 - 21:00 H | S: |07:00 - 21:00 H | D: |Cerrado,"41.38987,1.99489"
C058813,OLIVERAS DERIVATS I MATERIALS.,https://www.oliveras.org/,POLIGONO INDUSTRIAL LES PRESES,,17844,LES PRESES,GIRONA,ES,+34972594131,info@oliveras.org,+34972594552,,42.1464,2.459735,92530,,regular_dealer,False,False,False,,,False,,,regular-dealer,L: |09:30 - 13:00 H y 15:00 - 19:30 H | M: |09:30 - 13:00 H y 15:00 - 19:30 H | X: |09:30 - 13:00 H y 15:00 - 19:30 H | J: |09:30 - 13:00 H y 15:00 - 19:30 H | V: |09:30 - 13:00 H y 15:00 - 19:30 H | S: |09:30 - 13:00 H | D: |Cerrado,L: |09:30 - 13:00 H y 15:00 - 19:30 H | M: |09:30 - 13:00 H y 15:00 - 19:30 H | X: |09:30 - 13:00 H y 15:00 - 19:30 H | J: |09:30 - 13:00 H y 15:00 - 19:30 H | V: |09:30 - 13:00 H y 15:00 - 19:30 H | S: |09:30 - 13:00 H | D: |Cerrado,"41.38987,1.99489"
C024117,LEROY MERLIN GIRONA,https://www.leroymerlin.es/,"CARRER ASTÚRIES, 66",,17003,GIRONA,GIRONA,ES,+34972754901,,,,41.954529,2.809619,92306,,DIY; regular_dealer,False,False,False,,,False,,,diy; regular-dealer,L: |08:30 - 21:00 H | M: |08:30 - 21:00 H | X: |08:30 - 21:00 H | J: |08:30 - 21:00 H | V: |08:30 - 21:00 H | S: |08:30 - 21:00 H | D: |Cerrado,L: |08:30 - 21:00 H | M: |08:30 - 21:00 H | X: |08:30 - 21:00 H | J: |08:30 - 21:00 H | V: |08:30 - 21:00 H | S: |08:30 - 21:00 H | D: |Cerrado,"41.38987,1.99489"
C038959,BAUHAUS GIRONA,https://www.bauhaus.es/,"VITORIA-GAZTEI. PARQUE COMERCIAL MAS GRI, PARCELA C",PARQUE COMERCIAL MAS GRI,17003,GIRONA,GIRONA,ES,+34972414222,girona@bauhaus.es,,,41.959429,2.822812,93478,,DIY; regular_dealer,False,False,False,,,False,,,diy; regular-dealer,L: |09:30 - 22:00 H | M: |09:30 - 22:00 H | X: |09:30 - 22:00 H | J: |09:30 - 22:00 H | V: |09:30 - 22:00 H | S: |09:30 - 22:00 H | D: |Cerrado,L: |09:30 - 22:00 H | M: |09:30 - 22:00 H | X: |09:30 - 22:00 H | J: |09:30 - 22:00 H | V: |09:30 - 22:00 H | S: |09:30 - 22:00 H | D: |Cerrado,"41.38987,1.99489"
C076858,GINESTA 1951,,"SANTA MAGDALENA, 11",,17220,SANT FELIU DE GUIXOLS,GIRONA,ES,+34972320529,dani@ginestagamma.com,,,41.783111,3.023221,96049,,regular_dealer,False,False,False,,,False,,,regular-dealer,,,"41.38987,1.99489"
C069557,LEROY MERLIN PLATJA D'ARO (COMPACT),https://www.leroymerlin.es/,CARRER TRAMUNTANA. NOU CENTRE D'OCI PARC D'ARO,NOU CENTRE D'OCI PARC D'ARO,17250,PLATJA D'ARO,GIRONA,ES,+34972828894,,,,41.806163,3.054288,99508,,regular_dealer,False,False,False,,,False,,,regular-dealer,L: |08:00 - 22:00 H | M: |08:00 - 22:00 H | X: |08:00 - 22:00 H | J: |08:00 - 22:00 H | V: |08:00 - 22:00 H | S: |09:00 - 22:00 H | D: |Cerrado,M: |09:00 - 22:00 H,"41.38987,1.99489"
C001541,ELECTRODOMESTICS YMBERT,,"PLAÇA EUROPA, 16-18",,17600,FIGUERES,GIRONA,ES,+34972504808,info@ymbert.es,,,42.264807,2.983103,127151,,regular_dealer,False,False,False,,,False,,,regular-dealer,L: |07:30 - 18:00 H | M: |07:30 - 18:00 H | X: |07:30 - 18:00 H | J: |07:30 - 18:00 H | V: |07:30 - 18:00 H | S: |Cerrado | D: |Cerrado,L: |07:30 - 18:00 H | M: |07:30 - 18:00 H | X: |07:30 - 18:00 H | J: |07:30 - 18:00 H | V: |07:30 - 18:00 H | S: |Cerrado | D: |Cerrado,"41.38987,1.99489"
C076812,LEROY MERLIN FIGUERES (COMPACT),https://www.leroymerlin.es/,"CARRETERA FIGUERES-ROSES C260, KM 28,6",,17600,FIGUERES,GIRONA,ES,+34935099174,,,,42.266084,2.996153,127957,,regular_dealer,False,False,False,,,False,,,regular-dealer,L: |08:30 - 21:00 H | M: |08:30 - 21:00 H | X: |08:30 - 21:00 H | J: |08:30 - 21:00 H | V: |08:30 - 21:00 H | S: |08:30 - 21:00 H | D: |Cerrado,L: |08:30 - 21:00 H | M: |08:30 - 21:00 H | X: |08:30 - 21:00 H | J: |08:30 - 21:00 H | V: |08:30 - 21:00 H | S: |08:30 - 21:00 H | D: |Cerrado,"41.38987,1.99489"
C001538,JOMAR,,"AVINGUDA JOAN CARLES, S/N",PARCELA A-A,17487,EMPURIABRAVA,GIRONA,ES,+34972453232,info@jomar.cat,,,42.245522,3.12574,133537,,regular_dealer,False,False,False,,,False,,,regular-dealer,L: |09:00 - 13:00 H y 15:00 - 20:00 H | M: |09:00 - 13:00 H y 15:00 - 20:00 H | X: |09:00 - 13:00 H y 15:00 - 20:00 H | J: |09:00 - 13:00 H y 15:00 - 20:00 H | V: |09:00 - 13:00 H y 15:00 - 20:00 H | S: |Cerrado | D: |Cerrado,L: |09:00 - 13:00 H y 15:00 - 20:00 H | M: |09:00 - 13:00 H y 15:00 - 20:00 H | X: |09:00 - 13:00 H y 15:00 - 20:00 H | J: |09:00 - 13:00 H y 15:00 - 20:00 H | V: |09:00 - 13:00 H y 15:00 - 20:00 H | S: |Cerrado | D: |Cerrado,"41.38987,1.99489"
C012410,TORRES Y SAEZ,https://www.todofer.com/es/,POLÍGONO INDUSTRIAL POCOMACO PARCELA A1,,15190,MESOIRO,A CORUÑA,ES,+34981173486,,,,43.332235,-8.424934,130017,50,ONLINE_PURE_PLAYER; TRADITIONAL_TRADE; regular_dealer,True,True,False,DELIVERY_TO_CONSTRUCTION; EXPRESS; HOME_DELIVERY; NORMAL; PICKUP,BANK_TRANSFER; CASH; CREDITCARD; DEBIT; INVOICE; VISA,False,,company.b2c,construction; expert-powertools; express; offline-traditional-trade; premium-partner; regular-dealer,,,"42.46784,-9.50000"
C058936,TORRES Y SAEZ,http://www.torresysaez.com,POLÍGONO INDUSTRIAL LA GRELA PARCELA II-70,,15008,A CORUÑA,A CORUÑA,ES,+34981173311,ventasgrela@torresysaez.com,+34981291226,,43.352729,-8.434417,131188,,regular_dealer,True,True,False,,,False,,,expert-powertools; premium-partner; regular-dealer,L: |08:30 - 13:30 H y 15:30 - 18:30 H | M: |08:30 - 13:30 H y 15:30 - 18:30 H | X: |08:30 - 13:30 H y 15:30 - 18:30 H | J: |08:30 - 13:30 H y 15:30 - 18:30 H | V: |08:30 - 13:30 H y 15:30 - 18:30 H | S: |Cerrado | D: |Cerrado,L: |08:30 - 13:30 H y 15:30 - 18:30 H | M: |08:30 - 13:30 H y 15:30 - 18:30 H | X: |08:30 - 13:30 H y 15:30 - 18:30 H | J: |08:30 - 13:30 H y 15:30 - 18:30 H | V: |08:30 - 13:30 H y 15:30 - 18:30 H | S: |Cerrado | D: |Cerrado,"42.46784,-9.50000"
C058921,SWAIZ COMMERCIAL,https://www.swaiz.com/,"PARQUE EMPRESARIAL ALVEDRO PRC, RÚA I, 20",,15180,CULLEREDO,A CORUÑA,ES,+34981613572,info@swaiz.com,,,43.298921,-8.366607,130634,,regular_dealer,True,False,False,,,False,,,premium-partner; regular-dealer,,,"42.46784,-9.50000"
C076874,JJ GALICIA TOOLS,,SERZEDO S/N BAJO,,15830,NEGREIRA,A CORUÑA,ES,,,,,42.911007,-8.737483,79446,,regular_dealer,False,False,False,,,False,,,regular-dealer,,,"42.46784,-9.50000"
C058699,HIJOS DE CV OTERO,https://hcvotero.es/,VÍA ÉDISON 5,POLÍGONO INDUSTRIAL DEL TAMBRE,15702,SANTIAGO DE COMPOSTELA,A CORUÑA,ES,+34981562001,hcvotero@hcvotero.es,,,42.874752,-8.543329,90353,,BUILDING_CONSTRUCTION; ONLINE_PURE_PLAYER; TRADITIONAL_TRADE; regular_dealer,False,False,False,DELIVERY_TO_CONSTRUCTION; NORMAL; PICKUP,BANK_TRANSFER; CASH; CREDITCARD; DEBIT; INVOICE; VISA,False,,company.b2b; company.b2c,construction; offline-traditional-trade; regular-dealer,L: |08:00 - 19:00 H | M: |08:00 - 19:00 H | X: |08:00 - 19:00 H | J: |08:00 - 19:00 H | V: |08:00 - 19:00 H | S: |Cerrado | D: |Cerrado,L: |08:00 - 19:00 H | M: |08:00 - 19:00 H | X: |08:00 - 19:00 H | J: |08:00 - 19:00 H | V: |08:00 - 19:00 H | S: |Cerrado | D: |Cerrado,"42.46784,-9.50000"
C080566,LEROY MERLIN SANTIAGO CENTRO,https://www.leroymerlin.es/,"CAMILO JOSE CELA, S/N. POLIGONO INDUSTRIAL COSTA VELLA, PARCELA 44",,15707,SANTIAGO DE COMPOSTELA,A CORUÑA,ES,+34981527527,,,,42.883275,-8.543633,90805,,regular_dealer,False,False,False,,,False,,,regular-dealer,L: |07:30 - 22:00 H | M: |07:30 - 22:00 H | X: |07:30 - 22:00 H | J: |07:30 - 22:00 H | V: |07:30 - 22:00 H | S: |07:30 - 22:00 H | D: |Cerrado,L: |07:30 - 22:00 H | M: |07:30 - 22:00 H | X: |07:30 - 22:00 H | J: |07:30 - 22:00 H | V: |07:30 - 22:00 H | S: |07:30 - 22:00 H | D: |Cerrado,"42.46784,-9.50000"
C001827,OBRAMAT SANTIAGO,https://www.obramat.es/,"RUA PAÍS VASCO, 6. POLIGONO INDUSTRIAL COSTA VELLA - A SIONLLA",POLIGONO INDUSTRIAL COSTA VELLA - A SIONLLA,15707,SANTIAGO DE COMPOSTELA,A CORUÑA,ES,+34981559690,info.santiago@obramat.es,,,42.905052,-8.498593,95195,,DIY; regular_dealer,False,False,False,,,False,,,diy; regular-dealer,L: |07:30 - 22:00 H | M: |07:30 - 22:00 H | X: |07:30 - 22:00 H | J: |07:30 - 22:00 H | V: |07:30 - 22:00 H | S: |07:30 - 22:00 H | D: |Cerrado,L: |07:30 - 22:00 H | M: |07:30 - 22:00 H | X: |07:30 - 22:00 H | J: |07:30 - 22:00 H | V: |07:30 - 22:00 H | S: |07:30 - 22:00 H | D: |Cerrado,"42.46784,-9.50000"
C084218,FERRETERIA ARAN,https://aranferreterias.com/es/,"RÚA VERDILLO, 13",,15100,CARBALLO,A CORUÑA,ES,+34981701117,ferreteriaaran@mundo-r.com,,,43.208462,-8.686639,105730,,regular_dealer,False,False,False,,,False,,,regular-dealer,,,"42.46784,-9.50000"
C058576,FERRECAL,,"VIA ARQUIMIDES, 1 - 2",POLÍGONO INDUSTRIAL DEL TAMBRE,15890,SANTIAGO DE COMPOSTELA,A CORUÑA,ES,+34981586022,,,,42.913036,-8.489734,96267,,regular_dealer,False,False,False,,,False,,,regular-dealer,,,"42.46784,-9.50000"
C202462,FERRETERIA FERROLAR,,RUA DO COBRE. POLÍGONO INDUSTRIAL BERTOA PARCELA H4,,15100,CARBALLO,A CORUÑA,ES,+34981732872,,,,43.226277,-8.676344,107795,,regular_dealer,False,False,False,,,False,,,regular-dealer,L: |07:30 - 13:00 H y 14:30 - 19:30 H | M: |07:30 - 13:00 H y 14:30 - 19:30 H | X: |07:30 - 13:00 H y 14:30 - 19:30 H | J: |07:30 - 13:00 H y 14:30 - 19:30 H | V: |07:30 - 13:00 H y 14:30 - 19:30 H | S: |Cerrado | D: |Cerrado,L: |07:30 - 13:00 H y 14:30 - 19:30 H | M: |07:30 - 13:00 H y 14:30 - 19:30 H | X: |07:30 - 13:00 H y 14:30 - 19:30 H | J: |07:30 - 13:00 H y 14:30 - 19:30 H | V: |07:30 - 13:00 H y 14:30 - 19:30 H | S: |Cerrado | D: |Cerrado,"42.46784,-9.50000"
C073803,LEROY MERLIN LA CORUNA,https://www.leroymerlin.es/,"CARRETERA BAÑOS DE ARTEIXO, S/N. CENTRO COMERCIAL MARINEDA CITY, PLANTA 2, LOCAL 1",CENTRO COMERCIAL MARINEDA CITY,15008,A CORUÑA,A CORUÑA,ES,+34881900928,,,,43.344198,-8.42822,130819,,regular_dealer,False,False,False,,,False,,,regular-dealer,L: |09:00 - 22:00 H | M: |09:00 - 22:00 H | X: |09:00 - 22:00 H | J: |09:00 - 22:00 H | V: |09:00 - 22:00 H | S: |09:00 - 22:00 H | D: |Cerrado,L: |09:00 - 22:00 H | M: |09:00 - 22:00 H | X: |09:00 - 22:00 H | J: |09:00 - 22:00 H | V: |09:00 - 22:00 H | S: |09:00 - 22:00 H | D: |Cerrado,"42.46784,-9.50000"
C066668,BRICODEPOT (A CORUÑA),,"SEVERO OCHOA, 21. POLÍGIONO A GRELA. BENS",,15008,A CORUÑA,A CORUÑA,ES,+34981913464,,,,43.350446,-8.426526,131426,,regular_dealer,False,False,False,,,False,,,regular-dealer,L: |08:00 - 21:00 H | M: |08:00 - 21:00 H | X: |08:00 - 21:00 H | J: |08:00 - 21:00 H | V: |08:00 - 21:00 H | S: |08:00 - 21:00 H | D: |Cerrado,L: |08:00 - 21:00 H | M: |08:00 - 21:00 H | X: |08:00 - 21:00 H | J: |08:00 - 21:00 H | V: |08:00 - 21:00 H | S: |08:00 - 21:00 H | D: |Cerrado,"42.46784,-9.50000"
C084217,UTILMACON,https://utilmacon.net/,"PROLONGACIÓN JUAN DE LA CIERVA, 2. POLÍGONO A GRELA",POLÍGONO A GRELA,15008,A CORUÑA,A CORUÑA,ES,+34981269880,utilmacon@yahoo.es,,,43.356049,-8.423617,132046,,regular_dealer,False,False,False,,,False,,,regular-dealer,,,"42.46784,-9.50000"
C024241,LEROY MERLIN OLEIROS (COMPACT),https://www.leroymerlin.es/,"AVENIDA DAS MARIÑAS N-VI, KM 585",,15171,OLEIROS,A CORUÑA,ES,+34981619320,,,,43.321488,-8.315376,135351,,DIY; regular_dealer,False,False,False,,,False,,,diy; regular-dealer,L: |09:00 - 22:00 H | M: |09:00 - 22:00 H | X: |09:00 - 22:00 H | J: |09:00 - 22:00 H | V: |09:00 - 22:00 H | S: |09:00 - 22:00 H | D: |Cerrado,L: |09:00 - 22:00 H | M: |09:00 - 22:00 H | X: |09:00 - 22:00 H | J: |09:00 - 22:00 H | V: |09:00 - 22:00 H | S: |09:00 - 22:00 H | D: |Cerrado,"42.46784,-9.50000"
C076875,TORGUESA INDUSTRIAL,,"AGRICULTURA, 63",,27003,LUGO,LUGO,ES,+34982209662,pili@torguesa.com,,,43.009738,-7.556758,71965,,regular_dealer,True,True,False,,,False,,,expert-powertools; premium-partner; regular-dealer,,,"42.46784,-8.03865"
C084764,TORRES Y SAEZ,http://www.torresysaez.com,"POLIGONO INDUSTRIAL AS GANDARAS. RUA F, PARC K1.1",,27003,LUGO,LUGO,ES,+34982207094,ventaslugo@torresysaez.com,+34982207258,,43.030914,-7.550228,74229,,regular_dealer,True,True,False,,,False,,,expert-powertools; premium-partner; regular-dealer,L: |08:00 - 13:00 H y 15:00 - 19:00 H | M: |08:00 - 13:00 H y 15:00 - 19:00 H | X: |08:00 - 13:00 H y 15:00 - 19:00 H | J: |08:00 - 13:00 H y 15:00 - 19:00 H | V: |08:00 - 13:00 H y 15:00 - 19:00 H | S: |Cerrado | D: |Cerrado,L: |08:00 - 13:00 H y 15:00 - 19:00 H | M: |08:00 - 13:00 H y 15:00 - 19:00 H | X: |08:00 - 13:00 H y 15:00 - 19:00 H | J: |08:00 - 13:00 H y 15:00 - 19:00 H | V: |08:00 - 13:00 H y 15:00 - 19:00 H | S: |Cerrado | D: |Cerrado,"42.46784,-8.03865"
C058935,TORRE MAQUINARIA,http://www.herramientabosch.com/,"POLÍGONO INDUSTRIAL LOUZANETA, NAVE 12",CARRETERA DEL FRIOL,27297,AS ARIEIRAS,LUGO,ES,+34982212227,info@herramientabosch.com,,,43.052504,-7.535556,76894,,regular_dealer,True,True,False,,,False,,,expert-powertools; premium-partner; regular-dealer,L: |09:00 - 13:30 H y 15:30 - 19:00 H | M: |09:00 - 13:30 H y 15:30 - 19:00 H | X: |09:00 - 13:30 H y 15:30 - 19:00 H | J: |09:00 - 13:30 H y 15:30 - 19:00 H | V: |09:00 - 13:30 H y 15:30 - 19:00 H | S: |Cerrado | D: |Cerrado,L: |09:00 - 13:30 H y 15:30 - 19:00 H | M: |09:00 - 13:30 H y 15:30 - 19:00 H | X: |09:00 - 13:30 H y 15:30 - 19:00 H | J: |09:00 - 13:30 H y 15:30 - 19:00 H | V: |09:00 - 13:30 H y 15:30 - 19:00 H | S: |Cerrado | D: |Cerrado,"42.46784,-8.03865"
C076915,TOCHO COMERCIAL,https://tocho-comercial.com/,"AVENIDA FRAGA IRIBARNE, 50-52",,15300,BETANZOS,A CORUÑA,ES,+34981776571,ventas@tocho-comercial.com,,,43.276103,-8.217581,91045,,regular_dealer,True,True,False,,,False,,,expert-powertools; premium-partner; regular-dealer,L: |08:30 - 13:30 H y 15:30 - 20:00 H | M: |08:30 - 13:30 H y 15:30 - 20:00 H | X: |08:30 - 13:30 H y 15:30 - 20:00 H | J: |08:30 - 13:30 H y 15:30 - 20:00 H | V: |08:30 - 13:30 H y 15:30 - 20:00 H | S: |09:00 - 13:30 H | D: |Cerrado,L: |08:30 - 13:30 H y 15:30 - 20:00 H | M: |08:30 - 13:30 H y 15:30 - 20:00 H | X: |08:30 - 13:30 H y 15:30 - 20:00 H | J: |08:30 - 13:30 H y 15:30 - 20:00 H | V: |08:30 - 13:30 H y 15:30 - 20:00 H | S: |09:00 - 13:30 H | D: |Cerrado,"42.46784,-8.03865"
C087369,FERRETERIA NOGUEROL,https://www.gruponoguerol.com/,"CIRCUNVALACIÓN FERIA, S/N",,15800,MELIDE ,A CORUÑA,ES,+34981507700,web@gruponoguerol.com,,,42.901312,-8.016521,48231,,regular_dealer,False,False,False,,,False,,,regular-dealer,L: |08:30 - 14:00 H y 15:00 - 20:30 H | M: |08:30 - 14:00 H y 15:00 - 20:30 H | X: |08:30 - 14:00 H y 15:00 - 20:30 H | J: |08:30 - 14:00 H y 15:00 - 20:30 H | V: |08:30 - 14:00 H y 15:00 - 20:30 H | S: |09:00 - 13:30 H | D: |Cerrado,L: |08:30 - 14:00 H y 15:00 - 20:30 H | M: |08:30 - 14:00 H y 15:00 - 20:30 H | X: |08:30 - 14:00 H y 15:00 - 20:30 H | J: |08:30 - 14:00 H y 15:00 - 20:30 H | V: |08:30 - 14:00 H y 15:00 - 20:30 H | S: |09:00 - 13:30 H | D: |Cerrado,"42.46784,-8.03865"
C079268,OBRAMAT LUGO,https://www.bricomart.es,"PARQUE EMPRESARIAL AS GÁNDARAS, RUA JUAN JACOBO DURÁN LORIGA, VIAL D, PARCELA S, BLOQUE 2",,27003,LUGO,LUGO,ES,+34982148625,info.lugo@obramat.es,,,43.01185,-7.638537,68748,,DIY; regular_dealer,False,False,False,,,False,,,diy; regular-dealer,L: |07:30 - 21:00 H | M: |07:30 - 21:00 H | X: |07:30 - 21:00 H | J: |07:30 - 21:00 H | V: |07:30 - 21:00 H | S: |07:30 - 22:00 H | D: |Cerrado,L: |07:30 - 21:00 H | M: |07:30 - 21:00 H | X: |07:30 - 21:00 H | J: |07:30 - 21:00 H | V: |07:30 - 21:00 H | S: |07:30 - 22:00 H | D: |Cerrado,"42.46784,-8.03865"
C069511,LEROY MERLIN LUGO,https://www.leroymerlin.es/,"AVENIDA INFANTA ELENA, S/N. CENTRO COMERCIAL AS TERMAS",,27003,LUGO,LUGO,ES,+34982219725,,,,43.03729,-7.568686,74035,,regular_dealer,False,False,False,,,False,,,regular-dealer,L: |09:00 - 22:00 H | M: |09:00 - 22:00 H | X: |09:00 - 22:00 H | J: |09:00 - 22:00 H | V: |09:00 - 22:00 H | S: |09:00 - 22:00 H | D: |Cerrado,L: |09:00 - 22:00 H | M: |09:00 - 22:00 H | X: |09:00 - 22:00 H | J: |09:00 - 22:00 H | V: |09:00 - 22:00 H | S: |09:00 - 22:00 H | D: |Cerrado,"42.46784,-8.03865"
C076867,ALMACENES SILGAR,http://www.almacenessilgar.com/,"POLÍGONO INDUSTRIAL DE GONZALIN, 43",,33600,MIERES,ASTURIAS,ES,+34985456675,info@almacenessilgar.com,,,43.233088,-5.778375,107149,,regular_dealer,True,True,False,,,False,,,expert-powertools; premium-partner; regular-dealer,,,"42.46784,-6.57730"
C076869,EFECTOS INDUSTRIALES. CAMINOVAL,https://caminoval.es/,"CHOPERA, 13",POLÍGONO INDUSTRIAL RIAÑO I,33920,LANGREO,ASTURIAS,ES,+34985691222,ventas@caminovalsl.com,,,43.325021,-5.720946,118107,,regular_dealer,False,False,False,,,False,,,regular-dealer,L: |08:00 - 13:00 H y 14:30 - 18:00 H | M: |08:00 - 13:00 H y 14:30 - 18:00 H | X: |08:00 - 13:00 H y 14:30 - 18:00 H | J: |08:00 - 13:00 H y 14:30 - 18:00 H | V: |08:00 - 13:00 H y 14:30 - 18:00 H | S: |Cerrado | D: |Cerrado,L: |08:00 - 13:00 H y 14:30 - 18:00 H | M: |08:00 - 13:00 H y 14:30 - 18:00 H | X: |08:00 - 13:00 H y 14:30 - 18:00 H | J: |08:00 - 13:00 H y 14:30 - 18:00 H | V: |08:00 - 13:00 H y 14:30 - 18:00 H | S: |Cerrado | D: |Cerrado,"42.46784,-6.57730"
C175853,MADERAS CAMACHO,https://www.maderascamacho.es/,LA CARRERA S/N,,33590,NORIEGA,ASTURIAS,ES,+34985412131,info@maderascamacho.es,,,43.363943,-4.573082,109002,,regular_dealer,False,False,False,,,False,,,regular-dealer,L: |09:00 - 13:00 H y 17:00 - 19:00 H | M: |09:00 - 13:00 H y 17:00 - 19:00 H | X: |09:00 - 13:00 H y 17:00 - 19:00 H | J: |09:00 - 13:00 H y 17:00 - 19:00 H | V: |09:00 - 13:00 H y 17:00 - 19:00 H | S: |09:30 - 13:00 H | D: |Cerrado,L: |09:00 - 13:00 H y 17:00 - 19:00 H | M: |09:00 - 13:00 H y 17:00 - 19:00 H | X: |09:00 - 13:00 H y 17:00 - 19:00 H | J: |09:00 - 13:00 H y 17:00 - 19:00 H | V: |09:00 - 13:00 H y 17:00 - 19:00 H | S: |09:30 - 13:00 H | D: |Cerrado,"42.46784,-5.11595"
C175838,FERRETERÍA LOS PEDROS,,POLÍGONO LA VEGA NAVE 104,,39200,REINOSA,CANTABRIA,ES,+34942774024,info@ferreterialospedros.es,,,42.985051,-4.145125,97954,,regular_dealer,False,False,False,,,False,,,regular-dealer,L: |08:30 - 13:30 H y 15:30 - 19:30 H | M: |08:30 - 13:30 H y 15:30 - 19:30 H | X: |08:30 - 13:30 H y 15:30 - 19:30 H | J: |08:30 - 13:30 H y 15:30 - 19:30 H | V: |08:30 - 13:30 H y 15:30 - 19:30 H | S: |Cerrado | D: |Cerrado,L: |08:30 - 13:30 H y 15:30 - 19:30 H | M: |08:30 - 13:30 H y 15:30 - 19:30 H | X: |08:30 - 13:30 H y 15:30 - 19:30 H | J: |08:30 - 13:30 H y 15:30 - 19:30 H | V: |08:30 - 13:30 H y 15:30 - 19:30 H | S: |Cerrado | D: |Cerrado,"42.46784,-5.11595"
C069549,LEROY MERLIN TORRELAVEGA (COMPACT),https://www.leroymerlin.es/,"AVENIDA DE BILBAO, 124. POLÍGONO LOS OCHOS",POLÍGONO LOS OCHOS,39300,TORRELAVEGA,CANTABRIA,ES,+34942808741,,,,43.34334,-4.032696,131374,,regular_dealer,False,False,False,,,False,,,regular-dealer,L: |09:00 - 22:00 H | M: |09:00 - 22:00 H | X: |09:00 - 22:00 H | J: |09:00 - 22:00 H | V: |09:00 - 22:00 H | S: |09:00 - 22:00 H | D: |Cerrado,L: |09:00 - 22:00 H | M: |09:00 - 22:00 H | X: |09:00 - 22:00 H | J: |09:00 - 22:00 H | V: |09:00 - 22:00 H | S: |09:00 - 22:00 H | D: |Cerrado,"42.46784,-5.11595"
C001874,ROYCHA,http://www.casaytaller.es/,"BRIVIESCA, 34",,09004,BURGOS,BURGOS,ES,+34947272737,roycha@roycha.com,,,42.34497,-3.68953,13959,,regular_dealer,True,True,False,,,False,,,expert-powertools; premium-partner; regular-dealer,L: |09:30 - 14:00 H y 17:00 - 19:00 H | M: |09:30 - 14:00 H y 17:00 - 19:00 H | X: |09:30 - 14:00 H y 17:00 - 19:00 H | J: |09:30 - 14:00 H y 17:00 - 19:00 H | V: |09:30 - 14:00 H y 17:00 - 19:00 H | S: |10:00 - 14:00 H | D: |Cerrado,L: |09:30 - 14:00 H y 17:00 - 19:00 H | M: |09:30 - 14:00 H y 17:00 - 19:00 H | X: |09:30 - 14:00 H y 17:00 - 19:00 H | J: |09:30 - 14:00 H y 17:00 - 19:00 H | V: |09:30 - 14:00 H y 17:00 - 19:00 H | S: |10:00 - 14:00 H | D: |Cerrado,"42.46784,-3.65460"
C058860,SEYRMA,https://www.seyrma.es/,"ARENAL, 112",POLÍGONO INDUSTRIAL SAN PEDRO,09200,MIRANDA DE EBRO,BURGOS,ES,+34947059434,seyrma@seyrma.es,,,42.688198,-2.940219,63414,,regular_dealer,True,True,False,,,False,,,expert-powertools; premium-partner; regular-dealer,L: |07:30 - 14:30 H y 16:00 - 20:00 H | M: |07:30 - 14:30 H y 16:00 - 20:00 H | X: |07:30 - 14:30 H y 16:00 - 20:00 H | J: |07:30 - 14:30 H y 16:00 - 20:00 H | V: |07:30 - 14:30 H y 16:00 - 20:00 H | S: |10:00 - 13:00 H | D: |Cerrado,L: |07:30 - 14:30 H y 16:00 - 20:00 H | M: |07:30 - 14:30 H y 16:00 - 20:00 H | X: |07:30 - 14:30 H y 16:00 - 20:00 H | J: |07:30 - 14:30 H y 16:00 - 20:00 H | V: |07:30 - 14:30 H y 16:00 - 20:00 H | S: |10:00 - 13:00 H | D: |Cerrado,"42.46784,-3.65460"
C175859,AJJ STORES,https://www.ajjgrupo.com/,PABELLÓN 10,POLÍGONO INDUSTRIAL BALLONTI,48920,PORTUGALETE,BIZKAIA,ES,+34944611031,ajj@ajjgrupo.com,,,43.316135,-3.025078,107360,,regular_dealer,True,True,False,,,False,,,expert-powertools; premium-partner; regular-dealer,,,"42.46784,-3.65460"
C068996,METALCO BILBAO,https://prolians.es/,"POLÍGONO INDUSTRIAL BERRETEAGA, TXORI-ERRI ETORBIDEA, 46",,48150,SONDIKA,BIZKAIA,ES,+34902013737,comercial.bilbao@prolians.es,,,43.298044,-2.923185,109872,,TRADITIONAL_TRADE; regular_dealer,True,True,False,,,False,,,expert-powertools; offline-traditional-trade; premium-partner; regular-dealer,,,"42.46784,-3.65460"
C058499,RUBIX IBERIA (GALDAKAO),https://es.rubix.com/,POLIGONO INDUSTRIAL ERLETXE D-152 PAB 1,,48960,GALDÁKAO,VIZCAYA,ES,+34944579464,erletxe@rubix.com,,,43.23939,-2.797164,110653,,regular_dealer,True,True,False,,,False,,,expert-powertools; premium-partner; regular-dealer,L: |08:30 - 13:30 H y 15:00 - 18:00 H | M: |08:30 - 13:30 H y 15:00 - 18:00 H | X: |08:30 - 13:30 H y 15:00 - 18:00 H | J: |08:30 - 13:30 H y 15:00 - 18:00 H | V: |08:30 - 13:30 H y 15:00 - 18:00 H | S: |Cerrado | D: |Cerrado,L: |08:30 - 13:30 H y 15:00 - 18:00 H | M: |08:30 - 13:30 H y 15:00 - 18:00 H | X: |08:30 - 13:30 H y 15:00 - 18:00 H | J: |08:30 - 13:30 H y 15:00 - 18:00 H | V: |08:30 - 13:30 H y 15:00 - 18:00 H | S: |Cerrado | D: |Cerrado,"42.46784,-3.65460"
C065206,FELIX LAZARO LOPEZ,,"VALDEOSERA, 6-8 BAJO",,26005,LOGROÑO,LA RIOJA,ES,+34941202042,,,,42.468227,-2.462255,97794,,regular_dealer,True,True,False,,,False,,,expert-powertools; premium-partner; regular-dealer,,,"42.46784,-3.65460"
C058857,SEIN ARRASATE,http://www.sein.es,"NOTARIO ETXAGIBEL, 3",,20500,ARRASATE,GUIPUZCOA,ES,+34943712425,arrasate@sein.es,,,43.064887,-2.490208,115932,,regular_dealer,True,True,False,,,False,,,expert-powertools; premium-partner; regular-dealer,,,"42.46784,-3.65460"
C175831,SEIN VITORIA-GASTEIZ,http://www.sein.es,"JUNDIZ, 2 A-B",POLÍGONO INDUSTRIAL JUNDIZ,01015,VITORIA-GASTEIZ,ÁLAVA,ES,+34945290745,baz@sein.es,,,42.847782,-2.739955,85896,,regular_dealer,True,False,False,,,False,,,premium-partner; regular-dealer,,,"42.46784,-3.65460"
C058498,BRAMMER DERIO,http://es.brammer.biz,"ASTINTZE KALEA, 22",,48160,ELEXALDE - DERIO,VIZCAYA,ES,+34944521262,derio@rubix.com,,,43.28903,-2.881455,110929,,regular_dealer,True,False,False,,,False,,,premium-partner; regular-dealer,L: |08:30 - 13:30 H y 15:00 - 18:00 H | M: |08:30 - 13:30 H y 15:00 - 18:00 H | X: |08:30 - 13:30 H y 15:00 - 18:00 H | J: |08:30 - 13:30 H y 15:00 - 18:00 H | V: |08:30 - 13:30 H y 15:00 - 18:00 H | S: |Cerrado | D: |Cerrado,L: |08:30 - 13:30 H y 15:00 - 18:00 H | M: |08:30 - 13:30 H y 15:00 - 18:00 H | X: |08:30 - 13:30 H y 15:00 - 18:00 H | J: |08:30 - 13:30 H y 15:00 - 18:00 H | V: |08:30 - 13:30 H y 15:00 - 18:00 H | S: |Cerrado | D: |Cerrado,"42.46784,-3.65460"
C015960,OBRAMAT BURGOS,https://www.obramat.es/,"ALFOZ DE BRICIA, 30. POLIGONO INDUSTRIAL VILLALONQUÉJAR (JUNTO A LA N-627)",,09001,BURGOS,BURGOS,ES,+34947426221,info.burgos@obramat.es,,,42.365808,-3.693989,11796,,DIY; regular_dealer,False,False,False,,,False,,,diy; regular-dealer,L: |07:30 - 22:00 H | M: |07:30 - 22:00 H | X: |07:30 - 22:00 H | J: |07:30 - 22:00 H | V: |07:30 - 22:00 H | S: |07:30 - 22:00 H | D: |Cerrado,L: |07:30 - 22:00 H | M: |07:30 - 22:00 H | X: |07:30 - 22:00 H | J: |07:30 - 22:00 H | V: |07:30 - 22:00 H | S: |07:30 - 22:00 H | D: |Cerrado,"42.46784,-3.65460"
C058875,SUMIGAS,https://www.sumigas.net/,"POLÍGONO INDUSTRIAL GRANADA, L-3",,48530,ORTUELLA,BIZKAIA,ES,+34946353531,comercial@sumigas.net,,,43.30934,-3.053864,105591,,regular_dealer,False,False,False,,,False,,,regular-dealer,L: |07:30 - 18:00 H | M: |07:30 - 18:00 H | X: |07:30 - 18:00 H | J: |07:30 - 18:00 H | V: |07:30 - 18:00 H | S: |Cerrado | D: |Cerrado,L: |07:30 - 18:00 H | M: |07:30 - 18:00 H | X: |07:30 - 18:00 H | J: |07:30 - 18:00 H | V: |07:30 - 18:00 H | S: |Cerrado | D: |Cerrado,"42.46784,-3.65460"
C175883,BRICODEPOT (VITORIA GASTEIZ),https://www.bricodepot.es,GORBEIA MERKATARITZA ZENTROA A-622. ERREPIDEA 9 9 KM,,1196,ETXABARRI - IBIÑA,VITORIA,ES,+34945460510,,,,42.911365,-2.714352,91307,,regular_dealer,False,False,False,,,False,,,regular-dealer,L: |09:00 - 21:00 H | M: |09:00 - 21:00 H | X: |09:00 - 21:00 H | J: |09:00 - 21:00 H | V: |09:00 - 21:00 H | S: |09:00 - 21:00 H | D: |Cerrado,L: |09:00 - 21:00 H | M: |09:00 - 21:00 H | X: |09:00 - 21:00 H | J: |09:00 - 21:00 H | V: |09:00 - 21:00 H | S: |09:00 - 21:00 H | D: |Cerrado,"42.46784,-3.65460"
C069540,LEROY MERLIN BARAKALDO,https://www.leroymerlin.es/,"AVENIDA DE LA RIBERA, S/N. CENTRO COMERCIAL MEGAPARK",CENTRO COMERCIAL MEGAPARK,48903,BARAKALDO,VIZCAYA,ES,+34944859609,,,,43.289838,-3.004013,105656,,regular_dealer,False,False,False,,,False,,,regular-dealer,L: |09:00 - 22:00 H | M: |09:00 - 22:00 H | X: |09:00 - 22:00 H | J: |09:00 - 22:00 H | V: |09:00 - 22:00 H | S: |09:00 - 22:00 H | D: |Cerrado,L: |09:00 - 22:00 H | M: |09:00 - 22:00 H | X: |09:00 - 22:00 H | J: |09:00 - 22:00 H | V: |09:00 - 22:00 H | S: |09:00 - 22:00 H | D: |Cerrado,"42.46784,-3.65460"
C003295,OBRAMAT SESTAO,https://www.obramat.es/,"IBARZAHARRA, 1",,48910,SESTAO,VIZCAYA,ES,+34944185601,info.sestao@obramat.es,,,43.300324,-3.006646,106558,,DIY; regular_dealer,False,False,False,,,False,,,diy; regular-dealer,L: |07:30 - 21:00 H | M: |07:30 - 21:00 H | X: |07:30 - 21:00 H | J: |07:30 - 21:00 H | V: |07:30 - 21:00 H | S: |09:00 - 13:30 H y 15:00 - 21:00 H | D: |Cerrado,L: |07:30 - 21:00 H | M: |07:30 - 21:00 H | X: |07:30 - 21:00 H | J: |07:30 - 21:00 H | V: |07:30 - 21:00 H | S: |09:00 - 13:30 H y 15:00 - 21:00 H | D: |Cerrado,"42.46784,-3.65460"
C065436,OSCAR OCHOA DE RETAMA MARTINEZ,,"PIO XII, 15",,01004,VITORIA,ÁLAVA,ES,+34945231809,,,,42.844898,-2.665693,91086,,regular_dealer,False,False,False,,,False,,,regular-dealer,,,"42.46784,-3.65460"
C078530,EXCLUSIVAS ZABALETA,https://www.zabaleta.center,"DE LOS HERRÁN, 10",,01003,VITORIA,ÁLAVA,ES,+34945255075,zabaleta@e-zabaleta.com,,,42.842924,-2.664169,91097,,regular_dealer,False,False,False,,,False,,,regular-dealer,,,"42.46784,-3.65460"
C069535,LEROY MERLIN VITORIA,http://www.leroymerlin.es/,"ZARAMAGA, S/N. CENTRO COMERCIAL BOULEVAR",CENTRO COMERCIAL BOULEVAR,01013,VITORIA,ÁLAVA,ES,+34945129900,,,,42.86193,-2.668149,91787,,regular_dealer,False,False,False,,,False,,,regular-dealer,L: |07:00 - 22:00 H | M: |07:00 - 22:00 H | X: |07:00 - 22:00 H | J: |07:00 - 22:00 H | V: |07:00 - 22:00 H | S: |07:00 - 22:00 H | D: |Cerrado,L: |07:00 - 22:00 H | M: |07:00 - 22:00 H | X: |07:00 - 22:00 H | J: |07:00 - 22:00 H | V: |07:00 - 22:00 H | S: |07:00 - 22:00 H | D: |Cerrado,"42.46784,-3.65460"
C151514,SUMINISTROS BRAVO,https://www.suministrosbravo.com/," BATALLA DE PADURA KALEA, 5",,48012,BILBAO,VIZCAYA,ES,+34944431295,suministrosbravocb@gmail.com,,,43.257202,-2.942843,105205,,regular_dealer,False,False,False,,,False,,,regular-dealer,L: |09:00 - 13:00 H y 15:00 - 19:00 H | M: |09:00 - 13:00 H y 15:00 - 19:00 H | X: |09:00 - 13:00 H y 15:00 - 19:00 H | J: |09:00 - 13:00 H y 15:00 - 19:00 H | V: |09:00 - 13:00 H y 15:00 - 19:00 H | S: |Cerrado | D: |Cerrado,L: |09:00 - 13:00 H y 15:00 - 19:00 H | M: |09:00 - 13:00 H y 15:00 - 19:00 H | X: |09:00 - 13:00 H y 15:00 - 19:00 H | J: |09:00 - 13:00 H y 15:00 - 19:00 H | V: |09:00 - 13:00 H y 15:00 - 19:00 H | S: |Cerrado | D: |Cerrado,"42.46784,-3.65460"
C025016,METALURGIA MANUFACTURADA,https://www.metalurgiamanufacturada.com,MÉDICO M. PEDRO CORTÉS S/N,,48006,BILBAO,VIZCAYA,ES,+34944125199,ofc@metalurgiam.com,,,43.260388,-2.917529,106648,,regular_dealer,False,False,False,,,False,,,regular-dealer,,,"42.46784,-3.65460"
C148685,LEROY MERLIN BILBONDO,https://www.leroymerlin.es/,"ZABALANDI, S/N. CENTRO COMERCIAL BILBONDO",CENTRO COMERCIAL BILBONDO,48970,BASAURI,VIZCAYA,ES,+34944185010,,,,43.228737,-2.875291,105799,,regular_dealer,False,False,False,,,False,,,regular-dealer,L: |08:00 - 22:00 H | M: |08:00 - 22:00 H | X: |08:00 - 22:00 H | J: |08:00 - 22:00 H | V: |08:00 - 22:00 H | S: |09:00 - 22:00 H | D: |Cerrado,L: |08:00 - 22:00 H | M: |08:00 - 22:00 H | X: |08:00 - 22:00 H | J: |08:00 - 22:00 H | V: |08:00 - 22:00 H | S: |09:00 - 22:00 H | D: |Cerrado,"42.46784,-3.65460"
C250260,JAIZSER XEROX,https://www.jaizserxerox.com/,PAE ASUARAN EDIFICIO ARTXANDA 18,,48950,ERANDIO,VIZCAYA,ES,+34946526138,comercial@jaizserxerox.com,,,43.299859,-2.951335,108816,,regular_dealer,False,False,False,,,False,,,regular-dealer,L: |09:00 - 18:45 H | M: |09:00 - 18:45 H | X: |09:00 - 18:45 H | J: |09:00 - 18:45 H | V: |09:00 - 18:45 H | S: |Cerrado | D: |Cerrado,L: |09:00 - 18:45 H | M: |09:00 - 18:45 H | X: |09:00 - 18:45 H | J: |09:00 - 18:45 H | V: |09:00 - 18:45 H | S: |Cerrado | D: |Cerrado,"42.46784,-3.65460"
C076892,SUMINISTROS JESIBAR,https://suministrosjesibar.com/,P.A.E. ASUARAN. EDIFICIO AR NAVE 5A,,48950,ASUA-ERANDIO,VIZCAYA,ES,+34944671214,compras@suministrosjesibar.com,,,43.30065,-2.946085,109117,,regular_dealer,False,False,False,,,False,,,regular-dealer,,,"42.46784,-3.65460"
C001351,LEROY MERLIN ARTEA,https://www.leroymerlin.es/,BARRIO PERURI S/N. CENTRO COMERCIAL ARTEA,CENTRO COMERCIAL ARTEA,48940,LEIOA,VIZCAYA,ES,+34944819200,,,,43.336604,-2.988292,110797,,regular_dealer,False,False,False,,,False,,,regular-dealer,L: |09:00 - 22:00 H | M: |09:00 - 22:00 H | X: |09:00 - 22:00 H | J: |09:00 - 22:00 H | V: |09:00 - 22:00 H | S: |09:00 - 22:00 H | D: |Cerrado,L: |09:00 - 22:00 H | M: |09:00 - 22:00 H | X: |09:00 - 22:00 H | J: |09:00 - 22:00 H | V: |09:00 - 22:00 H | S: |09:00 - 22:00 H | D: |Cerrado,"42.46784,-3.65460"
C057727,OBRAMAT GALDAKAO,https://www.obramat.es/,"TXOMIN EGILEOR KALEA, 41B",,48960,GALDAKAO,VIZCAYA,ES,+34944145095,info.galdakao@obramat.es,,,43.229127,-2.855185,106825,,DIY; regular_dealer,False,False,False,,,False,,,diy; regular-dealer,L: |07:30 - 21:00 H | M: |07:30 - 21:00 H | X: |07:30 - 21:00 H | J: |07:30 - 21:00 H | V: |07:30 - 21:00 H | S: |09:30 - 13:30 H y 15:00 - 21:00 H | D: |Cerrado,L: |07:30 - 21:00 H | M: |07:30 - 21:00 H | X: |07:30 - 21:00 H | J: |07:30 - 21:00 H | V: |07:30 - 21:00 H | S: |09:30 - 13:30 H y 15:00 - 21:00 H | D: |Cerrado,"42.46784,-3.65460"
C073794,LEROY MERLIN LOGROÑO,https://www.leroymerlin.es/,"PRADO VIEJO,1. PARCELA E Y F. CENTRO COMERCIAL PARQUE RIOJA",CENTRO COMERCIAL PARQUE RIOJA,26006,LOGROÑO,LA RIOJA,ES,+34941278500,,,,42.452191,-2.467726,97373,,regular_dealer,False,False,False,,,False,,,regular-dealer,L: |07:30 - 22:00 H | M: |07:30 - 22:00 H | X: |07:30 - 22:00 H | J: |07:30 - 22:00 H | V: |07:30 - 22:00 H | S: |08:30 - 22:00 H | D: |Cerrado,L: |07:30 - 22:00 H | M: |07:30 - 22:00 H | X: |07:30 - 22:00 H | J: |07:30 - 22:00 H | V: |07:30 - 22:00 H | S: |08:30 - 22:00 H | D: |Cerrado,"42.46784,-3.65460"
C073785,LEROY MERLIN DURANGO (COMPACT),https://www.leroymerlin.es/,CARRETERA BI.2632  MONTORRETA. CENTRO COMERCIAL ALCAMPO,CENTRO COMERCIAL ALCAMPO,48200,DURANGO,VIZCAYA,ES,+34946835188,,,,43.162832,-2.619218,114467,,regular_dealer,False,False,False,,,False,,,regular-dealer,L: |09:00 - 21:30 H | M: |09:00 - 21:30 H | X: |09:00 - 21:30 H | J: |09:00 - 21:30 H | V: |09:00 - 21:30 H | S: |09:00 - 22:00 H | D: |Cerrado,L: |09:00 - 21:30 H | M: |09:00 - 21:30 H | X: |09:00 - 21:30 H | J: |09:00 - 21:30 H | V: |09:00 - 21:30 H | S: |09:00 - 22:00 H | D: |Cerrado,"42.46784,-3.65460"
C045959,FERRETERIA MIKELDI,https://ferreteriamikeldi.com,"POLÍGONO INDUSTRIAL URBITARTE, 6",PAB. 1,48220,TRAÑA-MATIENA,VIZCAYA,ES,+34946232666,administracion@ferreteriamikeldi.com,,,43.169928,-2.616404,115166,,TRADITIONAL_TRADE; regular_dealer,False,False,False,DELIVERY_TO_CONSTRUCTION; EXPRESS; HOME_DELIVERY; NORMAL; PICKUP,CASH; CREDITCARD; DEBIT; INVOICE; VISA,False,,company.b2b; company.b2c,construction; express; offline-traditional-trade; regular-dealer,L: |07:30 - 13:00 H y 14:30 - 18:30 H | M: |07:30 - 13:00 H y 14:30 - 18:30 H | X: |07:30 - 13:00 H y 14:30 - 18:30 H | J: |07:30 - 13:00 H y 14:30 - 18:30 H | V: |07:30 - 13:00 H y 14:30 - 18:30 H | S: |Cerrado | D: |Cerrado,L: |07:30 - 13:00 H y 14:30 - 18:30 H | M: |07:30 - 13:00 H y 14:30 - 18:30 H | X: |07:30 - 13:00 H y 14:30 - 18:30 H | J: |07:30 - 13:00 H y 14:30 - 18:30 H | V: |07:30 - 13:00 H y 14:30 - 18:30 H | S: |Cerrado | D: |Cerrado,"42.46784,-3.65460"
C046156,FERRETERIA UNCETA,https://www.unceta.es/,"SAN ANTOLIN, 7",,20870,ELGOIBAR,GUIPUZCOA,ES,+34943744000,e-commerce@unceta.es,,,43.227598,-2.404226,86209,,BUILDING_CONSTRUCTION; ONLINE_PURE_PLAYER; TRADITIONAL_TRADE; regular_dealer,True,True,False,DELIVERY_TO_CONSTRUCTION; EXPRESS; HOME_DELIVERY; NORMAL; PICKUP,CASH; CREDITCARD; DEBIT; VISA,False,,company.b2b; company.b2c,construction; expert-powertools; express; offline-traditional-trade; premium-partner; regular-dealer,L: |08:15 - 18:00 H | M: |08:15 - 18:00 H | X: |08:15 - 18:00 H | J: |08:15 - 18:00 H | V: |08:15 - 14:30 H | S: |Cerrado | D: |Cerrado,L: |08:15 - 18:00 H | M: |08:15 - 18:00 H | X: |08:15 - 18:00 H | J: |08:15 - 18:00 H | V: |08:15 - 14:30 H | S: |Cerrado | D: |Cerrado,"42.46784,-2.19326"
C084216,SUMINISTROS AGUADO,https://suministrosaguado.es,"FERNANDO MÚGICA, 10. POLÍGONO INDUSTRIAL BELARTZA",POLÍGONO INDUSTRIAL BELARTZA,20018,SAN SEBASTIAN,GUIPUZCOA,ES,+34943376998,info@suministrosaguado.es,,,43.282165,-2.013488,91721,,regular_dealer,True,True,False,,,False,,,expert-powertools; premium-partner; regular-dealer,L: |08:00 - 13:00 H y 14:00 - 17:45 H | M: |08:00 - 13:00 H y 14:00 - 17:45 H | X: |08:00 - 13:00 H y 14:00 - 17:45 H | J: |08:00 - 13:00 H y 14:00 - 17:45 H | V: |08:00 - 13:00 H y 14:00 - 17:45 H | S: |Cerrado | D: |Cerrado,L: |08:00 - 13:00 H y 14:00 - 17:45 H | M: |08:00 - 13:00 H y 14:00 - 17:45 H | X: |08:00 - 13:00 H y 14:00 - 17:45 H | J: |08:00 - 13:00 H y 14:00 - 17:45 H | V: |08:00 - 13:00 H y 14:00 - 17:45 H | S: |Cerrado | D: |Cerrado,"42.46784,-2.19326"
C251001,RUBIX IBERIA (SAN SEBASTIAN),https://es.rubix.com/,GURUTZEGI BIDEA 13 PAB A 6,,20018,SAN SEBASTIAN,,ES,+34943272850,,,,43.283787,-2.002597,92045,,regular_dealer,True,True,False,,,False,,,expert-powertools; premium-partner; regular-dealer,,,"42.46784,-2.19326"
C058854,SEIN AZPEITIA,http://www.sein.es/,"GARMENDIPE, 1 ",,20730,AZPEITIA,GUIPUZCOA,ES,+34 943 157115,azpeitia@sein.es,,,43.177853,-2.263713,79154,,regular_dealer,True,False,False,,,False,,,premium-partner; regular-dealer,,,"42.46784,-2.19326"
C175877,BRICODEPOT (VIANA),https://www.bricodepot.es,CENTRO COMERCIAL LAS CAÑAS. CARRETERA N 131 A MENDAVIA,,31230,VIANA,LA RIOJA,ES,+34948446560,,,,42.44397,-2.199334,2700,,regular_dealer,False,False,False,,,False,,,regular-dealer,L: |07:30 - 21:00 H | M: |07:30 - 21:00 H | X: |07:30 - 21:00 H | J: |07:30 - 21:00 H | V: |07:30 - 21:00 H | S: |07:30 - 21:00 H | D: |Cerrado,L: |07:30 - 21:00 H | M: |07:30 - 21:00 H | X: |07:30 - 21:00 H | J: |07:30 - 21:00 H | V: |07:30 - 21:00 H | S: |07:30 - 21:00 H | D: |Cerrado,"42.46784,-2.19326"
C076846,ACEDESA,,"CALLE DEL AIRE, 6. POLÍGONO INDUSTRIAL COMARCA II",POLÍGONO INDUSTRIAL COMARCA II,31191,SALINAS DE PAMPLONA,NAVARRA,ES,+34948141833,comercial@acedesa.com,,,42.771139,-1.662557,54979,,regular_dealer,False,False,False,,,False,,,regular-dealer,,,"42.46784,-2.19326"
C065133,BRICODEPOT (PAMPLONA),http://www.bricodepot.es/,POLÍGONO INDUSTRIAL ARTIBERRI S/N. CALLE LANTZELUZE BERRIOZAR,,31013,PAMPLONA,PAMPLONA,ES,+34948773333,,,,42.835627,-1.668867,59256,,regular_dealer,False,False,False,,,False,,,regular-dealer,L: |08:00 - 21:00 H | M: |08:00 - 21:00 H | X: |08:00 - 21:00 H | J: |08:00 - 21:00 H | V: |08:00 - 21:00 H | S: |08:00 - 21:00 H | D: |Cerrado,L: |08:00 - 21:00 H | M: |08:00 - 21:00 H | X: |08:00 - 21:00 H | J: |08:00 - 21:00 H | V: |08:00 - 21:00 H | S: |08:00 - 21:00 H | D: |Cerrado,"42.46784,-2.19326"
C069530,LEROY MERLIN PAMPLONA,https://www.leroymerlin.es/,"BARRIO LA MOREA, S/N. PARQUE COMERCIAL GALARIA",PARQUE COMERCIAL GALARIA,31191,CORDOVILLA,NAVARRA,ES,+34948296140,,,,42.783951,-1.633902,57702,,regular_dealer,False,False,False,,,False,,,regular-dealer,L: |07:30 - 22:00 H | M: |07:30 - 22:00 H | X: |07:30 - 22:00 H | J: |07:30 - 22:00 H | V: |07:30 - 22:00 H | S: |07:30 - 22:00 H | D: |Cerrado,L: |07:30 - 22:00 H | M: |07:30 - 22:00 H | X: |07:30 - 22:00 H | J: |07:30 - 22:00 H | V: |07:30 - 22:00 H | S: |07:30 - 22:00 H | D: |Cerrado,"42.46784,-2.19326"
C068981,JOSÉ ANTONIO DE LA FUENTE (TALLER DE ASISTENCIA TÉCNICA),https://jadelafuente.es,POLÍGONO INDUSTRIAL MUTILVA BAJA CALLE K NAVE 6,,31192,MUTILVA BAJA,NAVARRA,ES,+34948249323,info@jadelafuente.es,,,42.78485,-1.62213,58529,,regular_dealer,False,False,False,,,False,,,regular-dealer; service-center; service-partner,,L-J: |8:30-13:30; 15:30-18:30 / V: 8:30-16:00,"42.46784,-2.19326"
C070774,LEROY MERLIN OIARTZUN,https://www.leroymerlin.es/,"CARRETERA NI, KM. 470. FRENTE POLÍGONO INDUSTRIAL LINTZIRIN. BARRIO LINTZIRIN- OIARTZUN",BARRIO LINTZIRIN- OIARTZUN,20180,OIARTZUN,GUIPUZCOA,ES,+34943418900,,,,43.314145,-1.8757,97591,,regular_dealer,False,False,False,,,False,,,regular-dealer,L: |07:30 - 22:00 H | M: |07:30 - 22:00 H | X: |07:30 - 22:00 H | J: |07:30 - 22:00 H | V: |07:30 - 22:00 H | S: |07:30 - 22:00 H | D: |Cerrado,L: |07:30 - 22:00 H | M: |07:30 - 22:00 H | X: |07:30 - 22:00 H | J: |07:30 - 22:00 H | V: |07:30 - 22:00 H | S: |07:30 - 22:00 H | D: |Cerrado,"42.46784,-2.19326"
C175902,BRICODEPOT (OIARTZUN),https://www.bricodepot.es,"ELBARRENA KALEA, 1. LANBARREN INDUSTRIALDEA",,20180,OIARTZUN,GUIPUZCOA,ES,+34943498275,,,,43.317706,-1.869612,98104,,regular_dealer,False,False,False,,,False,,,regular-dealer,L: |08:00 - 21:00 H | M: |08:00 - 21:00 H | X: |08:00 - 21:00 H | J: |08:00 - 21:00 H | V: |08:00 - 21:00 H | S: |08:00 - 21:00 H | D: |Cerrado,L: |08:00 - 21:00 H | M: |08:00 - 21:00 H | X: |08:00 - 21:00 H | J: |08:00 - 21:00 H | V: |08:00 - 21:00 H | S: |08:00 - 21:00 H | D: |Cerrado,"42.46784,-2.19326"
C250973,BIGMAT OCHOA,https://bigmatochoa.com/,RÍO CINCA,POLÍGONO INDUSTRIAL LLANO VICTORIA,22700,JACA,HUESCA,ES,+34626631658,ochoa@bigmat.es,,,42.600362,-0.572359,19697,,regular_dealer,True,True,False,,,False,,,expert-powertools; premium-partner; regular-dealer,L: |07:30 - 13:00 H y 15:00 - 19:00 H | M: |07:30 - 13:00 H y 15:00 - 19:00 H | X: |07:30 - 13:00 H y 15:00 - 19:00 H | J: |07:30 - 13:00 H y 15:00 - 19:00 H | V: |07:30 - 13:00 H y 15:00 - 19:00 H | S: |09:00 - 13:30 H | D: |Cerrado,L: |07:30 - 13:00 H y 15:00 - 19:00 H | M: |07:30 - 13:00 H y 15:00 - 19:00 H | X: |07:30 - 13:00 H y 15:00 - 19:00 H | J: |07:30 - 13:00 H y 15:00 - 19:00 H | V: |07:30 - 13:00 H y 15:00 - 19:00 H | S: |09:00 - 13:30 H | D: |Cerrado,"42.46784,-0.73191"
C250975,BIGMAT OCHOA,https://bigmatochoa.com/,"CARRETERA BENASQUE, 0",,22467,VILLANOVA,HUESCA,ES,+34974553805,ochoa@bigmat.es,,,42.553038,0.464848,98546,,regular_dealer,True,True,False,,,False,,,expert-powertools; premium-partner; regular-dealer,L: |09:00 - 13:00 H y 15:00 - 19:00 H | M: |09:00 - 13:00 H y 15:00 - 19:00 H | X: |09:00 - 13:00 H y 15:00 - 19:00 H | J: |09:00 - 13:00 H y 15:00 - 19:00 H | V: |09:00 - 13:00 H | S: |Cerrado | D: |Cerrado,L: |09:00 - 13:00 H y 15:00 - 19:00 H | M: |09:00 - 13:00 H y 15:00 - 19:00 H | X: |09:00 - 13:00 H y 15:00 - 19:00 H | J: |09:00 - 13:00 H y 15:00 - 19:00 H | V: |09:00 - 13:00 H | S: |Cerrado | D: |Cerrado,"42.46784,-0.73191"
C058685,SUMINISTROS INDUSTRIALES RAME,https://www.suministrosrame.com,"RUA OS ARRIEROS, CALLE 2. POLIGONO RIO DO POZO",POLIGONO RIO DO POZO,15573,NARÓN,A CORUÑA,ES,+34881107481,jj@rame.es,,,43.531781,-8.199964,15167,,regular_dealer,True,True,False,,,False,,,expert-powertools; premium-partner; regular-dealer,,,"43.54581,-8.01278"
C066672,BRICODEPOT (FERROL),http://www.bricodepot.es/,PARQUE FERROL O BOIAL. SANTA CECILIA,,15405,FERROL,A CORUÑA,ES,+34981932373,,,,43.505397,-8.202787,15963,,DIY; regular_dealer,False,False,False,,,False,,,diy; regular-dealer,L: |08:00 - 21:00 H | M: |08:00 - 21:00 H | X: |08:00 - 21:00 H | J: |08:00 - 21:00 H | V: |08:00 - 21:00 H | S: |08:00 - 21:00 H | D: |Cerrado,L: |08:00 - 21:00 H | M: |08:00 - 21:00 H | X: |08:00 - 21:00 H | J: |08:00 - 21:00 H | V: |08:00 - 21:00 H | S: |08:00 - 21:00 H | D: |Cerrado,"43.54581,-8.01278"
C069510,LEROY MERLIN FERROL (COMPACT),https://www.leroymerlin.es/,"AVENIDA NICASIO PÉREZ, S/N. POLÍGONO INDUSTRIAL GANDARA. CENTRO COMERCIAL ALCAMPO.",CENTRO COMERCIAL ALCAMPO.,15407,FERROL,A CORUÑA,ES,+34981330600,,,,43.492012,-8.207889,16830,,regular_dealer,False,False,False,,,False,,,regular-dealer,L: |09:00 - 22:00 H | M: |09:00 - 22:00 H | X: |09:00 - 22:00 H | J: |09:00 - 22:00 H | V: |09:00 - 22:00 H | S: |10:00 - 22:00 H | D: |Cerrado,L: |09:00 - 22:00 H | M: |09:00 - 22:00 H | X: |09:00 - 22:00 H | J: |09:00 - 22:00 H | V: |09:00 - 22:00 H | S: |10:00 - 22:00 H | D: |Cerrado,"43.54581,-8.01278"
C058559,ELECTRICIDAD ALYCAR (TALLER DE ASISTENCIA TÉCNICA),http://www.electricidad-alycar.com/,"AVENIDA NICASIO PÉREZ, 8",POLÍGONO INDUSTRIAL LA GANDARA PARCELA 8,15407,EL FERROL,A CORUÑA,ES,+34981320481,info@electricidad-alycar.com,,,43.492581,-8.211467,17078,,regular_dealer,False,False,False,,,False,,,regular-dealer; service-center; service-partner,,,"43.54581,-8.01278"
C058770,MAHER,https://www.maher.es/,"AVENIDA DEL ALUMINIO, 2",PARQUE EMPRESARIAL PRINCIPADO DE ASTURIAS,33400,AVILES,ASTURIAS,ES,+34985545319,comercial@maher.es,,,43.558839,-5.897415,50639,,regular_dealer,True,True,False,,,False,,,expert-powertools; premium-partner; regular-dealer,,L: |08:00 - 13:00 H y 14:00 - 18:00 H | M: |08:00 - 13:00 H y 14:00 - 18:00 H | X: |08:00 - 13:00 H y 14:00 - 18:00 H | J: |08:00 - 13:00 H y 14:00 - 18:00 H | V: |08:00 - 13:00 H y 14:00 - 18:00 H | S: |Cerrado | D: |Cerrado,"43.54581,-6.52556"
C084202,ELECTRODIESEL ASTURIAS,http://www.electrodiesel.es,"AVENIDA DE LA JUVERIA, 11. POLIGONO BANKUNION II",POLIGONO BANKUNION II,33211,GIJON,ASTURIAS,ES,+34985354442,electrodiesel@electrodiesel.es,,,43.526642,-5.710411,65739,,regular_dealer,True,True,False,,,False,,,expert-powertools; premium-partner; regular-dealer,L: |09:00 - 13:00 H y 15:00 - 19:00 H | M: |09:00 - 13:00 H y 15:00 - 19:00 H | X: |09:00 - 13:00 H y 15:00 - 19:00 H | J: |09:00 - 13:00 H y 15:00 - 19:00 H | V: |09:00 - 13:00 H y 15:00 - 19:00 H | S: |Cerrado | D: |Cerrado,L: |09:00 - 13:00 H y 15:00 - 19:00 H | M: |09:00 - 13:00 H y 15:00 - 19:00 H | X: |09:00 - 13:00 H y 15:00 - 19:00 H | J: |09:00 - 13:00 H y 15:00 - 19:00 H | V: |09:00 - 13:00 H y 15:00 - 19:00 H | S: |Cerrado | D: |Cerrado,"43.54581,-6.52556"
C091384,ALMACENES DELCA,https://tiendaonline.almacenesdelca.es,"AVENIDA DE LOS CAMPONES, 155",,33211,GIJON,ASTURIAS,ES,+34985176111,tiendaonline@almacenesdelca.es,+34985352440,,43.527568,-5.70461,66203,50,regular_dealer,True,True,False,DELIVERY_TO_CONSTRUCTION; HOME_DELIVERY; NORMAL; PICKUP,BANK_TRANSFER; CASH; CREDITCARD; DEBIT; INVOICE; PAYPAL; VISA,False,,company.b2b; company.b2c,construction; expert-powertools; premium-partner; regular-dealer,L: |08:00 - 13:30 H y 15:30 - 18:00 H | M: |08:00 - 13:30 H y 15:30 - 18:00 H | X: |08:00 - 13:30 H y 15:30 - 18:00 H | J: |08:00 - 13:30 H y 15:30 - 18:00 H | V: |08:00 - 13:30 H y 15:30 - 18:00 H | S: |Cerrado | D: |Cerrado,L: |08:00 - 13:30 H y 15:30 - 18:00 H | M: |08:00 - 13:30 H y 15:30 - 18:00 H | X: |08:00 - 13:30 H y 15:30 - 18:00 H | J: |08:00 - 13:30 H y 15:30 - 18:00 H | V: |08:00 - 13:30 H y 15:30 - 18:00 H | S: |Cerrado | D: |Cerrado,"43.54581,-6.52556"
C143303,"ALMACENES DELCA, S.A",https://tiendaonline.almacenesdelca.es,"TEODORO CUESTA, 2",,33207,GIJON,ASTURIAS,ES,985 35 15 24,,,,43.539179,-5.672427,68763,,TRADITIONAL_TRADE; regular_dealer,False,True,False,,,False,,,expert-powertools; offline-traditional-trade; regular-dealer,,,"43.54581,-6.52556"
C084201,ELECTRODIESEL ASTURIAS (TALLER DE ASISTENCIA TÉCNICA),http://www.electrodiesel.es,"EVARISTO VALLE, 30",,33011,OVIEDO,ASTURIAS,ES,+34985118550,electrodiesel@electrodiesel.es,,,43.371066,-5.844821,58276,,regular_dealer,True,False,False,,,False,,,premium-partner; regular-dealer,L: |09:00 - 13:00 H y 15:00 - 19:00 H | M: |09:00 - 13:00 H y 15:00 - 19:00 H | X: |09:00 - 13:00 H y 15:00 - 19:00 H | J: |09:00 - 13:00 H y 15:00 - 19:00 H | V: |09:00 - 13:00 H y 15:00 - 19:00 H | S: |Cerrado | D: |Cerrado,L: |09:00 - 13:00 H y 15:00 - 19:00 H | M: |09:00 - 13:00 H y 15:00 - 19:00 H | X: |09:00 - 13:00 H y 15:00 - 19:00 H | J: |09:00 - 13:00 H y 15:00 - 19:00 H | V: |09:00 - 13:00 H y 15:00 - 19:00 H | S: |Cerrado | D: |Cerrado,"43.54581,-6.52556"
C175884,BRICODEPOT (CORVERA DE ASTURIAS),https://www.bricodepot.es,CENTRO COMERCIAL PARQUE ASTUR. C/ PEDRERO S/N,,33468,"TRASONA, CORVERA DE ASTURIAS",ASTURIAS,ES,+34985516899,,,,43.55307,-5.871431,52720,,regular_dealer,False,False,False,,,False,,,regular-dealer,L: |08:00 - 21:00 H | M: |08:00 - 21:00 H | X: |08:00 - 21:00 H | J: |08:00 - 21:00 H | V: |08:00 - 21:00 H | S: |08:00 - 21:00 H | D: |Cerrado,L: |08:00 - 21:00 H | M: |08:00 - 21:00 H | X: |08:00 - 21:00 H | J: |08:00 - 21:00 H | V: |08:00 - 21:00 H | S: |08:00 - 21:00 H | D: |Cerrado,"43.54581,-6.52556"
C175849,ATEMA APLICACIONES Y TÉCNICAS DE LA MAQUINARIA,https://atemamaquinaria.com/,"AVENIDA DEL MAR, 74 BAJO",,33011,OVIEDO,ASTURIAS,ES,+34985287063,atema@atemamaquinaria.com,,,43.375255,-5.835179,58857,,regular_dealer,False,False,False,,,False,,,regular-dealer,L: |08:00 - 13:00 H y 15:30 - 19:00 H | M: |08:00 - 13:00 H y 15:30 - 19:00 H | X: |08:00 - 13:00 H y 15:30 - 19:00 H | J: |08:00 - 13:00 H y 15:30 - 19:00 H | V: |08:00 - 13:00 H y 15:30 - 19:00 H | S: |Cerrado | D: |Cerrado,L: |08:00 - 13:00 H y 15:30 - 19:00 H | M: |08:00 - 13:00 H y 15:30 - 19:00 H | X: |08:00 - 13:00 H y 15:30 - 19:00 H | J: |08:00 - 13:00 H y 15:30 - 19:00 H | V: |08:00 - 13:00 H y 15:30 - 19:00 H | S: |Cerrado | D: |Cerrado,"43.54581,-6.52556"
C001584,OBRAMAT OVIEDO,https://www.obramat.es/,"AUTOVIA A-64 SANTANDER, SALIDA 30 COLLOTO. CENTRO COMERCIAL PARQUE PRINCIPADO",CENTRO COMERCIAL PARQUE PRINCIPADO,33429,PAREDES DE SIERO - OVIEDO,ASTURIAS,ES,+34985732730,info.oviedo@obramat.es,,,43.389971,-5.801543,60941,,DIY; regular_dealer,False,False,False,,,False,,,diy; regular-dealer,L: |07:30 - 21:30 H | M: |07:30 - 21:30 H | X: |07:30 - 21:30 H | J: |07:30 - 21:30 H | V: |07:30 - 21:30 H | S: |07:30 - 22:00 H | D: |Cerrado,L: |07:30 - 21:30 H | M: |07:30 - 21:30 H | X: |07:30 - 21:30 H | J: |07:30 - 21:30 H | V: |07:30 - 21:30 H | S: |07:30 - 22:00 H | D: |Cerrado,"43.54581,-6.52556"
C069528,LEROY MERLIN OVIEDO,https://www.leroymerlin.es/,"CARRETERA NACIONAL AS-18 OVIEDO-GIJÓN, KM 7,8. PARQUE COMERCIAL AZABACHE",PARQUE COMERCIAL AZABACHE,33690,OVIEDO,ASTURIAS,ES,+34985980898,,,,43.414227,-5.795944,60656,,regular_dealer,False,False,False,,,False,,,regular-dealer,L: |07:30 - 22:00 H | M: |07:30 - 22:00 H | X: |07:30 - 22:00 H | J: |07:30 - 22:00 H | V: |07:30 - 22:00 H | S: |07:30 - 22:00 H | D: |Cerrado,L: |07:30 - 22:00 H | M: |07:30 - 22:00 H | X: |07:30 - 22:00 H | J: |07:30 - 22:00 H | V: |07:30 - 22:00 H | S: |07:30 - 22:00 H | D: |Cerrado,"43.54581,-6.52556"
C076868,ALDACO 2002,https://aldacogrupoavance.es/,"ARQUIMEDES, 1691. POLÍGONO ROCES 5",POLÍGONO ROCES 5,33211,GIJÓN,ASTURIAS,ES,+34985167892,aldaco@aldacogrupoavance.es,,,43.509272,-5.682611,68077,,regular_dealer,False,False,False,,,False,,,regular-dealer,L: |08:00 - 19:00 H | M: |08:00 - 19:00 H | X: |08:00 - 19:00 H | J: |08:00 - 19:00 H | V: |08:00 - 19:00 H | S: |Cerrado | D: |Cerrado,L: |08:00 - 19:00 H | M: |08:00 - 19:00 H | X: |08:00 - 19:00 H | J: |08:00 - 19:00 H | V: |08:00 - 19:00 H | S: |Cerrado | D: |Cerrado,"43.54581,-6.52556"
C001347,LEROY MERLIN GIJÓN,https://www.leroymerlin.es/,"AVENIDA DE ROCES, 514",,33211,ROCES,ASTURIAS,ES,+34985159400,,,,43.512984,-5.66479,69486,,regular_dealer,False,False,False,,,False,,,regular-dealer,L: |07:30 - 22:00 H | M: |07:30 - 22:00 H | X: |07:30 - 22:00 H | J: |07:30 - 22:00 H | V: |07:30 - 22:00 H | S: |07:30 - 22:00 H | D: |Cerrado,L: |07:30 - 22:00 H | M: |07:30 - 22:00 H | X: |07:30 - 22:00 H | J: |07:30 - 22:00 H | V: |07:30 - 22:00 H | S: |07:30 - 22:00 H | D: |Cerrado,"43.54581,-6.52556"
C058595,FERRETERIA CUBAS SUMINISTROS INDUSTRIALES,http://ferreteriacubas.com/,"AVENIDA DE CANTABRIA, 2258",,39318,CUDÓN,CANTABRIA,ES,+34942577377,ventas@ferreteriacubas.com,+34942576132,,43.40752,-4.013481,84107,,regular_dealer,True,True,False,,,False,,,expert-powertools; premium-partner; regular-dealer,L: |08:00 - 13:00 H y 15:00 - 19:00 H | M: |08:00 - 13:00 H y 15:00 - 19:00 H | X: |08:00 - 13:00 H y 15:00 - 19:00 H | J: |08:00 - 13:00 H y 15:00 - 19:00 H | V: |08:00 - 13:00 H y 15:00 - 19:00 H | S: |09:00 - 13:00 H | D: |Cerrado,L: |08:00 - 13:00 H y 15:00 - 19:00 H | M: |08:00 - 13:00 H y 15:00 - 19:00 H | X: |08:00 - 13:00 H y 15:00 - 19:00 H | J: |08:00 - 13:00 H y 15:00 - 19:00 H | V: |08:00 - 13:00 H y 15:00 - 19:00 H | S: |09:00 - 13:00 H | D: |Cerrado,"43.54581,-5.03834"
C058596,FERRETERIA CUBAS SUMINISTROS INDUSTRIALES,http://ferreteriacubas.com,POLíGONO LA ESPRILLA NAVE 5-C,,39608,IGOLLO DE CAMARGO,CANTABRIA,ES,+34942585817,ventas@ferreteriacubas.com,+34942576132,,43.438555,-3.895755,92933,,regular_dealer,True,True,False,,,False,,,expert-powertools; premium-partner; regular-dealer,L: |08:00 - 13:00 H y 15:00 - 19:00 H | M: |08:00 - 13:00 H y 15:00 - 19:00 H | X: |08:00 - 13:00 H y 15:00 - 19:00 H | J: |08:00 - 13:00 H y 15:00 - 19:00 H | V: |08:00 - 13:00 H y 15:00 - 19:00 H | S: |09:00 - 13:00 H | D: |Cerrado,L: |08:00 - 13:00 H y 15:00 - 19:00 H | M: |08:00 - 13:00 H y 15:00 - 19:00 H | X: |08:00 - 13:00 H y 15:00 - 19:00 H | J: |08:00 - 13:00 H y 15:00 - 19:00 H | V: |08:00 - 13:00 H y 15:00 - 19:00 H | S: |09:00 - 13:00 H | D: |Cerrado,"43.54581,-5.03834"
C058594,FERRETERIA CUBAS SUMINISTROS INDUSTRIALES,http://www.ferreteriacubas.com,"BARRIO LA GLORIA, 26",,39012,SANTANDER,CANTABRIA,ES,+34942345098,ventas@ferreteriacubas.com,+34942576132,,43.463174,-3.839389,97127,,regular_dealer,True,True,False,,,False,,,expert-powertools; premium-partner; regular-dealer,L: |08:00 - 13:00 H y 15:00 - 19:00 H | M: |08:00 - 13:00 H y 15:00 - 19:00 H | X: |08:00 - 13:00 H y 15:00 - 19:00 H | J: |08:00 - 13:00 H y 15:00 - 19:00 H | V: |08:00 - 13:00 H y 15:00 - 19:00 H | S: |09:00 - 13:00 H | D: |Cerrado,L: |08:00 - 13:00 H y 15:00 - 19:00 H | M: |08:00 - 13:00 H y 15:00 - 19:00 H | X: |08:00 - 13:00 H y 15:00 - 19:00 H | J: |08:00 - 13:00 H y 15:00 - 19:00 H | V: |08:00 - 13:00 H y 15:00 - 19:00 H | S: |09:00 - 13:00 H | D: |Cerrado,"43.54581,-5.03834"
C058657,FERRETERIA SANTANDER,http://www.ferreteriasantander.net,"MARQUES DE LA HERMIDA, 72",,39009,SANTANDER,CANTABRIA,ES,+34942343505,ferreteriasantander@ferreteriasantander.es,,,43.452646,-3.825224,98389,,regular_dealer,True,True,False,,,False,,,expert-powertools; premium-partner; regular-dealer,,,"43.54581,-5.03834"
C058656,FERRETERIA SANTANDER,http://www.ferreteriasantander.net,POLÍGONO DE RAOS PARCELA 25,CARRETERA PUERTO DEPORTIVO,39008,MALIAÑO,CANTABRIA,ES,+34942369077,ferreteriasantander@ferreteriasantander.es,,,43.432295,-3.826021,98606,,regular_dealer,True,True,False,,,False,,,expert-powertools; premium-partner; regular-dealer,,,"43.54581,-5.03834"
C080531,CANTABRA DE ALQUILERES,,"POLÍGONO INDUSTRIAL EL CAMPON, 22",,39011,PENACASTILLO-SANTANDER,CANTABRIA,ES,+34942321327,,,,43.447376,-3.865805,95205,,regular_dealer,False,False,False,,,False,,,regular-dealer,,,"43.54581,-5.03834"
C001829,OBRAMAT SANTANDER,https://www.obramat.es/,"CALLE DE LA PESETA, 4. POLIGONO INDUSTRIAL NUEVA MONTAÑA",POLIGONO INDUSTRIAL NUEVA MONTAÑA,39011,SANTANDER,CANTABRIA,ES,+34942328430,info.santander@obramat.es,,,43.441229,-3.839293,97414,,DIY; regular_dealer,False,False,False,,,False,,,diy; regular-dealer,L: |07:30 - 21:30 H | M: |07:30 - 21:30 H | X: |07:30 - 21:30 H | J: |07:30 - 21:30 H | V: |07:30 - 21:30 H | S: |07:30 - 22:00 H | D: |Cerrado,L: |07:30 - 21:30 H | M: |07:30 - 21:30 H | X: |07:30 - 21:30 H | J: |07:30 - 21:30 H | V: |07:30 - 21:30 H | S: |07:30 - 22:00 H | D: |Cerrado,"43.54581,-5.03834"
C069518,LEROY MERLIN SANTANDER,,"ALDAY, S/N. CENTRO COMERCIAL VALLE REAL",CENTRO COMERCIAL VALLE REAL,39600,CAMARGO,CANTABRIA,ES,+34942269446,,,,43.427141,-3.838632,97677,,regular_dealer,False,False,False,,,False,,,regular-dealer,L: |07:00 - 22:00 H | M: |07:00 - 22:00 H | X: |07:00 - 22:00 H | J: |07:00 - 22:00 H | V: |07:00 - 22:00 H | S: |07:00 - 22:00 H | D: |Cerrado,L: |07:00 - 22:00 H | M: |07:00 - 22:00 H | X: |07:00 - 22:00 H | J: |07:00 - 22:00 H | V: |07:00 - 22:00 H | S: |07:00 - 22:00 H | D: |Cerrado,"43.54581,-5.03834"
C076828,FERRETERÍA MONTAÑESA - GOMEZ LAVIN HERMANOS,https://ferreteriamontanesa.com/,"CÁDIZ, 4",,39009,SANTANDER,CANTABRIA,ES,34942223750,info@ferreteriamontanesa.com,,,43.459779,-3.809251,99585,,regular_dealer,False,False,False,,,False,,,regular-dealer,L: |09:00 - 13:30 H y 16:00 - 20:00 H | M: |09:00 - 13:30 H y 16:00 - 20:00 H | X: |09:00 - 13:30 H y 16:00 - 20:00 H | J: |09:00 - 13:30 H y 16:00 - 20:00 H | V: |09:00 - 13:30 H y 16:00 - 20:00 H | S: |09:30 - 13:30 H | D: |Cerrado,L: |09:00 - 13:30 H y 16:00 - 20:00 H | M: |09:00 - 13:30 H y 16:00 - 20:00 H | X: |09:00 - 13:30 H y 16:00 - 20:00 H | J: |09:00 - 13:30 H y 16:00 - 20:00 H | V: |09:00 - 13:30 H y 16:00 - 20:00 H | S: |09:30 - 13:30 H | D: |Cerrado,"43.54581,-5.03834"
C058487,BADYSAT (TALLER DE ASISTENCIA TÉCNICA),http://www.badysat.com,FERNANDO DE LOS RÍOS Nº62 BAJO,,39006,SANTANDER,CANTABRIA,ES,+34942367071,badysat@gmail.com,,,43.469321,-3.799247,100285,,regular_dealer,False,False,False,,,False,,,regular-dealer; service-center; service-partner,L: |09:00 - 13:00 H y 15:00 - 19:00 H | M: |09:00 - 13:00 H y 15:00 - 19:00 H | X: |09:00 - 13:00 H y 15:00 - 19:00 H | J: |09:00 - 13:00 H y 15:00 - 19:00 H | V: |09:00 - 13:00 H y 15:00 - 18:00 H | S: |Cerrado | D: |Cerrado,L: |09:00 - 13:00 H y 15:00 - 19:00 H | M: |09:00 - 13:00 H y 15:00 - 19:00 H | X: |09:00 - 13:00 H y 15:00 - 19:00 H | J: |09:00 - 13:00 H y 15:00 - 19:00 H | V: |09:00 - 13:00 H y 15:00 - 18:00 H | S: |Cerrado | D: |Cerrado,"43.54581,-5.03834"
C076843,SUMINISTROS REVUELTA,,"ALAMEDA DEL AYUNTAMIENTO, 21",,39750,COLINDRES,CANTABRIA,ES,+34942650069,administracion@suministrosrevuelta.com,,,43.395374,-3.448965,18647,,regular_dealer,False,False,False,,,False,,,regular-dealer,,,"43.54581,-3.55111"
