dealer_id,name,website,street,street2,zip,city,province,country,phone,email,fax,mobile,latitude,longitude,distance_m,rank,retailer_types,premium_partner,expert,premium_flagship,delivery_types,payment_methods,open_now,closes_at,benefits,badges,shop_hours,service_hours,found_via_query
C163009,ITER DI RUGGERI Srl,https://iterdiruggeri.it,"Strada Statale 131 Carlo Felice, Km. 11, 800, 09028 Sestu CA",,09028,Sestu,CA,IT,+3907022338,michela.f@iterdiruggeri.it,,,39.311685,9.061887,384995,,regular_dealer,True,True,False,,,False,,,expert-powertools; premium-partner; regular-dealer,da lunedi a venerdi |09:00 - 13:00 e 16:00 - 20:00,,"36.50000,6.50000"
C249859,ITER di Ruggeri S.r.l.,,via Parigi SNC,,09170,Oristano,OR,IT,+390783025119,,,,39.885296,8.592389,418436,,regular_dealer,True,True,False,,,False,,,expert-powertools; premium-partner; regular-dealer,Da lunedi a venerdi | 07:|30 – 13:00 | 14:|30 – 18:00 | Sabato | 08:|00 – 13:00 | Domenica chiuso,,"36.50000,6.50000"
C080136,TRE EMME,https://tre-emme-societa-cooperativa.business.site/?utm_source=gmb&utm_medium=referral,Via Marconi 1,,09170,Oristano,OR,IT,+3978375152,marcotreemme@tiscali.it,+39783775277,,39.906534,8.599902,420835,,regular_dealer,True,True,False,,,False,,,expert-powertools; premium-partner; regular-dealer; service-center; service-partner,Dal Lunedì al Venerdì | 8:00-13:00 / 15:00-19:30 | Sabato | 8:00-13:00,Dal Lunedì al Venerdì | 8:00-13:00 / 15:00-19:30 | Sabato | 8:00-13:00,"36.50000,6.50000"
C163433,ITER di ruggeri,https://iterdiruggeri.it,via IS Arais,,09036,Guspini,SU,IT,,,,,39.53931,8.627334,385879,,regular_dealer,False,False,False,,,False,,,regular-dealer,,,"36.50000,6.50000"
C155720,FREM Group Srl,https://fremgroup.it/,"Via Sante Cettolini, 46",,09067,ELMAS,Cagliari,IT,,,,,39.265882,9.07482,381584,,regular_dealer,False,False,False,,,False,,,regular-dealer,lunedi-martedi-mercoledi-giovedi |07:30 - 12:30 e 13:30 - 17:00 | venerdi |07:30 - 12:30 e 13:30 - 16:00,,"36.50000,6.50000"
C080132,OPPO SRL,https://www.oppo.it/,ViAle Zara Snc,,09170,Oristano,OR,IT,+39783352056,tecnico@oppo.it,+39783352028,,39.889671,8.589635,418766,,regular_dealer,False,False,False,,,False,,,regular-dealer,Dal Lunedì al Venerdì | 8:30-13:00 / 15:00-18:30,Dal Lunedì al Venerdì | 8:30-13:00 / 15:00-18:30,"36.50000,6.50000"
C080194,RIAT SAS DI FUNDARO' & C.,,SS 113 Km 326,,91011,Alcamo,TP,IT,+3992424428,,+3992424428,,37.97754,12.944637,371341,,regular_dealer,True,True,False,,,False,,,expert-powertools; premium-partner; regular-dealer,Dal Lunedì al Venerdì | 8:30-13:00 / 15:00-19:00 | Sabato | 8:30-13:00,Dal Lunedì al Venerdì | 8:30-13:00 / 15:00-19:00 | Sabato | 8:30-13:00,"36.50000,9.18200"
C080195,MIRTO srl,https://www.mirto-srl.it/,VIA MAZZINI snc,,90040,San Cipirello,PA,IT,+39918572090,mirtogiacomo@tin.it,+39918577623,,37.965818,13.180589,389654,,regular_dealer,True,True,False,,,False,,,expert-powertools; premium-partner; regular-dealer,Dal Lunedì al Venerdì | 7:30-13:00 / 14:30-19:30 | Sabato | 7:30-13:00 /14:30-16:30,Dal Lunedì al Venerdì | 7:30-13:00 / 14:30-19:30 | Sabato | 7:30-13:00 /14:30-16:30,"36.50000,9.18200"
C080193,F.LLI PATTI FORNITURE SRL,,"Viale Regione Siciliana, 18",,92026,Favara,AG,IT,+39922420998,info@pattiforniture.com,+3992232716,,37.320957,13.578581,401350,,regular_dealer,True,True,False,,,False,,,expert-powertools; premium-partner; regular-dealer,Dal Lunedì al Venerdì | 7:00-13:00 / 15:00-20:00 | Sabato | 7:00-13:00,Dal Lunedì al Venerdì | 7:00-13:00 / 15:00-20:00 | Sabato | 7:00-13:00,"36.50000,9.18200"
C080192,MONTALTO GIUSEPPE,https://montaltogiuseppe.business.site/,V.Le Europa 57/D,,90039,Villabate,PA,IT,+39916144913,info@officinemontalto.it,+39916145038,,38.078984,13.437067,415279,,regular_dealer,True,False,False,,,False,,,premium-partner; regular-dealer; service-center; service-partner,Dal Lunedì al Venerdì | 8:00-13:00 / 14:30-18:30 | Sabato | 8:30-12:30,Dal Lunedì al Venerdì | 8:00-13:00 / 14:30-18:30 | Sabato | 8:30-12:30,"36.50000,9.18200"
C205065,UTENSILERIA VINCI S.A.S,,Corso Calatafimi 99/103,,91025,Marsala,Trapani,IT,0923999064,,,,37.79246,12.446633,323035,,regular_dealer,False,False,False,,,False,,,regular-dealer,,,"36.50000,9.18200"
C204914,DE FILIPPI VINCENZO & C. S.N.C,,Via S. Lo Calio 17,,91100,Trapani,Trapani,IT,0923-24982,,,,38.012488,12.54437,341769,,regular_dealer,False,False,False,,,False,,,regular-dealer,,,"36.50000,9.18200"
C067297,MAX SRL,,Via Luigi Pirandello 13/A,,90045,Cinisi,Palermo,IT,091-8665575,,,,38.087414,13.156704,393352,,regular_dealer,False,False,False,,,False,,,regular-dealer,,,"36.50000,9.18200"
C204894,CATALANO FRANCESCO S.R.L.,,Viale Regione Siciliana 3995,,90145,Palermo,Palermo,IT,091/6476720,,,,38.134229,13.329794,409268,,regular_dealer,False,False,False,,,False,,,regular-dealer,,,"36.50000,9.18200"
C204996,LEONE E ING. RUSSO E C. S.R.L.,,Via Veneto 27,,90144,Palermo,Palermo,IT,091-342281,,,,38.141691,13.338869,410339,,regular_dealer,False,False,False,,,False,,,regular-dealer,,,"36.50000,9.18200"
C204998,LO MAURO S.R.L.,,Via Alessandro Manzoni 17,,90024,Gangi,Palermo,IT,0921-689380,,,,38.111458,13.36696,411156,,regular_dealer,False,False,False,,,False,,,regular-dealer,,,"36.50000,9.18200"
C205009,MEDISIDER DI MEDICO CLAUDIO & C. S.,,Contrada Sartania S.S. 122,,93100,Caltanissetta,Caltanissetta,IT,0934572859,,,,37.494116,14.069763,224904,,regular_dealer,False,False,False,,,False,,,regular-dealer,,,"36.50000,11.86401"
C204981,GUGLIUZZA CARLO,,Via Giubileo Magno 7,,90015,Cefalu',Palermo,IT,0921820469,,,,38.031585,14.023022,255915,,regular_dealer,False,False,False,,,False,,,regular-dealer,,,"36.50000,11.86401"
C080186,TERRANOVA SRL,https://www.terranovasrl.it/,Zona IndustriAle Fase 1 ViAle 7 Snc,,97100,Ragusa,RG,IT,+399321882386,,+399321882383,,36.918428,14.727681,49262,,regular_dealer,True,True,False,,,False,,,expert-powertools; premium-partner; regular-dealer,Dal Lunedì al Venerdì | 8:30-13:00 / 15:30-19:30 | Sabato | 8:30-13:00,Dal Lunedì al Venerdì | 8:30-13:00 / 15:30-19:30 | Sabato | 8:30-13:00,"36.50000,14.54601"
C205010,MEGARA METALLI SRL,,Contrada Balate Snc,,96011,Augusta,Siracusa,IT,0931513924,,,,37.258699,15.209005,102924,,regular_dealer,False,False,False,,,False,,,regular-dealer,,,"36.50000,14.54601"
C080187,TERRANOVA SRL,https://www.terranovasrl.it/,Via Vi Aprile 73/75,,95131,Catania,CT,IT,+3995531019,,+3995531770,,37.5064,15.098123,219741,,regular_dealer,True,True,False,,,False,,,expert-powertools; premium-partner; regular-dealer,Dal Lunedì al Venerdì | 8:30-13:00 / 15:30-19:30 | Sabato | 8:30-13:00,Dal Lunedì al Venerdì | 8:30-13:00 / 15:30-19:30 | Sabato | 8:30-13:00,"36.50000,17.22801"
C080185,TERRANOVA SRL,https://www.terranovasrl.it/,"3A Strada, 46",,95121,Catania,CT,IT,+39957357264,,+3995592100,,37.454965,15.041356,221352,,regular_dealer,True,True,False,,,False,,,expert-powertools; premium-partner; regular-dealer,Dal Lunedì al Venerdì | 8:30-13:00 / 14:30-18:00,Dal Lunedì al Venerdì | 8:30-13:00 / 14:30-18:00,"36.50000,17.22801"
C080182,CUBEX SRL,https://cubex.bigmat.it/,Via Pulei 42,,95030,Mascalucia,CT,IT,+39957133023,,+39957133023,,37.585777,15.050057,227887,,regular_dealer,True,True,False,,,False,,,expert-powertools; premium-partner; regular-dealer,Dal Lunedì al Venerdì | 7:00-13:00 / 14:00-18:30 | Sabato | 7:00-13:00,Dal Lunedì al Venerdì | 7:00-13:00 / 14:00-18:30 | Sabato | 7:00-13:00,"36.50000,17.22801"
C080188,TERRANOVA SRL,https://www.terranovasrl.it/,Via NazionAle 133,,98042,"Giammoro, Pace del Mela",ME,IT,+39909385350,,+39909385328,,38.202299,15.316333,253712,,regular_dealer,True,True,False,,,False,,,expert-powertools; premium-partner; regular-dealer,Dal Lunedì al Venerdì | 8:00-13:00 / 15:00-19:00 | Sabato | 8:00-13:00,Dal Lunedì al Venerdì | 8:00-13:00 / 15:00-19:00 | Sabato | 8:00-13:00,"36.50000,17.22801"
C204881,BERTOROTTA SRL,,Acquicella Porto 17-23,,95121,Catania,Catania,IT,095/7233119,,,,37.489178,15.080233,220166,,regular_dealer,False,False,False,,,False,,,regular-dealer,,,"36.50000,17.22801"
C204868,ADICEM SRL,,Via Tavolone 20,,95025,Aci Sant'Antonio,Catania,IT,095-7022101,,,,37.603694,15.131789,222841,,regular_dealer,False,False,False,,,False,,,regular-dealer,,,"36.50000,17.22801"
C204866,A. & A. LA FERRAMENTA,,Via Zia Lisa 113/119,,95121,Catania,Catania,IT,0958187943,,,,37.486822,15.071674,220697,,regular_dealer,False,False,False,,,False,,,regular-dealer,,,"36.50000,17.22801"
C204871,ADICEM SRL,,Via Giacomo Matteotti 55,,95025,Aci Sant'Antonio,Catania,IT,095 789 2790,,,,37.60495,15.118014,223937,,regular_dealer,False,False,False,,,False,,,regular-dealer,,,"36.50000,17.22801"
C080184,OROFINO CONCETTO,http://www.centroelettroutensili.it/,Via Giuseppe Verdi 14,,95020,Aci Bonaccorsi,CT,IT,+39957412779,info@centroelettroutensili.it,,,37.600164,15.106277,224523,,regular_dealer,False,False,False,,,False,,,regular-dealer; service-center; service-partner,Dal Lunedì al Venerdì | 8:30-13:00 / 15:30-19:00,Dal Lunedì al Venerdì | 8:30-13:00 / 15:30-19:00,"36.50000,17.22801"
C080183,FRATELLI ARICO' S.N.C.,,Via Marconi 57,,98051,Barcellona,ME,IT,+39909701126,flliaricosnc@alice.it,+39909708247,,38.146795,15.211573,255557,,regular_dealer,False,False,False,,,False,,,regular-dealer,Dal Lunedì al Venerdì | 8:00-13:00 / 15:00-19:00 | Sabato | 8:00-13:00,Dal Lunedì al Venerdì | 8:00-13:00 / 15:00-19:00 | Sabato | 8:00-13:00,"36.50000,17.22801"
C162904,VIVA srl,https://www.vivatools.it,"piazza Madonna di Lourdes, 19",,73049,Ruffano,LC,IT,+390833691042,info@vivatools.it,+390833692057,,39.989537,18.246487,389020,,regular_dealer,True,True,False,,,False,,,expert-powertools; premium-partner; regular-dealer,,,"36.50000,18.56902"
C080202,ELECTRONIC’S TIME S.R.L.,https://electronicstime.it,"Via Atene, 2/A",,87036,Rende,CS,IT,+39984404433,cosenza@electronicstime.it,+39984404433,,39.34432,16.23795,376560,,regular_dealer,True,True,False,,,False,,,expert-powertools; premium-partner; regular-dealer,Dal Lunedì al Venerdì | 9:00-13:00 / 15:00-19:00,Dal Lunedì al Venerdì | 9:00-13:00 / 15:00-19:00,"36.50000,18.56902"
C080181,CUBEX SRL,https://cubex.bigmat.it/,Contrada Pirritino Pantano Snc,,95032,Valcorrente - Belpasso,CT,IT,+39957133023,,+39957133023,,37.545216,14.973798,339632,,regular_dealer,True,True,False,,,False,,,expert-powertools; premium-partner; regular-dealer,Dal Lunedì al Venerdì | 7:00-13:00 / 14:00-18:30 | Sabato | 7:00-13:00,Dal Lunedì al Venerdì | 7:00-13:00 / 14:00-18:30 | Sabato | 7:00-13:00,"36.50000,18.56902"
C205034,PISCITELLI CARMELA S.N.C.,,Via Capo Rizzuto,,88841,Isola Di Capo Rizzuto,Crotone,IT,0962-793046,,,,38.95121,17.095525,301775,,regular_dealer,False,False,False,,,False,,,regular-dealer,,,"36.50000,18.56902"
C067470,VINCENZO MEGNA SAS,,Via Botteghelle Sn,,88900,Crotone,,IT,+399622648926169,robertomegna@libero.it,+3996262385,,39.08585,17.110829,314762,,regular_dealer,False,False,False,,,False,,,regular-dealer,Dal Lunedì al Venerdì | 8:00-13:00 / 15:30-19:00 | Sabato | 8:00-13:00,Dal Lunedì al Venerdì | 8:00-13:00 / 15:30-19:00 | Sabato | 8:00-13:00,"36.50000,18.56902"
C205069,VISCOMI AGOSTINO,,Via Nazionale 92,,88070,Botricello,Catanzaro,IT,0961-963305,,,,38.937522,16.866508,309625,,regular_dealer,False,False,False,,,False,,,regular-dealer,,,"36.50000,18.56902"
C067217,IDEA SRL,,Contrada laganosa,,88060,Satriano,CZ,IT,+3996725050,,+39967528228,,38.679256,16.528578,301698,,regular_dealer,False,False,False,,,False,,,regular-dealer,Dal Lunedì al Venerdì | 7:00-12:30 / 13:30-19:00 | Sabato | 7:00-13:00,Dal Lunedì al Venerdì | 7:00-12:30 / 13:30-19:00 | Sabato | 7:00-13:00,"36.50000,18.56902"
C204919,DEDIL DONATO S.R.L.,,Loc. Morello Germaneto Snc,,88100,Catanzaro,Catanzaro,IT,0961754432,,,,38.885793,16.576822,317932,,regular_dealer,False,False,False,,,False,,,regular-dealer,,,"36.50000,18.56902"
C080191,EDIL SERVICE,http://edilservicetalarico.it/,V.Le De Filippis C.Da Sansinat,,88100,Catanzaro,CZ,IT,+39961770316,info@edilzaccone.com,+39961777225,,38.900636,16.584486,318931,,regular_dealer,False,False,False,,,False,,,regular-dealer; service-center; service-partner,Dal Lunedì al Venerdì | 8:00-19:00 | Sabato | 8:00-12:00,Dal Lunedì al Venerdì | 8:00-19:00 | Sabato | 8:00-12:00,"36.50000,18.56902"
C086768,GERACE SRL,,"Viale Prof.V.Zo Ricci ,58/60/62",,89029,Taurianova,Reggio Calabria,IT,0966/611563,,,,38.353425,16.017728,305293,,regular_dealer,False,False,False,,,False,,,regular-dealer,,,"36.50000,18.56902"
C148293,MARRA E PICCOLO S.N.C.,,Via Panoramica 72/78,,87055,San Giovanni In Fiore,Cosenza,IT,0984-992088,,,,39.257796,16.698046,347812,,regular_dealer,False,False,False,,,False,,,regular-dealer,,,"36.50000,18.56902"
C204888,CACCIATORE HOUSE S.R.L.,,Via Regina Margherita 257,,73057,Taviano,Lecce,IT,0833-902421,,,,39.97443,18.08717,388603,,regular_dealer,False,False,False,,,False,,,regular-dealer,,,"36.50000,18.56902"
C131352,TORTORELLA GIOVANNI BATTISTA,,Via Nazionale 63-67,,87064,Corigliano Calabro,Cosenza,IT,0983/885195,,,,39.621734,16.516725,390817,,regular_dealer,False,False,False,,,False,,,regular-dealer,,,"36.50000,18.56902"
C204898,CENTRO EDILE MERIDIONALE S.R.L.,,Via Rocca Sn,,98063,Gioiosa Marea,Messina,IT,09411362837,,,,38.171371,14.900452,373749,,regular_dealer,False,False,False,,,False,,,regular-dealer,,,"36.50000,18.56902"
C067162,F.I.M. S.A.S.,,Viale Del Lavoro 79,,87012,Castrovillari,Cosenza,IT,0981/480102,,,,39.817655,16.213713,422428,,regular_dealer,False,False,False,,,False,,,regular-dealer,,,"36.50000,18.56902"
C205016,MONASTRA SEBASTIANO,,Via Ragusa 18,,98076,Sant'Agata Di Militello,Messina,IT,0941-702430,,,,38.067195,14.627365,389775,,regular_dealer,False,False,False,,,False,,,regular-dealer,,,"36.50000,18.56902"
C135769,ELETTROTUTTO & PIU' S.A.S.,,"Via Fiume Lao, 305",,87029,Scalea,Cosenza,IT,0985-920208,,,,39.806928,15.793999,440477,,regular_dealer,False,False,False,,,False,,,regular-dealer,,,"36.50000,18.56902"
C205002,MA.PE.S.R.L,,S.S. Bussentina Km 1300 Snc,,84067,Policastro Bussentino Santa Marina,Salerno,IT,0974984687,,,,40.084711,15.508365,479724,,regular_dealer,False,False,False,,,False,,,regular-dealer,,,"36.50000,18.56902"
C205051,SIANI SRL,,Via Sirene 37,,84040,Camerota,Salerno,IT,0974932816,,,,40.002225,15.367561,479278,,regular_dealer,False,False,False,,,False,,,regular-dealer,,,"36.50000,18.56902"
C155724,SARDARES S.P.A,,Z. I. PREDDA NIEDDA NORD STRADA 1,,07100,SASSARI,Sassari,IT,,,,,40.738307,8.52813,392467,,regular_dealer,True,True,False,,,False,,,expert-powertools; premium-partner; regular-dealer,,,"37.57797,6.50000"
C155722,SARDARES S.P.A,,"S.S.125 OLBIA-PALAU KM 4,8",,07026,OLBIA,Sassari,IT,,,,,40.93185,9.508588,453984,,regular_dealer,True,True,False,,,False,,,expert-powertools; premium-partner; regular-dealer,,,"37.57797,6.50000"
C134172,Sardares S.p.A.,,Strada Prov.Arzachena Porto Cervo k,,07021,Arzachena,,IT,,,,,41.085937,9.386238,462268,,regular_dealer,True,True,False,,,False,,,expert-powertools; premium-partner; regular-dealer,,,"37.57797,6.50000"
C155721,SARDARES SPA,,"STRATA STATALE 133 KM. 46,300",,07020,PALAU,Sassari,IT,,,,,41.178743,9.377446,470520,,regular_dealer,True,True,False,,,False,,,expert-powertools; premium-partner; regular-dealer,,,"37.57797,6.50000"
C080135,OPPO SRL,https://www.oppo.it/,"Via Vespucci, 1",,09074,Ghilarza,OR,IT,+3978554642,tecnico@oppo.it,+3978552023,,40.120873,8.826585,347148,,regular_dealer,False,False,False,,,False,,,regular-dealer,Dal Lunedì al Venerdì | 8:00-12:30 / 15:00-19:00 | Sabato | 8:30-12:30,Dal Lunedì al Venerdì | 8:00-12:30 / 15:00-19:00 | Sabato | 8:30-12:30,"37.57797,6.50000"
C080131,OPPO SRL,https://www.oppo.it/,Corso Umberto 202,,08015,Macomer,NU,IT,+3978571787,tecnico@oppo.it,+3978571787,,40.267656,8.776392,358041,,regular_dealer,False,False,False,,,False,,,regular-dealer,Dal Lunedì al Venerdì | 8:00-12:30 / 15:00-19:00 | Sabato | 8:30-12:30,Dal Lunedì al Venerdì | 8:00-12:30 / 15:00-19:00 | Sabato | 8:30-12:30,"37.57797,6.50000"
C080133,OPPO SRL,https://www.oppo.it/,Predda Niedda Strada 1,,07100,Sassari,SS,IT,+39792677070,tecnico@oppo.it,+39792677071,,40.738307,8.52813,392467,,regular_dealer,False,False,False,,,False,,,regular-dealer,Dal Lunedì al Venerdì | 8:30-13:00 / 15:00-18:30,Dal Lunedì al Venerdì | 8:30-13:00 / 15:00-18:30,"37.57797,6.50000"
C136238,BACCHITTA Srl,,Viale Kennedy ,,08022,Dorgali,NU,IT,+39078496133,,,,40.285498,9.586062,402285,,regular_dealer,False,False,False,,,False,,,regular-dealer,,,"37.57797,6.50000"
C204954,FERRAMENTA E GIARDINAGGIO,,Borgata Traversa,,07052,San Teodoro,Olbia-Tempio,IT,0784852022,,,,40.773054,9.619517,445474,,regular_dealer,False,False,False,,,False,,,regular-dealer,,,"37.57797,6.50000"
C080130,OPPO SRL,https://www.oppo.it/,Via Capo Verde 22,,07026,Olbia,OT,IT,+39789599202,tecnico@oppo.it,+3978954195,,40.939309,9.515859,455014,,regular_dealer,False,False,False,,,False,,,regular-dealer,Dal Lunedì al Venerdì | 8:30-13:00 / 15:00-18:30,Dal Lunedì al Venerdì | 8:30-13:00 / 15:00-18:30,"37.57797,6.50000"
C163010,AFFILATURA RO-MAC Srl,https://www.romacolbia.it,"via Gabon, 5",,07026,OLBIA,SS,IT,+39078957070,affiltauraromac@tiscali.it,,,40.94713,9.50798,455334,,regular_dealer,False,False,False,,,False,,,regular-dealer,lunedi-martedi-giovedi |08:00 - 12:30 e 14:30 - 18:30 | mercoledi e venerdi |08:00-12:30 e 14:30 - 18:00,,"37.57797,6.50000"
C080174,TARTAGLIA,http://www.tartagliasrl.it/,V. Trebbia 5 - Via Piave Km. 69,,04100,Latina,LT,IT,+39773696886,tartaglia.aes@virgilio.it,+39773665175,,41.475938,12.883439,204481,,regular_dealer,True,True,False,,,False,,,expert-powertools; premium-partner; regular-dealer; service-center; service-partner,,,"39.73392,12.10699"
C080172,CONTESTABILE S.R.L.,http://www.contestabilesrl.it/,"Via Portella, Snc",,04020,Monte San Biagio,LT,IT,+39771569349,ferramenta@contestabilesrl.it,+39771567162,,41.345037,13.340136,207234,,regular_dealer,True,True,False,,,False,,,expert-powertools; premium-partner; regular-dealer,Dal Lunedì al Venerdì | 7:30-13:00 / 15:00-19:00 | Sabato | 7:30-13:00,Dal Lunedì al Venerdì | 7:30-13:00 / 15:00-19:00 | Sabato | 7:30-13:00,"39.73392,12.10699"
C080216,DE ROSA SRL,https://www.derosasrl.it/it-IT/,"Via Masullo, 41",,80010,Quarto,NA,IT,+39818764536,antonio@derosasrl.it,+39818768928,,40.875882,14.114502,212356,,regular_dealer,True,True,False,,,False,,,expert-powertools; premium-partner; regular-dealer,Dal Lunedì al Venerdì | 7:30-13:00 / 14:30-18:30 | Sabato | 7:30-13:30,Dal Lunedì al Venerdì | 7:30-13:00 / 14:30-18:30 | Sabato | 7:30-13:30,"39.73392,12.10699"
C203835,UTE.MAC Sud Srl,https://www.utemacsud.com/,"Molise, 13",,80142,Napoli,NA,IT,+390817340714,info@utemacsud.com,+390817349547,,40.851005,14.287157,222734,,regular_dealer,True,True,False,,,False,,,expert-powertools; premium-partner; regular-dealer,,,"39.73392,12.10699"
C080220,FALCO GROUP S.R.L.,https://www.fuocotec.com,"Via Alessandro Volta, 154",,81030,Sant'Arpino,CE,IT,+39810574252,pasquale.falcogroup@gmail.com,,,40.948622,14.253769,226577,,regular_dealer,True,True,False,,,False,,,expert-powertools; premium-partner; regular-dealer,Dal Lunedì al Venerdì | 7:30-14:00,Dal Lunedì al Venerdì | 7:30-14:00,"39.73392,12.10699"
C080214,PROSID S.R.L.,https://www.prosid.it,Via Salicelle - C.Da Regina 1,,80021,Afragola,NA,IT,+39818527612,mimmoprosid@gmail.com,,,40.934088,14.304054,229084,,regular_dealer,True,True,False,,,False,,,expert-powertools; premium-partner; regular-dealer,Dal Lunedì al Venerdì | 8:00-18:00,Dal Lunedì al Venerdì | 8:00-18:00,"39.73392,12.10699"
C080215,CE.D.I. S.P.A.,https://www.cedi.it,"S.S. 265 , Km 26+645",,81020,San Marco Evangelista,CE,IT,+39823200150,s.carlini@cedispa.com,+39823200077,,41.102116,14.434558,248913,,regular_dealer,True,True,False,,,False,,,expert-powertools; premium-partner; regular-dealer,Dal Lunedì al Venerdì | 8:30-13:00 / 15:00-19:00 | Sabato | 8:30-13:00,Dal Lunedì al Venerdì | 8:30-13:00 / 15:00-19:00 | Sabato | 8:30-13:00,"39.73392,12.10699"
C163974,Brico Nettuno Srl ,https://www.briconettuno.it,"via dell'Olmo, 41/C",,00048,Nettuno,RM,IT,+39069851855,palladini@briconettuno.it,,,41.4606,12.678888,197965,,regular_dealer,False,False,False,,,False,,,regular-dealer,Da lunedì a sabato |07:30 - 13:00 e 14:00 - 20:00 | Domenica |09:00 - 13:00,,"39.73392,12.10699"
C133733,"Paolo Leo Srl, Tutto per l'edilizia",,"via Soriano, 7",,04023,Formia,LT,IT,+390771015002,fabiosimoni80@gmail.com,,,41.266862,13.6872,216560,,regular_dealer,False,False,False,,,False,,,regular-dealer,,,"39.73392,12.10699"
C204933,EDILSIVISA SRL,,Via Montagna Spaccata 443,,80126,Pianura,Napoli,IT,,,,,40.855286,14.159804,214127,,regular_dealer,False,False,False,,,False,,,regular-dealer,,,"39.73392,12.10699"
C204932,EDILSIVISA SRL,,Via Montagna Spaccata 519,,80126,Napoli,Napoli,IT,,,,,40.849029,14.178841,215046,,regular_dealer,False,False,False,,,False,,,regular-dealer,,,"39.73392,12.10699"
C204989,LA NUOVA EDILFLEGREA SAS,,Via Sant'Aniello 63,,80126,Napoli,Napoli,IT,0817261560,,,,40.860469,14.183686,216104,,regular_dealer,False,False,False,,,False,,,regular-dealer,,,"39.73392,12.10699"
C204925,EDIL COMMERCIO 2 SRL,,Via Circ. Esterna Di Napoli 60,,80014,Giugliano In Campania,Napoli,IT,0818186619,,,,40.922353,14.173639,219418,,regular_dealer,False,False,False,,,False,,,regular-dealer,,,"39.73392,12.10699"
C204927,EDIL PRODOTTI SPA,,Contrada Palmentiello,,80014,Giugliano,Napoli,IT,081 3302666,,,,40.944639,14.176963,221120,,regular_dealer,False,False,False,,,False,,,regular-dealer,,,"39.73392,12.10699"
C204926,EDIL CRISTIANO SRL,,Via Kruscev 20,,81030,Villa Di Briano,Caserta,IT,0818164566,,,,41.001858,14.146282,222971,,regular_dealer,False,False,False,,,False,,,regular-dealer,,,"39.73392,12.10699"
C204982,I PARENTI GROUP S.R.L.,,Via Larga 1,,81030,San Marcellino,Caserta,IT,,,,,40.9793,14.173735,223237,,regular_dealer,False,False,False,,,False,,,regular-dealer,,,"39.73392,12.10699"
C147728,DIVA CERAMICHE 2 S.R.L.,,Corso Umberto I 47,,81030,Gricignano,Caserta,IT,081-5037685,,,,40.979994,14.232895,227235,,regular_dealer,False,False,False,,,False,,,regular-dealer,,,"39.73392,12.10699"
C204875,AREA EDILE SRL,,Via Sant'Adiutore 7,,81030,Gricignano D'Aversa,Caserta,IT,081 502 9315,,,,40.978477,14.234727,227257,,regular_dealer,False,False,False,,,False,,,regular-dealer,,,"39.73392,12.10699"
C205062,TUFANO SPA,,V.Principe Di Piemonte 124,,80026,Casoria,Napoli,IT,0815403388,,,,40.909075,14.287266,226340,,regular_dealer,False,False,False,,,False,,,regular-dealer,,,"39.73392,12.10699"
C204908,COMMERCEDIL SRL,,Via Salicelle 4,,80021,Afragola,Napoli,IT,081-8524145,,,,40.936256,14.311755,229752,,regular_dealer,False,False,False,,,False,,,regular-dealer,,,"39.73392,12.10699"
C204974,G. SCALA SRL,,Complesso Pac,,81025,Marcianise,Caserta,IT,,,,,41.031087,14.299542,235120,,regular_dealer,False,False,False,,,False,,,regular-dealer,,,"39.73392,12.10699"
C080217,EDIL FLAGIELLO SNC,https://www.edilflagiello.it/,"S.S. 158 Km 78,876",,81011,Alife,CE,IT,+39823918580,laura@edilflagiello.it,+39823787976,,41.325716,14.331955,258213,,regular_dealer,False,False,False,,,False,,,regular-dealer,Dal Lunedì al Venerdì | 7:30-13:00 / 14:00-19:30 | Sabato | 7:30-13:00,Dal Lunedì al Venerdì | 7:30-13:00 / 14:00-19:30 | Sabato | 7:30-13:00,"39.73392,12.10699"
C080205,ELECTRONIC’S TIME S.R.L.,https://electronicstime.it,"I Trav. Corso del Mezzogiorno, 11/N-O",,71122,Foggia,FG,IT,+39881335133,foggia@electronicstime.it,+39881881418,,41.450544,15.568189,258184,,regular_dealer,True,True,False,,,False,,,expert-powertools; premium-partner; regular-dealer,Dal Lunedì al Venerdì | 9:00-13:00 / 15:00-19:00,Dal Lunedì al Venerdì | 9:00-13:00 / 15:00-19:00,"39.73392,13.50874"
C205067,VERDOLIVA SRL,,Via Molinelle 30,,80045,Pompei,Napoli,IT,0818505787,,,,40.736446,14.508792,140109,,regular_dealer,False,False,False,,,False,,,regular-dealer,,,"39.73392,13.50874"
C204988,LA MURA PIETRO,,Via Santa Maria La Carita' 302,,80057,Sant'Antonio Abate,Napoli,IT,0818734023,,,,40.720594,14.533108,139990,,regular_dealer,False,False,False,,,False,,,regular-dealer,,,"39.73392,13.50874"
C205053,SKY EDILAGRO SRL,,Via Palmiro Togliatti Snc,,84083,Castel San Giorgio,Salerno,IT,081-5178416,,,,40.771143,14.661752,151239,,regular_dealer,False,False,False,,,False,,,regular-dealer,,,"39.73392,13.50874"
C080219,OLEODINAMICA & PNEUMATICA SAS,,"Via Michele Manfredi, 24",,80039,Saviano,NA,IT,+39818211468,opardolino@gmail.com,+39818211181,,40.916403,14.515839,156761,,regular_dealer,False,False,False,,,False,,,regular-dealer,Dal Lunedì al Venerdì | 8:30-13:00 / 15:00-19:00 | Sabato | 8:30-13:00,Dal Lunedì al Venerdì | 8:30-13:00 / 15:00-19:00 | Sabato | 8:30-13:00,"39.73392,13.50874"
C205020,NOLA FERRAMENTA S.R.L.,,Via San Leonardo 45,,84131,Salerno,Salerno,IT,089332955,,,,40.652322,14.819951,151094,,regular_dealer,False,False,False,,,False,,,regular-dealer,,,"39.73392,13.50874"
C205052,SINISCALCHI CENTRO SRL,,Via Wenner 16/18 Zona Ind.Le,,84131,Salerno,Salerno,IT,089-301211,,,,40.635982,14.837061,150965,,regular_dealer,False,False,False,,,False,,,regular-dealer,,,"39.73392,13.50874"
C204909,D'ARCO DI D'ARCO ANTONIO E DOM,,Via Gen. C.A. Dalla Chiesa 33,,84081,Baronissi,Salerno,IT,089-953008,,,,40.752089,14.782401,156526,,regular_dealer,False,False,False,,,False,,,regular-dealer,,,"39.73392,13.50874"
C204902,CIEMME SRL,,Corso Europa 2,,83030,Pietradefusi,Avellino,IT,0825-962330,,,,41.039695,14.886365,186253,,regular_dealer,False,False,False,,,False,,,regular-dealer,,,"39.73392,13.50874"
C204991,LAMANNA SAS,,Via Circumvallazione Snc,,84078,Vallo Della Lucania,Salerno,IT,0974-75408,,,,40.649565,15.242586,179027,,regular_dealer,False,False,False,,,False,,,regular-dealer,,,"39.73392,13.50874"
C136161,FISCHETTI PRODUCTS SRLS,,Via Sant'Antonio 7,,83047,Lioni,Avellino,IT,082747982,,,,40.876224,15.184283,190565,,regular_dealer,False,False,False,,,False,,,regular-dealer,,,"39.73392,13.50874"
C067188,GPA PRATOLA S.R.L.,,Contrada Montetrecolli 13/B,,83031,Ariano Irpino,Avellino,IT,0825-871895,,,,41.154893,15.092276,207159,,regular_dealer,False,False,False,,,False,,,regular-dealer,,,"39.73392,13.50874"
C080212,V.R. SRL,https://www.vrsrlassistenza.it/,C/Da Maziniello Z.I.,,84036,Sala Consilina,SA,IT,+3997523001,vrelettromeccanica@gmail.com,+39975520407,,40.428947,15.56054,190891,,regular_dealer,False,False,False,,,False,,,regular-dealer; service-center; service-partner,Dal Lunedì al Venerdì | 8:30-13:00 / 15:00-17:00 | Sabato | 8:30-13:00,Dal Lunedì al Venerdì | 8:30-13:00 / 15:00-17:00 | Sabato | 8:30-13:00,"39.73392,13.50874"
C205019,NOLA FERRAMENTA S.R.L.,,Via Provinciale Km. 2,,84036,Sala Consilina,Salerno,IT,0975520405,,,,40.393936,15.594107,192026,,regular_dealer,False,False,False,,,False,,,regular-dealer,,,"39.73392,13.50874"
C080211,FERRAMENTA BRUNO,https://www.ferramentabruno.it/,"Via Tressanti, 12",,84036,Sala Consilina,SA,IT,+39975520572,info@ferramentabruno.191.it,+3997523490,,40.383494,15.605049,192461,,regular_dealer,False,False,False,,,False,,,regular-dealer,Dal Lunedì al Venerdì | 8:00-13:00 / 15:00-20:00 | Sabato | 8:00-13:00,Dal Lunedì al Venerdì | 8:00-13:00 / 15:00-20:00 | Sabato | 8:00-13:00,"39.73392,13.50874"
C205050,S.I.P.L.A. SRL,,Via Nazionale 526,,84034,Padula - Scalo,Salerno,IT,0975574030,,,,40.298543,15.645649,192489,,regular_dealer,False,False,False,,,False,,,regular-dealer,,,"39.73392,13.50874"
C205054,SPALLONE ALESSANDRO & FIGLI S.,,Via 9/1 N.171 Rione Lanziti,,82028,San Bartolomeo In Galdo,Benevento,IT,0824-967829,,,,41.411643,15.014293,225750,,regular_dealer,False,False,False,,,False,,,regular-dealer,,,"39.73392,13.50874"
C203915,Villani SNC,,Contrada Santa Loja,,85050,Tito,PZ,IT,+390971485074,info@villanigroup.it,,,40.610023,15.715846,211302,,regular_dealer,False,False,False,,,False,,,regular-dealer,,,"39.73392,13.50874"
C080210,NUOVA ELETTROMECCANICA GAGLIANO,,Via Di San Giuliano 74/76,,71121,Foggia,FG,IT,+39881721380,info@elettromeccanicapuglia.it,+39881721380,,41.469258,15.558214,259146,,regular_dealer,False,False,False,,,False,,,regular-dealer; service-center; service-partner,,,"39.73392,13.50874"
C204993,LC DI CIANCIO LUIGI CARMELO,,Via Sinisgalli 6,,85038,Senise,Potenza,IT,0973/686721,,,,40.256709,16.260204,58297,,regular_dealer,False,False,False,,,False,,,regular-dealer,,,"39.73392,16.31223"
C204872,AFFUSO VALERIO & C. SRL,,Via Puglia C.Da Uliveto,,75025,Policoro,Matera,IT,0835-971066,,,,40.203287,16.667963,60353,,regular_dealer,False,False,False,,,False,,,regular-dealer,,,"39.73392,16.31223"
C080203,ELECTRONIC’S TIME S.R.L.,https://electronicstime.it,"Via Vecchia S. Pietro In lama, 43/45",,73100,Lecce,LE,IT,+39832354318,lecce@electronicstime.it,+39832354318,,40.339208,18.159473,77251,,regular_dealer,True,True,False,,,False,,,expert-powertools; premium-partner; regular-dealer,Dal Lunedì al Venerdì | 9:00-13:00 / 15:00-19:00,Dal Lunedì al Venerdì | 9:00-13:00 / 15:00-19:00,"39.73392,17.71398"
C080208,F.A.T.I. SAS,https://www.fatisas.it/,Via Giammatteo 24/D,,73100,Lecce,LE,IT,+39832498062,info@fatisas.it,+39832498063,,40.366898,18.176787,80653,,regular_dealer,True,True,False,,,False,,,expert-powertools; premium-partner; regular-dealer,Dal Lunedì al Venerdì | 8:00-13:00 / 15:30-18:30,Dal Lunedì al Venerdì | 8:00-13:00 / 15:30-18:30,"39.73392,17.71398"
C205066,VECO SRL,,Zona Artigianale Lotto 1,,73022,Corigliano D'Otranto,Lecce,IT,,,,,40.161167,18.256656,66306,,regular_dealer,False,False,False,,,False,,,regular-dealer,,,"39.73392,17.71398"
C204980,GIANCANE S.R.L.,,Corso Umberto I 217,,73047,Monteroni,Lecce,IT,,,,,40.319025,18.090667,72533,,regular_dealer,False,False,False,,,False,,,regular-dealer,,,"39.73392,17.71398"
C204995,LEO EQUIPMENT SRL,,Via G.A. Roggerone 2,,73100,Lecce,Lecce,IT,0832342424,,,,40.367435,18.221335,82622,,regular_dealer,False,False,False,,,False,,,regular-dealer,,,"39.73392,17.71398"
C135467,LIMONGELLI S.R.L.,,Via R.Moretti 2 - Zona Ind.Le,,72100,Brindisi,Brindisi,IT,0831/573186,,,,40.630638,17.975874,102157,,regular_dealer,False,False,False,,,False,,,regular-dealer,,,"39.73392,17.71398"
C155723,SARDARES SPA,,VIA PRINCIPE AMEDEO 16,,07024,LA MADDALENA,Sassari,IT,,,,,41.216466,9.413086,45309,,regular_dealer,True,True,False,,,False,,,expert-powertools; premium-partner; regular-dealer,,,"40.81189,9.34854"
C204973,FRATELLI NASEDDU S.R.L.,,Zona Artigianale - Loc. La Prugnola,,07028,Santa Teresa Di Gallura,Olbia-Tempio,IT,019-886400,,,,41.222279,9.182989,47697,,regular_dealer,False,False,False,,,False,,,regular-dealer,,,"40.81189,9.34854"
C204893,CASA DEL BULLONE SRL,,Via Orvieto 100,,00071,Pomezia,Roma,IT,06-9105851,,,,41.681224,12.500236,99927,,regular_dealer,False,False,False,,,False,,,regular-dealer,,,"40.81189,12.19709"
C205037,REMATARLAZZI SPA,,Via Delle Azzorre 4,,00040,Pomezia,Roma,IT,,,,,41.688673,12.519641,101149,,regular_dealer,False,False,False,,,False,,,regular-dealer,,,"40.81189,12.19709"
C205001,FOGENELDUE SRL,,Via Casilina Nord 83D,,03100,Frosinone,Frosinone,IT,,,,,41.649818,13.335283,133185,,regular_dealer,False,False,False,,,False,,,regular-dealer,,,"40.81189,12.19709"
C080173,SEMENTILLI SNC,http://www.sementillisnc.it,"Via Lucca, 60",,03025,Monte San Giovanni Campano,FR,IT,+39775891322,daniela.sementilli@sementillisnc.it,+39775892170,,41.619997,13.505897,90370,,regular_dealer,True,True,False,,,False,,,expert-powertools; premium-partner; regular-dealer,,,"40.81189,13.62136"
C222328,TECNICK di Nicola Antonio Gugielmi,,via Latina 54,,86170,Isernia,IS,IT,+3908651956315,,,,41.601596,14.239592,101904,,regular_dealer,False,False,False,,,False,,,regular-dealer,,,"40.81189,13.62136"
C204312,ANNA BONITO SAS,,PIAZZA DELLA LIBERTA' 29,,71042,CERIGNOLA,FOGGIA,IT,,,,,41.263114,15.899315,87425,,regular_dealer,False,True,False,,,False,,,expert-powertools; regular-dealer,,,"40.81189,15.04563"
C080197,EDIL 2000 SRL,,Via Le Fogge 73/75,,70022,Altamura,BA,IT,+39803141398,info@edil2000altamura.it,+39803141398,,40.838583,16.559759,8122,,regular_dealer,True,True,False,,,False,,,expert-powertools; premium-partner; regular-dealer,Dal Lunedì al Venerdì | 7:00-13:00 / 15:00-19:00 | Sabato | 7:00-13:00,Dal Lunedì al Venerdì | 7:00-13:00 / 15:00-19:00 | Sabato | 7:00-13:00,"40.81189,16.46990"
C080198,EDILVITALE SRL,http://www.edilvitAle.it/,Strada ProvinciAle Per Andria Km2 Cp 398,,70059,Trani,BT,IT,+39883585303,,+39883502126,,41.277486,16.417833,51953,,regular_dealer,True,True,False,,,False,,,expert-powertools; premium-partner; regular-dealer,Dal Lunedì al Venerdì | 7:00-13:00 / 15:00-18:00 | Sabato | 7:00-12:00,Dal Lunedì al Venerdì | 7:00-13:00 / 15:00-18:00 | Sabato | 7:00-12:00,"40.81189,16.46990"
C080204,ELECTRONIC’S TIME S.R.L.,https://electronicstime.it,"Via Nicola Pende, 11-11/A",,70124,Bari,BA,IT,+39805023642,bari@electronicstime.it,+39805028028,,41.093508,16.867569,45778,,regular_dealer,True,True,False,,,False,,,expert-powertools; premium-partner; regular-dealer,Dal Lunedì al Venerdì | 9:00-13:00 / 15:00-19:00,Dal Lunedì al Venerdì | 9:00-13:00 / 15:00-19:00,"40.81189,16.46990"
C080209,MEC UTENSILI SNC,http://www.mecutensili.it/,"Strada ProvinciAle 237 Per Noci, Zona IndustriAle",,70017,Putignano,BA,IT,+39804913742,info@mecutensili.it,+39804934188,,40.843154,17.112305,54160,,regular_dealer,True,True,False,,,False,,,expert-powertools; premium-partner; regular-dealer,Dal Lunedì al Venerdì | 8:00-13:00 / 15:00-19:30 | Sabato | 8:00-13:00,Dal Lunedì al Venerdì | 8:00-13:00 / 15:00-19:30 | Sabato | 8:00-13:00,"40.81189,16.46990"
C080199,ELECTRONIC’S TIME S.R.L.,https://electronicstime.it,"Via Madonna Piccola, 32 /R-Q",,74015,Martina Franca,TA,IT,+39804802711,marco@electronicstime.it,+39804802750,,40.698213,17.339628,74336,,regular_dealer,True,True,False,,,False,,,expert-powertools; premium-partner; regular-dealer,Dal Lunedì al Venerdì | 9:00-13:00 / 15:00-19:00,Dal Lunedì al Venerdì | 9:00-13:00 / 15:00-19:00,"40.81189,16.46990"
C080221,GRUPPO FESTA S.R.L.,https://www.gruppofesta.it,Via la Martella,,75100,Matera,MT,IT,+39835388536,d.festa@gruppofesta.it,,,40.669786,16.578798,18270,,regular_dealer,False,False,False,,,False,,,regular-dealer,Dal Lunedì al Venerdì | 7:30-19:00 | Sabato | 7:30-13:00,Dal Lunedì al Venerdì | 7:30-19:00 | Sabato | 7:30-13:00,"40.81189,16.46990"
C204913,DBD BRICO CASA SRL U.S.,,Z.I.Maglie - Via Dei Viaggianti 3,,70056,Molfetta,Bari,IT,080 3375298,,,,41.20705,16.551136,44463,,regular_dealer,False,False,False,,,False,,,regular-dealer,,,"40.81189,16.46990"
C203911,Pedone srl,,SS 16 KM 770+580,,70052,BISCEGLIE,,IT,080-3991660,info@pedone.it,080-3992266,,41.229065,16.483914,46400,,regular_dealer,False,False,False,,,False,,,regular-dealer,,,"40.81189,16.46990"
C204921,DEODATO S.R.L.,,Via Francesco De Blasio 1,,70123,Bari,Bari,IT,080-5308037,,,,41.11786,16.821444,45039,,regular_dealer,False,False,False,,,False,,,regular-dealer,,,"40.81189,16.46990"
C204920,DEODATO S.R.L.,,Via Giuseppe Sangiorgi 15,,70124,Bari,Bari,IT,080-5741710,,,,41.114894,16.84934,46368,,regular_dealer,False,False,False,,,False,,,regular-dealer,,,"40.81189,16.46990"
C204994,LENTINI PAOLO SRL,,Via Baione 180,,70043,Monopoli,Bari,IT,080/6901803,,,,40.958772,17.267859,69037,,regular_dealer,False,False,False,,,False,,,regular-dealer,,,"40.81189,16.46990"
C204912,DBD BRICO CASA SRL U.S.,,Via Aldo Moro S.N.,,70043,Monopoli,Bari,IT,,,,,40.947658,17.291723,70719,,regular_dealer,False,False,False,,,False,,,regular-dealer,,,"40.81189,16.46990"
C204985,IGNAZZI SRL,,Via S. Pertini 2,,70010,Locorotondo,Bari,IT,080/4315242,,,,40.757287,17.324361,72192,,regular_dealer,False,False,False,,,False,,,regular-dealer,,,"40.81189,16.46990"
C204911,DATEMI UN MARTELLO DI LISI PALMA,,Via Salvatore Beltempo 4,,70010,Locorotondo,Bari,IT,0804312474,,,,40.759387,17.329773,72625,,regular_dealer,False,False,False,,,False,,,regular-dealer,,,"40.81189,16.46990"
C205048,ROSSO ARGILLA SRL,,Via Ceglie 1,,74015,Martina Franca,Taranto,IT,,,,,40.698992,17.350408,75216,,regular_dealer,False,False,False,,,False,,,regular-dealer,,,"40.81189,16.46990"
C080206,ELETTROMECCANICA ROBERTO DASIA,,"C.So Garibaldi, 181",,72015,Fasano,BR,IT,+39804414463,dasiaroberto@libero.it,+39804389664,,40.83707,17.365522,75408,,regular_dealer,False,False,False,,,False,,,regular-dealer; service-center; service-partner,Dal Lunedì al Venerdì | 8:00-13:00 / 15:00-19:00 | Sabato | 8:00-13:00,Dal Lunedì al Venerdì | 8:00-13:00 / 15:00-19:00 | Sabato | 8:00-13:00,"40.81189,16.46990"
C080196,DASIA,,C.So Garibaldi 193,,72015,Fasano,BR,IT,+39804414463,dasiaroberto@libero.it,+39804389664,,40.837033,17.365776,75429,,regular_dealer,False,False,False,,,False,,,regular-dealer,,,"40.81189,16.46990"
C205011,MILFER SRL,,Strada Statale 16 Km 883 Snc,,72017,Ostuni,Brindisi,IT,0831/303044,,,,40.725094,17.585877,94469,,regular_dealer,False,False,False,,,False,,,regular-dealer,,,"40.81189,16.46990"
C080162,CO.M.E.L. S.R.L.,https://www.comelsrl.com/,"Via dell'Artigianato, 23-25-27",,57121,Livorno,LI,IT,+39586427537,comel@comelsrl.com,+39586428126,,43.565643,10.341743,270057,,regular_dealer,True,False,False,,,False,,,premium-partner; regular-dealer,,,"41.88987,7.94805"
C205608,CAMBIELLI SPA,,"Via Dell'Artigianato, 91",,57121,Livorno,Livorno,IT,,,,,43.571701,10.337735,270279,,regular_dealer,False,False,False,,,False,,,regular-dealer,,,"41.88987,7.94805"
C080156,MARINI PANDOLFI SPA,http://www.marinipandolfi.it/,Via Giovanni Verga Snc,,57014,Collesalvetti,LI,IT,+39586942980,,+39586964765,,43.58592,10.347325,271923,,regular_dealer,False,False,False,,,False,,,regular-dealer,Dal Lunedì al Venerdì | 8:00-13:00 / 14:00-18:30,Dal Lunedì al Venerdì | 8:00-13:00 / 14:00-18:30,"41.88987,7.94805"
C080155,MARINI PANDOLFI SPA,http://www.marinipandolfi.it/,"Via Giordania, 70",,58100,Grosseto,GR,IT,+39564450972,,+39564457506,,42.78418,11.101669,101665,,regular_dealer,True,False,False,,,False,,,premium-partner; regular-dealer,Dal Lunedì al Venerdì | 8:00-12:30 / 14:30-18:30,Dal Lunedì al Venerdì | 8:00-12:30 / 14:30-18:30,"41.88987,10.84416"
C205521,EDILIZIA COMMERCIALE SRL,,Via San Rocco 771,,58100,Marina di Grosseto,Grosseto,IT,0564-35189,,,,42.722447,10.998335,93437,,regular_dealer,False,False,False,,,False,,,regular-dealer,,,"41.88987,10.84416"
C204931,EDILIZIA COMMERCIALE SRL,,Via Dei Fiorai Snc-Loc.La Valle,,58043,Castiglione Della Pescaia,Grosseto,IT,,,,,42.774177,10.893107,98407,,regular_dealer,False,False,False,,,False,,,regular-dealer,,,"41.88987,10.84416"
C205614,CAMBIELLI SPA,,Via Legnano 37 Ang.Via Cassino 1,,58100,Grosseto,Grosseto,IT,,,,,42.76275,11.125808,99778,,regular_dealer,False,False,False,,,False,,,regular-dealer,,,"41.88987,10.84416"
C205003,MAC EDIL FREDIANI SRL UNIPERSONALE,,Via Siria 54/56/58,,58100,Grosseto,Grosseto,IT,0564451524,,,,42.783248,11.10526,101625,,regular_dealer,False,False,False,,,False,,,regular-dealer,,,"41.88987,10.84416"
C164067,CASTRA SAGOMATI Srl,https://www.castra.it,via Antonio Siligato,,00053,Civitavecchia,RM,IT,+390766856578,info@castra.it,,,42.120956,11.77311,80938,,regular_dealer,False,False,False,,,False,,,regular-dealer,Da lunedì a venerdì: |07:30 - 12:30 e 14:00 - 17:00,,"41.88987,10.84416"
C080138,BOLOGNA UMBERTO,,"Via R. Carabba, 11",,67100,L' Aquila,AQ,IT,+39862312954,info@umbertobologna.it,+39862314825,,42.355195,13.382421,103733,,regular_dealer,True,True,False,,,False,,,expert-powertools; premium-partner; regular-dealer,Dal Lunedì al Venerdì | 9:00-13:00 / 14:00-18:00 | Sabato | 9:00-13:00,Dal Lunedì al Venerdì | 9:00-13:00 / 14:00-18:00 | Sabato | 9:00-13:00,"41.88987,12.29221"
C080180,GRUPPO BRICOSI',https://www.bricosi.it/,"Via Portuense, 1501/E",,00050,Roma,RM,IT,+39665001109,canteri@tiscali.it,+39665001319,,41.817229,12.343171,9113,,regular_dealer,False,False,False,,,False,,,regular-dealer,Dal Lunedì al Sabato | 8:00-18:30,Dal Lunedì al Sabato | 8:00-18:30,"41.88987,12.29221"
C164064,S.I.M.E. Ingrosso Materiali Edili,https://www.simematerialiedilimonteverde.it,"via del Casaletto, 427",,00151,ROMA,RM,IT,+390665742149,,,,41.863485,12.437812,12406,,regular_dealer,False,False,False,,,False,,,regular-dealer,Da lunedì a venerdì: |07:00 - 17:30 | Sabato |07:00 - 12:45,,"41.88987,12.29221"
C164065,S.M.E. Sbordoni Materiali Edili Srl,http://www.grupposbordoni.com,"via Otranto, 38",,00192,ROMA,RM,IT,+39063701968,,,,41.910418,12.45684,13814,,regular_dealer,False,False,False,,,False,,,regular-dealer,Da lunedì a venerdì: |07:30 - 13:00 e 14:00 - 17:00 | Sabato |07:30 - 12:30,,"41.88987,12.29221"
C164066,Gruppo E  Edilflaminio,,"via di Tor di Quinto, 80",,00191,ROMA,RM,IT,+390652996300,gruppoesrl2016@legalmail.it,,,41.94664,12.531405,20772,,regular_dealer,False,False,False,,,False,,,regular-dealer,Da lunedì a venerdì: |09:30 - 19:30 | Sabato |09:30 - 14:00,,"41.88987,12.29221"
C163978,Verbeni Edilizia Srl,https://www.verbeniedilizia.it,"via di Tor Pagnotta, 382",,00143,ROMA,RM,IT,+39065022038,materiali@verbeni.it,,,41.80937,12.52488,21248,,regular_dealer,False,False,False,,,False,,,regular-dealer,Da lunedì a venerdì |06:30 - 18:30 | Sabato |06:30 - 13:00,,"41.88987,12.29221"
C135325,Gruppo Colamariani e Poduti Srl,,"via Tiberina, 240",,00188,ROMA,RM,IT,+39063323050,colamarianipoduti@bigmat.it,,,42.01831,12.50511,22668,,regular_dealer,False,False,False,,,False,,,regular-dealer,,,"41.88987,12.29221"
C204876,ATTREZZATI SRL,,Via Ettore Gabrici 28/32,,00173,Roma,Roma,IT,3938188399,,,,41.832147,12.589036,25404,,regular_dealer,False,False,False,,,False,,,regular-dealer,,,"41.88987,12.29221"
C080178,BC ELETTROMECCANICA,http://www.bcromaservice.it/,Via Ottaviano Conte Di Palombara 24,,00131,Roma,RM,IT,+3964190804,bccentroassistenza@libero.it,+3964190804,,41.947544,12.60002,26261,,regular_dealer,False,False,False,,,False,,,regular-dealer; service-center; service-partner,Dal Lunedì al Venerdì | 8:00-13:00 / 15:00-18:00,Dal Lunedì al Venerdì | 8:00-13:00 / 15:00-18:00,"41.88987,12.29221"
C163979,Foredil,,"via Prenestina, 1076",,00155,ROMA,RM,IT,+390690216591,amministrazione@for-edil.com,,,41.891093,12.610775,26368,,regular_dealer,False,False,False,,,False,,,regular-dealer,Da lunedì a venerdì: |06:00 - 12:30 e 13:30 - 17:00 | Sabato |07:00 - 12:00,,"41.88987,12.29221"
C080179,EBC,,Str. Teverina 32,,01100,Viterbo,VT,IT,+39761391065,info@ebcutensili.it,+39761391065,,42.433836,12.103704,62446,,regular_dealer,False,False,False,,,False,,,regular-dealer; service-center; service-partner,,,"41.88987,12.29221"
C205021,NOLA FERRAMENTA SRL,,Viale Duca F. Serra Di Cassano,,00034,Colleferro,Roma,IT,06-9770438,,,,41.727253,13.003784,61683,,regular_dealer,False,False,False,,,False,,,regular-dealer,,,"41.88987,12.29221"
C163976,G.F. CARVAL Sas ,https://www.gfcarval.it,"via Articolana, 28",,03012,Anagni,FR,IT,+390775768736,amministrazione@gfcarval.it,,,41.731246,13.115798,70496,,regular_dealer,False,False,False,,,False,,,regular-dealer,Da lunedì a venerdì: |07:00 - 18:00 | Sabato |07:00 - 13:00,,"41.88987,12.29221"
C205025,OR.U.T. S.N.C.,,Strada Dell'Arcone 29,,05019,Orvieto Scalo Di Orvieto,Terni,IT,0763-302998,,,,42.712982,12.118992,92623,,regular_dealer,False,False,False,,,False,,,regular-dealer,,,"41.88987,12.29221"
C204940,ELETTROMECCANICA MARIANI GIAMPAOLO,,Via Dei Tessili 76,,06049,Spoleto,Perugia,IT,074340868,,,,42.751653,12.715532,101945,,regular_dealer,False,False,False,,,False,,,regular-dealer,,,"41.88987,12.29221"
C080137,ANTONINI ERMANNO,https://www.antoniniermanno.com/,"Via Sacco, 185",,65128,Pescara,PE,IT,+39854313289,info@antoniniermanno.com,+39854310217,,42.452967,14.198245,73105,,DIY; TRADITIONAL_TRADE; regular_dealer,True,True,False,EXPRESS; NORMAL; PICKUP,BANCONTACT; BANK_TRANSFER; CASH; CREDITCARD; MOBILE; PAYPAL,False,,misc.wifi,diy; expert-powertools; express; offline-traditional-trade; premium-partner; regular-dealer; service-center; service-partner,Dal Lunedì al Venerdì | 8:30-12:30 / 15:00-19:00 | Sabato | 8:30-12:30,Dal Lunedì al Venerdì | 8:30-12:30 / 15:00-19:00 | Sabato | 8:30-12:30,"41.88987,13.74026"
C080139,DI EMIDIO DOMENICO,https://www.diemidioforniture.it/,"Via G. Di Vittorio,",,64100,Teramo,TE,IT,+39861210242,info@diemidioforniture.it,+39861210243,,42.670869,13.737908,86839,,regular_dealer,True,True,False,,,False,,,expert-powertools; premium-partner; regular-dealer,Dal Lunedì al Venerdì | 8:00-12:30 / 14:30-18:30,Dal Lunedì al Venerdì | 8:00-12:30 / 14:30-18:30,"41.88987,13.74026"
C080140,DI EMIDIO SRL,https://shop.diemidio.it/,Zona IndustriAle Colleranesco,,64021,Giulianova,TE,IT,+39858004550,info@diemidio.it,+39858004879,,42.720775,13.947755,93950,,regular_dealer,True,True,False,,,False,,,expert-powertools; premium-partner; regular-dealer,Dal Lunedì al Venerdì | 8:00-12:30 / 14:30-18:30,Dal Lunedì al Venerdì | 8:00-12:30 / 14:30-18:30,"41.88987,13.74026"
C134185,SCIARRA S.R.L.,,Via Forlani 72,,65012,Cepagatti,Pescara,IT,085-9749381,,,,42.360598,14.078626,59313,,regular_dealer,False,False,False,,,False,,,regular-dealer,,,"41.88987,13.74026"
C163028,ELETTROMECCANICA VAL DI SANGRO di Lannutti Giuseppe,https://www.gruppoevs.com,"Contrada Selva Piana, 56",,66043,Casoli,CH,IT,+390872982500,info@gruppoevs.it,,,42.122218,14.30515,53345,,regular_dealer,False,False,False,,,False,,,regular-dealer,dal lunedi al venerdi |08:00 - 12:30 e 14:30 - 18:30 | sabato |08:00 - 12:30,,"41.88987,13.74026"
C163027,F.LLI DI MUZIO & C. Srl,https://www.dimuzioedilizia.com,"via Colonnetta, 343",,66100,Chieti,CH,IT,+390871561923,f.llidimuzio@virgilio.it,,,42.357382,14.150748,62033,,regular_dealer,False,False,False,,,False,,,regular-dealer,,,"41.88987,13.74026"
C205038,REMATARLAZZI SPA,,Via Po 72,,66020,San Giovanni Teatino,Chieti,IT,0854460662,,,,42.411308,14.167029,67816,,regular_dealer,False,False,False,,,False,,,regular-dealer,,,"41.88987,13.74026"
C204865,REMATARLAZZI SPA,,Via Salaria Vecchia 148,,65100,PESCARA,PESCARA,IT,,,,,42.441525,14.199903,72092,,regular_dealer,False,False,False,,,False,,,regular-dealer,,,"41.88987,13.74026"
C206253,Colatriano Group Srl,,"Via delle Gualchiere, 5",,65013,Città Sant'Angelo,PE,IT,+39085959377,acquisti@colatariano.it,,,42.51699,14.135475,76952,,regular_dealer,False,False,False,,,False,,,regular-dealer,,,"41.88987,13.74026"
C204937,ELETTROMECCANICA DI CASTELNUOVO,,Contrada Severini 22,,66030,Treglio,Chieti,IT,0872/713162,,,,42.245715,14.415865,68375,,regular_dealer,False,False,False,,,False,,,regular-dealer,,,"41.88987,13.74026"
C205026,PAGANO SRL,,Via Lauro 65,,71015,San Nicandro Garganico,Foggia,IT,0882473472,,,,41.843388,15.561262,31310,,regular_dealer,False,False,False,,,False,,,regular-dealer,,,"41.88987,15.18832"
C136672,EDILNOVA DI BERTHOUD srl,,Viale Uria 190 Foce Varano,,71010,Ischitella,Foggia,IT,3802051936,,,,41.919641,15.803323,51001,,regular_dealer,False,False,False,,,False,,,regular-dealer,,,"41.88987,15.18832"
C205061,TRUCCHI EFISIO SRL,,Via Carabiniere Antonio Fois Snc,,18039,Ventimiglia,Imperia,IT,,,,,43.821115,7.57909,128848,,regular_dealer,True,True,False,,,False,,,expert-powertools; premium-partner; regular-dealer,,,"42.96784,6.50000"
C204891,CAMBIELLI  SPA,,Via Maneira - Fraz. Bevera 8,,18039,Ventimiglia,Imperia,IT,0184 210252,,,,43.823715,7.573199,128739,,regular_dealer,False,False,False,,,False,,,regular-dealer,,,"42.96784,6.50000"
C205036,Power Tool S.R.L.,,Via Levà 95,,18018,Taggia,Imperia,IT,3477083446,,,,43.840951,7.855955,97541,,regular_dealer,True,True,False,,,False,,,expert-powertools; premium-partner; regular-dealer,,,"42.96784,7.97317"
C102793,LA FERRAMENTA srl,https://www.lflaferramenta.it/,Via Livornese Est 251,,56035,Perignano,Pisa,IT,+39587616722,a.giovannetti@lflaferramenta.it,,,43.612282,10.599484,117661,0,TRADITIONAL_TRADE; regular_dealer,True,True,False,COLLECTION_POINT; DELIVERY_TO_CONSTRUCTION; EXPRESS; NORMAL; PICKUP,BANCONTACT; BANK_TRANSFER; CASH; CREDITCARD; DEBIT; EC_CARD; INVOICE; MOBILE; PAYMENT_IN_ADVANCE; PAYPAL,False,,company.b2b; company.b2c; misc.wifi,construction; expert-powertools; express; offline-traditional-trade; premium-partner; regular-dealer,"lunedi-venerdi |8,00-18,00","lunedi-venerdi |8,00-18,00","42.96784,9.44634"
C080160,MARINI PANDOLFI SPA,http://www.marinipandolfi.it/,"Via dell'Aeroporto, 12",,56025,Pontedera,PI,IT,+39587277491,,+39587277492,,43.654031,10.621239,121887,,regular_dealer,True,False,False,,,False,,,premium-partner; regular-dealer,Dal Lunedì al Venerdì | 8:00-13:00 / 14:00-18:00,Dal Lunedì al Venerdì | 8:00-13:00 / 14:00-18:00,"42.96784,9.44634"
C205592,MARINI PANDOLFI SPA ,,Via Adige 9,,57025,Montegemoli,Livorno,IT,,,,,42.967642,10.546106,89478,,regular_dealer,False,False,False,,,False,,,regular-dealer,,,"42.96784,9.44634"
C163592,FERMAR SOC COOP ARL,,"via Guido Rossa, 23",,57016,ROSIGNANO SOLVAY,LI,IT,+390586792434,,,,43.39172,10.46363,94997,,regular_dealer,False,False,False,,,False,,,regular-dealer,,,"42.96784,9.44634"
C163164,DEL Srl,https://www.delsrl.it,"Via dell'Industria, 21",,57016,Morelline,LI,IT,+390586769080,dario.iori@delsrl.it,,,43.390712,10.46782,95237,,regular_dealer,False,False,False,,,False,,,regular-dealer,,,"42.96784,9.44634"
C205613,CAMBIELLI SPA,,Via Poggio Gagliardo- Loc.P.Gagliardo,,56040,Montescudaio,Pisa,IT,,,,,43.315046,10.537793,96599,,regular_dealer,False,False,False,,,False,,,regular-dealer,,,"42.96784,9.44634"
C205593,MARINI PANDOLFI SPA ,,Via Di Poggio Gagliardo 21,,56040,Montescudaio,Pisa,IT,,,,,43.315523,10.542199,96948,,regular_dealer,False,False,False,,,False,,,regular-dealer,,,"42.96784,9.44634"
C204886,C.M.C. ORIENTI,,Via Del Fosso 27,,57022,Castagneto Carducci,Livorno,IT,0565775015,,,,43.169316,10.578474,94649,,regular_dealer,False,False,False,,,False,,,regular-dealer,,,"42.96784,9.44634"
C205616,CAMBIELLI SPA,,Via Della Tecnica 1,,57029,Venturina,Livorno,IT,,,,,43.031496,10.611584,95020,,regular_dealer,False,False,False,,,False,,,regular-dealer,,,"42.96784,9.44634"
C205524,LUCCA COLOR SRL,,Via Virgilio 206,,55049,Viareggio,Lucca,IT,,,,,43.861547,10.245071,118473,,regular_dealer,False,False,False,,,False,,,regular-dealer,,,"42.96784,9.44634"
C067309,NAUTICA SERVICE SRL,,VIA M.COPPINO 273,,55049,VIAREGGIO,,IT,,,,,43.863513,10.248249,118796,,regular_dealer,False,False,False,,,False,,,regular-dealer,,,"42.96784,9.44634"
C205017,NAUTICA SERVICE SRL,,Via Scirocco Ang.Via Grecale,,55049,Viareggio-Z.I.Comparini Loc.Bicchio,Lucca,IT,,,,,43.85332,10.275345,119067,,regular_dealer,False,False,False,,,False,,,regular-dealer,,,"42.96784,9.44634"
C205596,MARINI PANDOLFI SPA ,,"Via Aurelia Sud, 255",,55049,Viareggio,Lucca,IT,,,,,43.860396,10.271887,119560,,regular_dealer,False,False,False,,,False,,,regular-dealer,,,"42.96784,9.44634"
C080152,L'ELETTRICA SPA,http://www.lelettrica.it/,"Via Di Marmiceto, 6",,56121,Ospedaletto,PI,IT,,chiasserini.s@lelettrica.it,,,43.686609,10.42936,112733,,regular_dealer,False,False,False,,,False,,,regular-dealer,Dal Lunedì al Venerdì | 8:00-13:00 / 14:00-18:00,Dal Lunedì al Venerdì | 8:00-13:00 / 14:00-18:00,"42.96784,9.44634"
C204924,DUE TECNO SPA,,Via Maestrale 17/19,,55049,Viareggio,Lucca,IT,0548331399,,,,43.860727,10.275245,119742,,regular_dealer,False,False,False,,,False,,,regular-dealer,,,"42.96784,9.44634"
C205615,CAMBIELLI SPA,,Via Ravizza-Loc.Ospedaletto 14,,56121,Ospedaletto,Pisa,IT,,,,,43.685284,10.435463,112978,,regular_dealer,False,False,False,,,False,,,regular-dealer,,,"42.96784,9.44634"
C205591,MARINI PANDOLFI SPA ,,Via A. Cocchi Snc,,56121,Ospedaletto,Pisa,IT,,,,,43.682219,10.438282,112901,,regular_dealer,False,False,False,,,False,,,regular-dealer,,,"42.96784,9.44634"
C205041,RENATO LUPETTI SRL,,Via Guidiccioni 2-4 Loc. La Fontina,,56017,S.Giuliano Terme,Pisa,IT,050-817025,,,,43.729292,10.424134,115837,,regular_dealer,False,False,False,,,False,,,regular-dealer,,,"42.96784,9.44634"
C204903,CIONI SRL,,Via Livornese Ovest 10,,56035,Perignano,Pisa,IT,0587-616334,,,,43.604988,10.581262,116002,,regular_dealer,False,False,False,,,False,,,regular-dealer,,,"42.96784,9.44634"
C080153,L'ELETTRICA SPA,http://www.lelettrica.it/,Via della Formica 708/B,,55100,San Concordio,LU,IT,,chiasserini.s@lelettrica.it,,,43.829947,10.502103,128308,,regular_dealer,False,False,False,,,False,,,regular-dealer,Dal Lunedì al Venerdì | 8:00-13:00 / 14:00-18:00,Dal Lunedì al Venerdì | 8:00-13:00 / 14:00-18:00,"42.96784,9.44634"
C079967,CAMBIELLI EDILFRIULI SPA,https://www.cambielliedilfriuli.it/,Via Per Mugnano 475,,55100,Lucca,LU,IT,+39583491986,,+3958348322,,43.832586,10.51875,129423,,regular_dealer,False,False,False,,,False,,,regular-dealer,Dal Lunedì al Venerdì | 8:00-12:00 / 13:30-18:00 | Sabato | 8:00-12:00,Dal Lunedì al Venerdì | 8:00-12:00 / 13:30-18:00 | Sabato | 8:00-12:00,"42.96784,9.44634"
C163163,BL Distribuzione Srl,http://bldistribuzione.net,"via di Mugnano, 54",,55100,Lucca,LU,IT,+390583954089,m.consani@bldistribuzione.it,,,43.836184,10.516341,129588,,regular_dealer,False,False,False,,,False,,,regular-dealer,,,"42.96784,9.44634"
C080150,L'ELETTRICA SPA,http://www.lelettrica.it/,Via Tosco Romagnola 239/B,,56025,Pontedera,PI,IT,+39587484069,chiasserini.s@lelettrica.it,+39587482190,,43.667116,10.64483,124278,,regular_dealer,False,False,False,,,False,,,regular-dealer,Dal Lunedì al Venerdì | 8:00-13:00 / 14:00-18:00,Dal Lunedì al Venerdì | 8:00-13:00 / 14:00-18:00,"42.96784,9.44634"
C205597,MARINI PANDOLFI SPA ,,Via Romana 51 - Loc.Al Chiasso,,55012,Capannori,Lucca,IT,,,,,43.845441,10.52868,131016,,regular_dealer,False,False,False,,,False,,,regular-dealer,,,"42.96784,9.44634"
C080142,MICHELAGNOLI SRL,https://michelagnoli.com/,"Via Arte della Paglia, 21",,50058,Signa,FI,IT,+3955875625,claudio.matteo@fornacemichelagnoli.it,+3955876327,,43.783768,11.098892,91873,,regular_dealer,True,True,False,,,False,,,expert-powertools; premium-partner; regular-dealer,Dal Lunedì al Venerdì | 7:00-19:00 | Sabato | 7:00-12:00,Dal Lunedì al Venerdì | 7:00-19:00 | Sabato | 7:00-12:00,"42.96784,10.91952"
C080158,MARINI PANDOLFI SPA,http://www.marinipandolfi.it/,"Via Pirandello, 49/57",,50053,Empoli,FI,IT,+3957192601,,+39571920056,,43.710739,10.943766,82625,,regular_dealer,True,False,False,,,False,,,premium-partner; regular-dealer,Dal Lunedì al Venerdì | 8:00-12:30 / 14:30-18:30,Dal Lunedì al Venerdì | 8:00-12:30 / 14:30-18:30,"42.96784,10.91952"
C080161,MARINI PANDOLFI SPA,http://www.marinipandolfi.it/,"Via Einstein, 31/33/35",,52100,Arezzo,AR,IT,+395759801,,+39575980124,,43.47076,11.84747,93703,,regular_dealer,True,False,False,,,False,,,premium-partner; regular-dealer,Dal Lunedì al Venerdì | 8:00-12:30 / 14:30-18:30,Dal Lunedì al Venerdì | 8:00-12:30 / 14:30-18:30,"42.96784,10.91952"
C248451,Electra Commerciale Spa,,"Massetana Romana, 2",,53100,Siena,SI,IT,+390577226386,info@electracommerciale.it,+390577225988,,43.306604,11.316538,49562,,regular_dealer,False,False,False,,,False,,,regular-dealer,,,"42.96784,10.91952"
C205602,MARINI PANDOLFI SPA ,,"Strada Provinciale 1, 5",,53036,Poggibonsi,Siena,IT,,,,,43.461648,11.118621,57227,,regular_dealer,False,False,False,,,False,,,regular-dealer,,,"42.96784,10.91952"
C080141,ELETTROSERVICE,https://www.elettroservicesrl.info/?lang=en,P.Le E.Romagna 1 - Loc.Fosci,,53036,Poggibonsi,SI,IT,+39577982544,info@elettroservicesrl.info,+39577982517,,43.467296,11.124154,57956,,regular_dealer,False,False,False,,,False,,,regular-dealer; service-center; service-partner,Dal Lunedì al Venerdì | 8:00-12:00 / 14:00-19:00,Dal Lunedì al Venerdì | 8:00-12:00 / 14:00-19:00,"42.96784,10.91952"
C134857,Electra Commerciale S.p.A.,,Via San Gimignano 85,,53036,Poggibonsi,,IT,,,,,43.467873,11.143413,58483,,regular_dealer,False,False,False,,,False,,,regular-dealer,,,"42.96784,10.91952"
C205603,MARINI PANDOLFI SPA ,,Viale Toselli 110,,53100,Siena,Siena,IT,,,,,43.31942,11.350109,52426,,regular_dealer,False,False,False,,,False,,,regular-dealer,,,"42.96784,10.91952"
C163981,Edilcomit Ponteggi Srl,https://www.edilcomit.it,"via B. Zalaffi, 7",,53100,Siena,SI,IT,+390577378006,info@edilcomit.it,,,43.283044,11.379307,51191,,regular_dealer,False,False,False,,,False,,,regular-dealer,Da lunedì a venerdì: |08:00 - 12:30 e 14:00 - 18:00,,"42.96784,10.91952"
C131292,FPV SRL,,Via Dante Alighieri 25/31,,50028,Barberino Tavarnelle,Firenze,IT,055-806841,,,,43.48403,11.13659,60028,,regular_dealer,False,False,False,,,False,,,regular-dealer,,,"42.96784,10.91952"
C204901,CIAPONI MARCO SRL,,Via A. Volta 51,,56028,San Miniato Basso,Pisa,IT,0571 4453,,,,43.697388,10.828454,81451,,regular_dealer,False,False,False,,,False,,,regular-dealer,,,"42.96784,10.91952"
C080146,L'ELETTRICA SPA,http://www.lelettrica.it/,Via Caciagli 1/3 Z.I. Terrafino,,50053,Empoli,FI,IT,+395719511,chiasserini.s@lelettrica.it,+39571951206,,43.704847,10.905177,81955,,regular_dealer,False,False,False,,,False,,,regular-dealer,Dal Lunedì al Venerdì | 8:00-12:30 / 14:00-19:00,Dal Lunedì al Venerdì | 8:00-12:30 / 14:00-19:00,"42.96784,10.91952"
C205611,CAMBIELLI SPA,,Via Impruneta Snc,,50056,Montelupo,Firenze,IT,,,,,43.723619,11.005192,84319,,regular_dealer,False,False,False,,,False,,,regular-dealer,,,"42.96784,10.91952"
C205008,MATERIALI EDILI BALDACCI SNC,,Via Galileo Galilei 7A,,50059,Vinci -Loc.Sovigliana,Firenze,IT,0571-508538,,,,43.729508,10.935071,84698,,regular_dealer,False,False,False,,,False,,,regular-dealer,,,"42.96784,10.91952"
C080149,L'ELETTRICA SPA,http://www.lelettrica.it/,Via Charta 77,,50018,Scandicci,FI,IT,+3955753970,chiasserini.s@lelettrica.it,+398004624300,,43.763399,11.160113,90570,,regular_dealer,False,False,False,,,False,,,regular-dealer,Dal Lunedì al Venerdì | 7:30-12:30 / 14:00-18:00,Dal Lunedì al Venerdì | 7:30-12:30 / 14:00-18:00,"42.96784,10.91952"
C205594,MARINI PANDOLFI SPA ,,Via Dei Cadolingi 10,,50018,Scandicci,Firenze,IT,,,,,43.763108,11.165272,90629,,regular_dealer,False,False,False,,,False,,,regular-dealer,,,"42.96784,10.91952"
C204882,BIGAZZI EDILIZIA SRL,,Via Bibbiena 34,,50142,Firenze,Firenze,IT,055-7322219,,,,43.77117,11.19886,92131,,regular_dealer,False,False,False,,,False,,,regular-dealer,,,"42.96784,10.91952"
C080143,GORI MARCELLO,,"V.Le L. Cadorna, 38",,52025,Montevarchi,AR,IT,+3955900296,gorimarcello@alice.it,+39559103166,,43.533982,11.561126,81623,,regular_dealer,False,False,False,,,False,,,regular-dealer,Dal Lunedì al Venerdì | 8:30-20:30 | Sabato | 8:30-13:00,Dal Lunedì al Venerdì | 8:30-20:30 | Sabato | 8:30-13:00,"42.96784,10.91952"
C164063,GORI Sas,,"viale Cadorna, 38",,52025,Montevarchi,AR,IT,+39055900296,amministrazione@gorimarcello.it,,,43.533982,11.561126,81623,,regular_dealer,False,False,False,,,False,,,regular-dealer,Da lunedì a venerdì: |08:30 - 20:30 | Sabato |08:30 - 13:00,,"42.96784,10.91952"
C080148,L'ELETTRICA SPA,http://www.lelettrica.it/,Via Fiorentina 119/A,,50063,Figline Valdarno,FI,IT,+3955952223,chiasserini.s@lelettrica.it,+3955953135,,43.635716,11.455236,85986,,regular_dealer,False,False,False,,,False,,,regular-dealer,Dal Lunedì al Venerdì | 8:00-12:30 / 14:00-18:00,Dal Lunedì al Venerdì | 8:00-12:30 / 14:00-18:00,"42.96784,10.91952"
C205604,MARINI PANDOLFI SPA ,,Via G. Natta 2,,52025,Montevarchi,Arezzo,IT,,,,,43.540018,11.558333,81998,,regular_dealer,False,False,False,,,False,,,regular-dealer,,,"42.96784,10.91952"
C205027,PARRETTI RENATO EDILIZIA S.R.L,,Via D/Cantone 106-Osmannoro,,50019,Sesto Fiorentino,Firenze,IT,055/317125,,,,43.803058,11.174212,95120,,regular_dealer,False,False,False,,,False,,,regular-dealer,,,"42.96784,10.91952"
C080154,MARINI PANDOLFI SPA,http://www.marinipandolfi.it/,"Via Aretina, 161",,50136,Firenze,FI,IT,+3955623241,,+3955678302,,43.76892,11.289249,93951,,regular_dealer,False,False,False,,,False,,,regular-dealer,Dal Lunedì al Venerdì | 7:30-12:30 / 14:00-18:30,Dal Lunedì al Venerdì | 7:30-12:30 / 14:00-18:30,"42.96784,10.91952"
C205605,MARINI PANDOLFI SPA ,,"Via Traversa Valdichiana Est (Sp327), 166 ",,53049,Torrita di Siena ,Siena,IT,,,,,43.187013,11.801239,75642,,regular_dealer,False,False,False,,,False,,,regular-dealer,,,"42.96784,10.91952"
C163030,CON.LAF. Società Consortile arl,,"via De Le Prata, 114/2",,50041,Calenzano,FI,IT,+390558874719,amministrazione@conlaf.it,,,43.847062,11.152126,99549,,regular_dealer,False,False,False,,,False,,,regular-dealer,,,"42.96784,10.91952"
C080157,MARINI PANDOLFI SPA,http://www.marinipandolfi.it/,Via Monteverdi 20/22,,50041,Calenzano,FI,IT,+39558867301,,+39558876646,,43.8533,11.150781,100210,,regular_dealer,False,False,False,,,False,,,regular-dealer,Dal Lunedì al Venerdì | 8:00-12:30 / 14:30-18:30,Dal Lunedì al Venerdì | 8:00-12:30 / 14:30-18:30,"42.96784,10.91952"
C164062,TPC Group Srl,https://www.lineonline.it/,"via Filoteo Alberini, 25",,52011,Bibbiena,AR,IT,+390575049238,marco.raso@tpcgroup.it,,,43.694565,11.806083,108030,,regular_dealer,False,False,False,,,False,,,regular-dealer,Da lunedì a venerdì: |08:00 - 13:00 e 14:00 - 19:00 | Sabato: |08:30 - 12:00,,"42.96784,10.91952"
C205606,MARINI PANDOLFI SPA ,,La Ferrantina 33,,52011,Bibbiena,Arezzo,IT,,,,,43.70632,11.807577,109086,,regular_dealer,False,False,False,,,False,,,regular-dealer,,,"42.96784,10.91952"
C080177,FERRAMENTA L'UTENSILE SNC,https://www.ferramentalutensile.com/,"Via Torgianese, 15",,06083,Bastia Umbra,PG,IT,+39758002749,info@ferramentalutensile.com,+39758007540,,43.067583,12.547036,16746,,regular_dealer,True,True,False,,,False,,,expert-powertools; premium-partner; regular-dealer,Dal Lunedì al Venerdì | 7:30-19:30 | Sabato | 7:30-12:30,Dal Lunedì al Venerdì | 7:30-19:30 | Sabato | 7:30-12:30,"42.96784,12.39269"
C080175,A.T.I. FORNITURE INDUSTRIALI,https://www.atiutensileria.it/,"Via I Maggio, 5",,06019,Umbertide,PG,IT,+390757827401,info@utensileriaonline.it,+39759417189,,43.296277,12.349698,36685,,regular_dealer,True,True,False,,,False,,,expert-powertools; premium-partner; regular-dealer,Dal Lunedì al Venerdì | 8:00-13:00 / 14:30-18:30,Dal Lunedì al Venerdì | 8:00-13:00 / 14:30-18:30,"42.96784,12.39269"
C080170,TECNOUTENSILI S.N.C.,,"Via Fontanelle, 24",,60044,Fabriano,AN,IT,+397324802,tecnoutensili-snc@gmail.com,+397324802,,43.335726,12.899902,58017,,regular_dealer,True,True,False,,,False,,,expert-powertools; premium-partner; regular-dealer,Dal Lunedì al Venerdì | 8:30-12:30 / 14:00-19:00,Dal Lunedì al Venerdì | 8:30-12:30 / 14:00-19:00,"42.96784,12.39269"
C163797,Ferramenta Campana,,via Mazzini 11BA,,61049,Urbania,PU,IT,+390722319982,FERRAMENTACAMPANA@METAPEC.COM,+390722311217,,43.664653,12.527549,78242,,regular_dealer,True,True,False,,,False,,,expert-powertools; premium-partner; regular-dealer,,,"42.96784,12.39269"
C080168,CALLARELLI,http://www.callarelli.eu/,"Via Francesco Bruni, 10",,62027,San Severino Marche,MC,IT,+39733639384,callarelli@callarelli.eu,+39733638847,,43.239759,13.224369,73976,,regular_dealer,True,True,False,,,False,,,expert-powertools; premium-partner; regular-dealer,,,"42.96784,12.39269"
C134743,Il Cantiere S.r.l.,http://www.ilcantiere.biz,Via Papiria 60,,61032,Fano,,IT,,,,,43.799833,13.019331,105460,,TRADITIONAL_TRADE; regular_dealer,True,True,False,,,False,,company.b2b,expert-powertools; offline-traditional-trade; premium-partner; regular-dealer,lunedì - venerdì |07:30 - 12:00 e 13:30 - 17:30 | sabato |08:00 - 12:00,lunedì - venerdì |07:30 - 12:00 e 13:30 - 17:30 | sabato |08:00 - 12:00,"42.96784,12.39269"
C080200,ELECTRONIC’S TIME S.R.L.,https://electronicstime.it,"Via Buozzi, 85",,60131,Ancona,AN,IT,+39712863390,ancona@electronicstime.it,+39712863390,,43.566316,13.510192,112312,,regular_dealer,True,True,False,,,False,,,expert-powertools; premium-partner; regular-dealer,Dal Lunedì al Venerdì | 9:00-13:00 / 15:00-19:00,Dal Lunedì al Venerdì | 9:00-13:00 / 15:00-19:00,"42.96784,12.39269"
C080171,VAMA,https://www.vamaancona.com/,"V. Umani, 9 - Z.I Pip",,60131,Ancona,AN,IT,+39712868930,vamasnc@libero.it,+39712868930,,43.61583,13.518915,116183,,regular_dealer,True,True,False,,,False,,,expert-powertools; premium-partner; regular-dealer; service-center; service-partner,,,"42.96784,12.39269"
C080176,ELETTROM. MASCIOLINI SNC,http://www.masciolini.it/,V.Le Europa 7,,06083,Ospedalicchio di Bastia U.,PE,IT,+39758011505,info@masciolini.it,+39758011411,,43.074595,12.516552,15565,,regular_dealer,False,False,False,,,False,,,regular-dealer; service-center; service-partner,Dal Lunedì al Venerdì | 8:00-12:00 / 14:30-18:30 | Sabato | 8:00-13:00,Dal Lunedì al Venerdì | 8:00-12:00 / 14:30-18:30 | Sabato | 8:00-13:00,"42.96784,12.39269"
C205040,REMATARLAZZI SPA,,Via Dei Salici 20/22,,06083,Bastia Umbra,Perugia,IT,,,,,43.054003,12.55366,16219,,regular_dealer,False,False,False,,,False,,,regular-dealer,,,"42.96784,12.39269"
C249776,Agrieuro Srl,https://www.agrieuro.com,"Strada Provinciale 451, 50",,06049,Petrognano,PG,IT,+390743665130,,,,42.835613,12.678725,27548,,regular_dealer,False,False,False,,,False,,,regular-dealer,,,"42.96784,12.39269"
C164237,Felc Srl - Materiali per l'Edilizia,https://www.felcedilizia.it/,"via Faustana, 14",,06039,Trevi ,PG,IT,+390742381478,info@felcedilizia.it,,,42.863426,12.738,30421,,regular_dealer,False,False,False,,,False,,,regular-dealer,Lunedì-venerdì: |07:00 - 19:30 | Sabato: |07:00 - 13:00,,"42.96784,12.39269"
C204928,EDILGIORNI S.R.L.,,V.Le V. E. Orlando  3/Bis,,06012,Citta' Di Castello,Perugia,IT,,,,,43.453446,12.243834,55325,,regular_dealer,False,False,False,,,False,,,regular-dealer,,,"42.96784,12.39269"
C067119,Ferramenta Braganti Sas,,"via Biturgense, 96",,06012,Loc. Cerbara,PG,IT,+390758510926,info@ferramentabraganti.it,,,43.501656,12.209749,61176,,regular_dealer,False,False,False,,,False,,,regular-dealer,,,"42.96784,12.39269"
C204889,CAGNINI FERRAMENTA EDILIZIA SRL,,Frazione Maddalena 23,,62034,Muccia,Macerata,IT,0737646163,,,,43.076215,13.064378,55915,,regular_dealer,False,False,False,,,False,,,regular-dealer,,,"42.96784,12.39269"
C204999,LORENZONI EDILIZIA S.R.L.,,Via Del Lavoro 26,,61029,Canavaccio Di Urbino,Pesaro e Urbino,IT,072253574,,,,43.691873,12.69704,84184,,regular_dealer,False,False,False,,,False,,,regular-dealer,,,"42.96784,12.39269"
C136602,EDIL CONSORZIO METAURO S.R.L.,,Via Camillo Olivetti 11,,61036,Colli Al Metauro,Pesaro e Urbino,IT,0721876044,,,,43.761634,12.933974,98511,,regular_dealer,False,False,False,,,False,,,regular-dealer,,,"42.96784,12.39269"
C204945,EUROFERRAMENTA SRL,,Via Mazzini 89,,61022,Montecchio,Pesaro e Urbino,IT,0721-491685,,,,43.853341,12.779114,103287,,regular_dealer,False,False,False,,,False,,,regular-dealer,,,"42.96784,12.39269"
C205031,PERSICHINI STEFANO SRL,,C.Da San Marco Vecchio 18/B,,62010,Passo Di Treia,Macerata,IT,0733/541723,,,,43.289452,13.335558,84455,,regular_dealer,False,False,False,,,False,,,regular-dealer,,,"42.96784,12.39269"
C163341,Fratelli Fioretti Srl,https://www.fratellifioretti.it,"via Don A. Battistoni, 15",,60035,Jesi,AN,IT,+3907314925,info@utensileriafioretti.it,,,43.533644,13.268422,94803,,regular_dealer,False,False,False,,,False,,,regular-dealer,Lunedi a venerdi |08:00 - 12:30 e 15:00 - 19:00 | sabato |08:00 - 12:30,,"42.96784,12.39269"
C067417,REMATARLAZZI SPA,,Via Fratelli Kennedy 7,,62100,Macerata,,IT,,,,,43.259042,13.429305,90154,,regular_dealer,False,False,False,,,False,,,regular-dealer,,,"42.96784,12.39269"
C204930,EDILIZIA CASCIAROLI S.R.L.,,Via Dell'Artigianato 5/A,,63093,Roccafluvione,Ascoli Piceno,IT,0736365867,,,,42.842191,13.486567,90178,,regular_dealer,False,False,False,,,False,,,regular-dealer,,,"42.96784,12.39269"
C163588,LA PRIMA FERRAMENTA,https://laprimaferramenta.com,"via Raffaello Sanzio, 403",,60019,Senigaglia,AN,IT,+39071668458,comm@laprimaferramenta.it,,,43.732178,13.194995,106913,,regular_dealer,False,False,False,,,False,,,regular-dealer,lunedi / venerdi |08:00 - 19:30 | sabato |08:30 - 12:30 e 15:00 - 19:30,,"42.96784,12.39269"
C133674,CISAF MONTEMARCIANO S.R.L.S.,,Via Dell'Industria 13,,60018,Montemarciano,Ancona,IT,0719158229,,,,43.635283,13.329086,106059,,regular_dealer,False,False,False,,,False,,,regular-dealer,,,"42.96784,12.39269"
C204885,C.I.M.M.E. SRL,,Via Dell'Artigianato,,63016,Pedaso,Ascoli Piceno,IT,0734-937077,,,,42.84591,13.617088,100633,,regular_dealer,False,False,False,,,False,,,regular-dealer,,,"42.96784,12.39269"
C163587,GIACCHE' Srl,http://giaccchesrl.it,"Via Giovanni Agnelli, 16",,60027,Osimo,AN,IT,+390717211006,,,,43.498802,13.546743,110567,,regular_dealer,False,False,False,,,False,,,regular-dealer,lunedi a venerdi |07:00 - 12:00 e 13:30 - 18:00 | sabato |07:30 - 12:00,,"42.96784,12.39269"
C134107,Ripanti Edilizia S.r.l.,,Via Caduti Del Lavoro 25,,60131,Ancona,Ancona,IT,071-2861836,,,,43.571335,13.511278,112711,,regular_dealer,False,False,False,,,False,,,regular-dealer,,,"42.96784,12.39269"
C080169,GENNY MECCANICA S.R.L.,,"Via Pontida, 6",,63074,San Benedetto del Tronto,AP,IT,+39735615523,roberto@gennysrl.it,+39735610049,,42.900173,13.896682,7931,,regular_dealer,True,False,False,,,False,,,premium-partner; regular-dealer,,,"42.96784,13.86586"
C205029,EDILIZIA CIARROCCHI SNC,,Corso Mazzini 199,,63039,San Benedetto Del Tronto,Ascoli Piceno,IT,,,,,42.95681,13.875572,1458,,regular_dealer,False,False,False,,,False,,,regular-dealer,,,"42.96784,13.86586"
C205028,PEG Penta Edil Group srl,,Via Della Liberta' 11/13/15,,63013,Grottammare,Ascoli Piceno,IT,0735-631063,,,,42.981426,13.849751,1999,,regular_dealer,False,False,False,,,False,,,regular-dealer,,,"42.96784,13.86586"
C163972,Marini Gabriele Srl,,"Contrada S.Silvestro, 33",,63064,Cupramarittima,AP,IT,+390735777711,marini.gabriele@libero.it,,,43.021287,13.850548,6071,,regular_dealer,False,False,False,,,False,,,regular-dealer,Da lunedì a venerdì: |06:45 - 19:00 | Sabato |07:00 - 12:30,,"42.96784,13.86586"
C204948,FE.MA.C. S.N.C.,,Via 2 Giugno 11,,63076,Centobuchi Di Monteprandone,Ascoli Piceno,IT,0735701842,,,,42.896193,13.85498,8015,,regular_dealer,False,False,False,,,False,,,regular-dealer,,,"42.96784,13.86586"
C086794,Genny Srl,https://www.gennysrl.it,Via Dell' Industria 81,,63076,Monteprandone,,IT,+39 0735 6155,info@gennysrl.it,,,42.888163,13.855985,8895,,regular_dealer,False,False,False,,,False,,,regular-dealer,"Aperti dalle |8,00 alle 12,30 e dalle 14,00 alle 18,30",,"42.96784,13.86586"
C205056,T. & T.   SRL,,Via Dei Castani 18,,64014,Martinsicuro,Teramo,IT,,,,,42.869702,13.914966,11621,,regular_dealer,False,False,False,,,False,,,regular-dealer,,,"42.96784,13.86586"
C205030,NUOVA ASSOEDIL SRL,,Contrada S.Giovanni 13/A,,63037,Porto D'Ascoli,Ascoli Piceno,IT,0735-751308,,,,42.843597,13.807645,14605,,regular_dealer,False,False,False,,,False,,,regular-dealer,,,"42.96784,13.86586"
C067173,G. & C. INDUSTRIAL PROVIDER Srl,,"Via Primo Maggio, 155/157",,63078,Pagliare,AP,IT,+390736899750,riccardo@gecsnc.it,,,42.863966,13.769438,13965,,regular_dealer,False,False,False,,,False,,,regular-dealer,,,"42.96784,13.86586"
C136448,CO.MEDIL Srl,,"Strada Statale, 259",,64015,Nereto,TE,IT,+39086182325,comedilsrl@gmail.com,,,42.813886,13.819598,17528,,regular_dealer,False,False,False,,,False,,,regular-dealer,,,"42.96784,13.86586"
C204904,COMEDIL SRL,,Via F. Egidi 77,,63900,Fermo,Ascoli Piceno,IT,0734-53884-07,,,,43.158273,13.785494,22157,,regular_dealer,False,False,False,,,False,,,regular-dealer,,,"42.96784,13.86586"
C205039,REMATARLAZZI SPA,,Z.Ind.Le Marino Del Tronto,,63100,Ascoli Piceno,Ascoli Piceno,IT,,,,,42.844232,13.633006,23420,,regular_dealer,False,False,False,,,False,,,regular-dealer,,,"42.96784,13.86586"
C204892,CARDELLI SRL,,Via Martiri Belfiore 145,,62012,Civitanova Marche,Macerata,IT,3201897672,,,,43.294404,13.729513,37958,,regular_dealer,False,False,False,,,False,,,regular-dealer,,,"42.96784,13.86586"
C079966,CAMBIELLI EDILFRIULI SPA,https://www.cambielliedilfriuli.it/,Via Sonnino 43-45,,62012,Civitanova Marche,MC,IT,+3973382731,,+39733829554,,43.291037,13.70653,38191,,regular_dealer,False,False,False,,,False,,,regular-dealer,Dal Lunedì al Venerdì | 8:00-12:30 / 14:00-18:30,Dal Lunedì al Venerdì | 8:00-12:30 / 14:00-18:30,"42.96784,13.86586"
C163339,ELETTROMECCANICA COGNIGNI Snc,,"Via A. Pigafetta, 18",,62012,Civitanove Marche,MC,IT,+39073370116,info@elettromeccanicacognigni.it,,,43.325891,13.714155,41670,,regular_dealer,False,False,False,,,False,,,regular-dealer,Lunedi / venerdi |08:00 - 12:15 e 14:00 - 20:00 | sabato |08:00 - 12:15,,"42.96784,13.86586"
C163968,Loreto 2001,,"via Venezia, 20",,60026,Marcelli,AN,IT,+393355370120,ferramentaloreto2001@gmail.com,,,43.493355,13.625374,61594,,regular_dealer,False,False,False,,,False,,,regular-dealer,Lunedì - venerdì: |08:00 - 12:30 e 14:30 - 19:00 | sabato |08:00 - 12:30 e 16:00 - 19:00,,"42.96784,13.86586"
C079950,UTENSILERIA CUNEESE Srl,https://shop.utensileriacuneese.it/it,Via Negri Di Sanfront 6,,12020,Madonna dell'Olmo,CN,IT,+39171413222,info@utensileriacuneese.it,+39171417512,,44.425476,7.54068,93033,,regular_dealer,True,True,False,DELIVERY_TO_CONSTRUCTION; EXPRESS; NORMAL; PICKUP,APPLE_PAY; BANCONTACT; BANK_TRANSFER; CASH; CREDITCARD; DEBIT; INVOICE; MOBILE; PAYMENT_IN_ADVANCE; PAYPAL,False,,company.b2b; company.b2c; misc.waitingarea; misc.wifi,construction; expert-powertools; express; premium-partner; regular-dealer,Dal Lunedì al Venerdì | 8:00-12:30 / 14:30-18:30 | Sabato | 8:00-12:00,Dal Lunedì al Venerdì | 8:00-12:30 / 14:30-18:30 | Sabato | 8:00-12:00,"44.04581,6.50000"
C079927,BI.ERRE.DI. SPA,http://www.bierredi.it/bierredi/index.htm,Via della Motorizzazione 32,,12020,Madonna dell'Olmo,CN,IT,+39171413333,,,,44.424475,7.549797,93631,,regular_dealer,True,True,False,,,False,,,expert-powertools; premium-partner; regular-dealer,Dal Lunedì al Venerdì | 8:15-12:15 / 14:00-18:00,Dal Lunedì al Venerdì | 8:15-12:15 / 14:00-18:00,"44.04581,6.50000"
C079943,VIGLIANI DI VIGLIANI EUGENIO,http://www.vigliani.eu/,Via delle Rose 5,,10064,Pinerolo,TO,IT,+39 0121 303151,eugenio.vigliani@vigliani.eu,+39 0121 303181,,44.884118,7.306324,113057,,regular_dealer,True,True,False,,,False,,,expert-powertools; premium-partner; regular-dealer,Dal Lunedì al Venerdì | 8:30-12:30 / 15:00-19:00,Dal Lunedì al Venerdì | 8:30-12:30 / 15:00-19:00,"44.04581,6.50000"
C133008,Massucco di Verra Fulvio Srl,,via Cascina Colombaro 29,,12100,Cuneo,CN,IT,+39017167664,claudio@massuccoroberto.it,+39017167665,,44.377369,7.524133,89559,,regular_dealer,False,False,False,,,False,,,regular-dealer,,,"44.04581,6.50000"
C067165,F.LLI FERRERO SNC,,via Tiziano 4,,12100,Cuneo,CN,IT,+39017167377,shop@ferreroferramenta.it,,,44.38048,7.529251,90071,,regular_dealer,False,False,False,,,False,,,regular-dealer,,,"44.04581,6.50000"
C159362,Varrone Giuseppe,,Peveragno 38,,12012,Boves,CN,IT,,,,,44.330103,7.555547,89897,,regular_dealer,False,False,False,,,False,,,regular-dealer,,,"44.04581,6.50000"
C134849,Magazzino Edile Saluzzese Srl,,via Europa 6,,12026,Piasco,CN,IT,+39017544556,info@mesceramiche.it,+390175797938,,44.594829,7.480553,99049,,regular_dealer,False,False,False,,,False,,,regular-dealer,,,"44.04581,6.50000"
C175616,Dinamitek,https://www.dinamitek.com/it,"via Genova, 9",,12100,Cuneo,CN,IT,+390171602610,fabio@dinamitek.com,,,44.388033,7.587525,94649,,regular_dealer,False,False,False,,,False,,,regular-dealer,,,"44.04581,6.50000"
C079945,BRUNO S.R.L.,http://www.bruno-srl.it/it/,"Via Cuneo, 41/C",,12032,Barge,CN,IT,+3917530324,info@bruno-srl.it,+3917530347,,44.749035,7.40915,106444,,regular_dealer,False,False,False,,,False,,,regular-dealer,,,"44.04581,6.50000"
C205042,RETIFER DI PAROLA & C S.N.C,,Regione San Quirico 669,,12044,Centallo,Cuneo,IT,0171-214199,,,,44.488878,7.574156,98698,,regular_dealer,False,False,False,,,False,,,regular-dealer,,,"44.04581,6.50000"
C204984,IDROCENTRO S.P.A.,,Via Circonvall.G.Giolitti 100,,12030,Torre San Giorgio,Cuneo,IT,017/29121,,,,44.734083,7.527559,111902,,regular_dealer,False,False,False,,,False,,,regular-dealer,,,"44.04581,6.50000"
C079947,FERRAMENTA GERBAUDO SRL,http://www.ferramentagerbaudo.com/it/,"Via Gallimberti, 18",,10040,Piobesi Torinese,TO,IT,+39119657633,info@ferramentagerbaudo.com,+39119650026,,44.936866,7.609855,132532,,regular_dealer,False,False,False,,,False,,,regular-dealer,Dal Lunedì al Venerdì | 8:00-12:30 / 14:00-18:30 | Sabato | 8:00-12:30,Dal Lunedì al Venerdì | 8:00-12:30 / 14:00-18:30 | Sabato | 8:00-12:30,"44.04581,6.50000"
C079948,FRATELLI DONNA SRL,https://www.ferramentadonna.com/,Strada Degli Occhini 9/11/13,,10022,Carmagnola,TO,IT,+39119716126,,+39119721734,,44.83961,7.708999,130386,,regular_dealer,False,False,False,,,False,,,regular-dealer,Lunedì |14:00-19:00 | Dal Martedì al Venerdì | 8:15-12:00 / 14:00-19:00 | Sabato | 8:15- 12:30,Lunedì |14:00-19:00 | Dal Martedì al Venerdì | 8:15-12:00 / 14:00-19:00 | Sabato | 8:15- 12:30,"44.04581,6.50000"
C079934,GIEM GHIRARDELLI SRL,,"Via dei Mirti, 7",,18100,Imperia,IM,IT,+39183710778,info@giemghirardelli.it,,,43.89596,8.031151,16850,,regular_dealer,True,True,False,,,False,,,expert-powertools; premium-partner; regular-dealer,Dal Lunedì al Venerdì | 8:00-12:00 / 15:00-19:00,Dal Lunedì al Venerdì | 8:00-12:00 / 15:00-19:00,"44.04581,7.99972"
C079946,ELETTROMECCANICA BONELLI SRL,https://www.elettromeccanicabonelli.it/,VIA TRENTO 14,,12084,MONDOVI',,IT,,,,,44.405381,7.823623,42371,,regular_dealer,True,True,False,,,False,,,expert-powertools; premium-partner; regular-dealer,Dal Lunedì al Venerdì | 7:00-12:00 / 13:00-18:30 | Sabato | 8:00-12:00,Dal Lunedì al Venerdì | 7:00-12:00 / 13:00-18:30 | Sabato | 8:00-12:00,"44.04581,7.99972"
C079928,BI.ERRE.DI. SPA,http://www.bierredi.it/bierredi/index.htm,Via Galileo Ferraris 143,,17047,Vado Ligure,SV,IT,+39192160196,,,,44.27342,8.434664,42943,,regular_dealer,True,True,False,,,False,,,expert-powertools; premium-partner; regular-dealer,Dal Lunedì al Venerdì | 8:30-12:30 / 14:00-17:00,Dal Lunedì al Venerdì | 8:30-12:30 / 14:00-17:00,"44.04581,7.99972"
C079949,PROMIO UTENSILI SRL,https://www.promioutensili.com/,Via Dell' Acquedotto 2,,12051,Alba,CN,IT,+39 0173 281986,promio@promioutensili.com,+39 0173 282318,,44.687611,8.013857,71370,,regular_dealer,True,True,False,,,False,,,expert-powertools; premium-partner; regular-dealer,Dal Lunedì al Venerdì | 8:00-12:00 / 14:00-19:00 | Sabato | 8:00-12:00,Dal Lunedì al Venerdì | 8:00-12:00 / 14:00-19:00 | Sabato | 8:00-12:00,"44.04581,7.99972"
C079924,BI.ERRE.DI. SPA,http://www.bierredi.it/bierredi/index.htm,"Via Giuseppe Spataro, 40",,16151,Genova,GE,IT,+39106592011,acquisti@bierredi.it,+3910414339,,44.417245,8.884487,81696,,regular_dealer,True,True,False,,,False,,,expert-powertools; premium-partner; regular-dealer,Dal Lunedì al Venerdì | 8:30-17:30 | Sabato | 8:00-12:00,Dal Lunedì al Venerdì | 8:30-17:30 | Sabato | 8:00-12:00,"44.04581,7.99972"
C205005,MACCHINE EDILI REPETTO SRL,,Via Campoligure 24,,16162,Genova,Genova,IT,010-711391,,,,44.469989,8.895527,85518,,regular_dealer,True,True,False,,,False,,,expert-powertools; premium-partner; regular-dealer,,,"44.04581,7.99972"
C079925,BI.ERRE.DI. SPA,http://www.bierredi.it/bierredi/index.htm,Via del lavoro 19,,15100,Alessandria,AL,IT,+39131249883,,,,44.888463,8.616412,105702,,regular_dealer,True,True,False,,,False,,,expert-powertools; premium-partner; regular-dealer,Dal Lunedì al Venerdì | 8:30-12:30 / 14:00-17:30,Dal Lunedì al Venerdì | 8:30-12:30 / 14:00-17:30,"44.04581,7.99972"
C163125,Ravera France SAS,https://raveraonline.com/,Loc. Regione Cantone 4,,17031,Leca d'Albenga,SV,IT,+39018220395,LUCA.RAVERA@UTENSILIRAVERA.IT,,,44.074637,8.077382,6984,,regular_dealer,False,False,False,,,False,,,regular-dealer,Lun-Ven |8:00 - 12:00 / 14:00-18:30 | Sab |8:00 - 12:00,,"44.04581,7.99972"
C204972,FRANCESCO BAGLIETTO E FIGLIO S.R.L.,,Via Piave 33,,17047,Vado Ligure,Savona,IT,019-886400,,,,44.267585,8.4336,42497,,regular_dealer,False,False,False,,,False,,,regular-dealer,,,"44.04581,7.99972"
C079932,CASTA +,https://castagnino.it/,Corso Viglienzoni 64R 66R 68R,,17100,Savona,SV,IT,+39199171167,savona@castagnino.it,+39199171168,,44.302423,8.476361,47528,,regular_dealer,False,False,False,,,False,,,regular-dealer,Dal Lunedì al Venerdì | 8:00-12:30 / 14:00-19:00 | Sabato | 8:00-12:30,Dal Lunedì al Venerdì | 8:00-12:30 / 14:00-19:00 | Sabato | 8:00-12:30,"44.04581,7.99972"
C205015,MOLLO S.R.L. vc 14130,,Via Artigianato Loc. Vacche 59,,12051,Alba,Cuneo,IT,,,,,44.69478,8.029599,72197,,regular_dealer,False,False,False,,,False,,,regular-dealer,,,"44.04581,7.99972"
C079944,AMISANO FRATELLI SNC,,Via Umberto Nobile  16  Zona IndustriAle,,14100,Asti - Località Valleversa,AT,IT,,,,,44.921415,8.228976,99042,,regular_dealer,False,False,False,,,False,,,regular-dealer,,,"44.04581,7.99972"
C079930,CASTA +,https://castagnino.it/,Via Ciro Menotti 7/N,,16154,Sestri Ponente,GE,IT,+39108596750,castagnino@castagnino.it,+39108596751,,44.423533,8.852239,79852,,regular_dealer,False,False,False,,,False,,,regular-dealer,Dal Lunedì al Venerdì | 8:00-12:30 / 14:00-19:00 | Sabato | 8:00-12:30,Dal Lunedì al Venerdì | 8:00-12:30 / 14:00-19:00 | Sabato | 8:00-12:30,"44.04581,7.99972"
C205599,MARINI PANDOLFI SPA ,,Corso Ferdinando Maria Perrone 39 N-R,,16152,Genova,Genova,IT,,,,,44.4219,8.880366,81674,,regular_dealer,False,False,False,,,False,,,regular-dealer,,,"44.04581,7.99972"
C204952,FERLIGUR S.R.L.,,Via Chiesa Pietro 77-79-81/R,,16149,Genova,Genova,IT,010-6454022,,,,44.408181,8.897089,82069,,regular_dealer,False,False,False,,,False,,,regular-dealer,,,"44.04581,7.99972"
C079933,SCHWARZ & C. S.N.C.,http://www.schwarz.ge.it/,Via Milano 164 G,,16126,Genova,GE,IT,+39102473001,fabio@schwarz.ge.it,+39102472698,,44.408235,8.905136,82631,,regular_dealer,False,False,False,,,False,,,regular-dealer,Dal Lunedì al Domenica | 8:30-12:00 / 14:00-18:30,Dal Lunedì al Domenica | 8:30-12:00 / 14:00-18:30,"44.04581,7.99972"
C079923,ANTRA S.P.A.,,"Via Di Francia, 42/R",,16149,Genova,GE,IT,+39109091213,info@antra.it,+39109091298,,44.41037,8.904967,82735,,regular_dealer,False,False,False,,,False,,,regular-dealer,,,"44.04581,7.99972"
C079931,CASTA +,https://castagnino.it/,Via Romairone - Lotto 1.2 42/Er,,16163,Genova Bolzaneto,GE,IT,+39108596750,castagnino@castagnino.it,+39108596751,,44.472739,8.900589,86021,,regular_dealer,False,False,False,,,False,,,regular-dealer,Dal Lunedì al Venerdì | 8:00-12:30 / 14:00-19:00 | Sabato | 8:00-12:30,Dal Lunedì al Venerdì | 8:00-12:30 / 14:00-19:00 | Sabato | 8:00-12:30,"44.04581,7.99972"
C079929,CASTA +,,"Via G. Casaregis, 61/R",,16129,Genova,GE,IT,+3910310187,castacentro@castacentrosas.it,,,44.39717,8.94967,85182,,regular_dealer,False,False,False,,,False,,,regular-dealer,Dal Lunedì al Venerdì | 8:00-12:30 / 14:00-19:00 | Sabato | 8:00-12:30,Dal Lunedì al Venerdì | 8:00-12:30 / 14:00-19:00 | Sabato | 8:00-12:30,"44.04581,7.99972"
C159375,LIBONI S.N.C.,https://www.libonisnc.com,"Corso Sardegna, 117/119",,16142,GENOVA,GE,IT,010/515331,n.tartarini@liboni.it,,,44.408158,8.953811,86034,,regular_dealer,False,False,False,,,False,,,regular-dealer,,,"44.04581,7.99972"
C205598,MARINI PANDOLFI SPA ,,Via F. Casoni 3/R,,16143,Genova,Genova,IT,,,,,44.406304,8.958104,86241,,regular_dealer,False,False,False,,,False,,,regular-dealer,,,"44.04581,7.99972"
C079991,TROTTI ELETTROUTENSILI,http://www.trotti.eu/elettroutensili/servizi.html,Corso Romita 47,,15100,Alessandria,AL,IT,+39131253020,trottielettroutensili@gmail.com,+39131326286,,44.902137,8.621626,107239,,regular_dealer,False,False,False,,,False,,,regular-dealer; service-center; service-partner,Dal Lunedì al Venerdì | 8:30-12:00 / 14:30-18:30,Dal Lunedì al Venerdì | 8:30-12:00 / 14:30-18:30,"44.04581,7.99972"
C159446,FERRAMENTA SCARAZZINI,https://www.ferramentascarazzini.it/,"Spalto Marengo 115, 117, 119",,15121,Alessandria,,IT,+390131251230,info@ferramentascarazzini.it,,,44.912041,8.626541,108395,,regular_dealer,False,False,False,,,False,,,regular-dealer,,,"44.04581,7.99972"
C086545,ESSECI TECNICA Srl,,Via Clemente 50/A,,15122,Spinetaa Marengo,AL,IT,+390131610996,essecitecnica@libero.it,+390154691629,,44.891277,8.677157,108289,,regular_dealer,False,False,False,,,False,,,regular-dealer,,,"44.04581,7.99972"
C079926,BI.ERRE.DI. SPA,http://www.bierredi.it/bierredi/index.htm,Via delle Pianazze 25,,19100,La Spezia,SP,IT,+39187982128,,,,44.113185,9.88233,31487,,regular_dealer,True,True,False,,,False,,,expert-powertools; premium-partner; regular-dealer,Dal Lunedì al Venerdì | 8:30-12:30 / 14:00-18:00,Dal Lunedì al Venerdì | 8:30-12:30 / 14:00-18:00,"44.04581,9.49944"
C080163,GIANOLA SPA,http://www.gianola.it/,ViAle Xx Settembre 240/A,,54031,Avenza di Carrara,MS,IT,+3958555655,commerciale.fer@gianola.it,+3958550327,,44.052916,10.0611,44892,,regular_dealer,True,True,False,,,False,,,expert-powertools; premium-partner; regular-dealer,Dal Lunedì al Venerdì | 8:00-12:30 / 14:00-18:30 | Sabato | 8:00-12:30,Dal Lunedì al Venerdì | 8:00-12:30 / 14:00-18:30 | Sabato | 8:00-12:30,"44.04581,9.49944"
C133221,Centredile Srl,,via Pontenuovo Snc,,55045,Pietrasanta,LU,IT,+3905841855800,acquisti@centredilesrl.it,+3905841855801,,43.938446,10.233281,59903,,regular_dealer,True,True,False,,,False,,,expert-powertools; premium-partner; regular-dealer,,,"44.04581,9.49944"
C080167,SO.VE.CO. S.R.L.,https://www.sovecoversilia.it/,"Via Sassaia, 42/F",,55040,Piano di Mommio,Lucca,IT,+390584997401,info@sovecoversilia.it,,,43.896348,10.286425,65131,,regular_dealer,True,True,False,,,False,,,expert-powertools; premium-partner; regular-dealer,Dal Lunedì al Venerdì | 7:30-12:00 / 13:30-18:00 | Sabato | 7:30-12,Dal Lunedì al Venerdì | 7:30-12:00 / 13:30-18:00 | Sabato | 7:30-12,"44.04581,9.49944"
C080032,3 C CENTRO COMMERCIALE COPPI,https://www.ferramenta3c.com,"Via Veneto, 12",,43045,Fornovo di Taro,PR,IT,+395252639,3ccoppi@gmail.com,+395253334,,44.691238,10.09936,86162,,TRADITIONAL_TRADE; regular_dealer,True,True,False,PICKUP; EXPRESS; NORMAL,EC_CARD; CREDITCARD; DEBIT; BANK_TRANSFER,False,,company.b2b,expert-powertools; express; offline-traditional-trade; premium-partner; regular-dealer,Dal Lunedì al Venerdì | 8:30-12:30 / 15:00-19:00 | Sabato | 8:30-12:30,Dal Lunedì al Venerdì | 8:30-12:30 / 15:00-19:00 | Sabato | 8:30-12:30,"44.04581,9.49944"
C080026,BLACKOUT,https://www.blackoutgroup.it,Via Giovanni Zibordi 14,,42124,Reggio Emilia,RE,IT,+39522303083,info@blackout-mo.com,+39522300789,,44.710439,10.616954,115533,,regular_dealer,True,True,False,,,False,,,expert-powertools; premium-partner; regular-dealer; service-center; service-partner,Dal Lunedì alla Domenica | 8:00-12:30 / 14:00-18:30,Dal Lunedì alla Domenica | 8:00-12:30 / 14:00-18:30,"44.04581,9.49944"
C175807,Centredile srl,https://www.centredilesrl.it/,via del Secco 195,,55043,Lido di Camaiore,LU,IT,,lido@centredilesrl.it,,,43.907088,10.232534,60652,,regular_dealer,True,False,False,,,False,,,premium-partner; regular-dealer,,,"44.04581,9.49944"
C080031,VENETO SRL,https://www.venetosrl.it/,Via Giovanni Pascoli 9/A,,42020,Barco di Bibbiano,RE,IT,+39 522 875895,info@venetosrl.it,+39522243061,,44.692817,10.506923,107645,,DIY; ONLINE_PURE_PLAYER; regular_dealer,True,False,False,PICKUP; DELIVERY_TO_CONSTRUCTION; EXPRESS; NORMAL,CREDITCARD; DEBIT; PAYPAL; INVOICE; BANK_TRANSFER,False,,misc.wifi,construction; diy; express; premium-partner; regular-dealer,Dal Lunedì al Venerdì | 8:00-12:00 / 14:00-18:30,Dal Lunedì al Venerdì | 8:00-12:00 / 14:00-18:30,"44.04581,9.49944"
C205600,MARINI PANDOLFI SPA ,,Via Conturli 1,,16042,Carasco,Genova,IT,,,,,44.345817,9.350747,35401,,regular_dealer,False,False,False,,,False,,,regular-dealer,,,"44.04581,9.49944"
C205601,MARINI PANDOLFI SPA ,,Via Del Molo 36-38,,19126,La Spezia ,La Spezia ,IT,,,,,44.112054,9.85465,29313,,regular_dealer,False,False,False,,,False,,,regular-dealer,,,"44.04581,9.49944"
C134067,Calevo Srl,,via Provinciale 386,,19021,Romito Magra di Arcola,SP,IT,+390187988226,M.PEGOLLO@CALEVO.IT,,,44.097017,9.92359,34358,,regular_dealer,False,False,False,,,False,,,regular-dealer,,,"44.04581,9.49944"
C204944,ENERGY SAVING AND WOODS SRL,,Via Aurelia 212,,19038,Sarzana,La Spezia,IT,0187671796,,,,44.103978,9.975018,38536,,regular_dealer,False,False,False,,,False,,,regular-dealer,,,"44.04581,9.49944"
C163126,Edilbrico srls,,via Aurelia 300,,19038,Sarzana,SP,IT,+390187674584,INFO@EDILBRICO.EU,,,44.093358,9.992339,39730,,regular_dealer,False,False,False,,,False,,,regular-dealer,,,"44.04581,9.49944"
C205000,LUMACHELLI PIETRO & FIGLI SRL,,Viale Dei Mille 100,,54027,Pontremoli,Massa-Carrara,IT,,,,,44.369416,9.885981,47368,,regular_dealer,False,False,False,,,False,,,regular-dealer,,,"44.04581,9.49944"
C080147,L'ELETTRICA SPA,http://www.lelettrica.it/,Località Filanda,,54011,Aulla,MS,IT,+39187421639,chiasserini.s@lelettrica.it,+39187421643,,44.221509,9.972217,42486,,regular_dealer,False,False,False,,,False,,,regular-dealer,Dal Lunedì al Venerdì | 8:00-12:30 / 14:30-18:30,Dal Lunedì al Venerdì | 8:00-12:30 / 14:30-18:30,"44.04581,9.49944"
C163167,MAB FORNITURE Srl,https://www.mab-forniture.it,"via Igino Cocchi, 18",,54011,Aulla,MS,IT,+390187027081,salvettipablo@gmail.com,,,44.221484,9.972433,42500,,regular_dealer,False,False,False,,,False,,,regular-dealer,,,"44.04581,9.49944"
C205520,LUMACHELLI PIETRO & FIGLI SRL,,Strada Nazionale della Cisa,,54028,Villafranca Lunigiana,Massa-Carrara,IT,0187-830032,,,,44.29532,9.950693,45440,,regular_dealer,False,False,False,,,False,,,regular-dealer,,,"44.04581,9.49944"
C190178,Ferramenta Baudassi,,Via Nazionale 94/96,,43043,Borgotaro,PR,IT,+39052597644,enrico.baudassi@alice.it,,,44.488086,9.767527,53609,,regular_dealer,False,False,False,,,False,,,regular-dealer,,,"44.04581,9.49944"
C205607,MARINI PANDOLFI SPA ,,Viale Xx Settembre 177D,,54033,Carrara,Massa,IT,,,,,44.068681,10.077978,46298,,regular_dealer,False,False,False,,,False,,,regular-dealer,,,"44.04581,9.49944"
C205523,CALEVO SRL,,Via Gorizia 29,,54100,Marina di Massa,Massa-Carrara,IT,0585241844,,,,44.015481,10.104111,48455,,regular_dealer,False,False,False,,,False,,,regular-dealer,,,"44.04581,9.49944"
C080144,L'ELETTRICA SPA,http://www.lelettrica.it/,Via Catagnina 4,,54100,Massa,MS,IT,,chiasserini.s@lelettrica.it,,,44.034663,10.116222,49314,,regular_dealer,False,False,False,,,False,,,regular-dealer,Dal Lunedì al Venerdì | 8:00-12:30 / 14:00-18:30,Dal Lunedì al Venerdì | 8:00-12:30 / 14:00-18:30,"44.04581,9.49944"
C205035,POGGI S.R.L.,,Via Del Cesarino 49 - Stadio,,54100,Massa,Massa-Carrara,IT,0585/831218,,,,44.029561,10.11809,49482,,regular_dealer,False,False,False,,,False,,,regular-dealer,,,"44.04581,9.49944"
C205519,MAGAZZINI BRACCHI SRL,,Via Emilia 61/D,,55042,Forte dei Marmi,Lucca,IT,0584756610,,,,43.971987,10.177589,54849,,regular_dealer,False,False,False,,,False,,,regular-dealer,,,"44.04581,9.49944"
C205612,CAMBIELLI SPA,,Via Del Marmo Bianco - Loc. Portone 10,,55045,Pietrasanta,Lucca,IT,,,,,43.938554,10.223508,59135,,regular_dealer,False,False,False,,,False,,,regular-dealer,,,"44.04581,9.49944"
C133765,Magazzini Bracchi,,"via Esterna, 467",,55047,Seravezza,LU,IT,+390584756610,info@magazzinibracchi.it,,,43.993819,10.229711,58675,,regular_dealer,False,False,False,,,False,,,regular-dealer,,,"44.04581,9.49944"
C163162,2R Ferramenta,,"via Aurelia Nord, 216",,55049,Viareggio,LU,IT,,,,,43.882565,10.24791,62590,,regular_dealer,False,False,False,,,False,,,regular-dealer,lunedi a venerdi |08:00 - 12:30 e 14:30 - 18:30 | sabato |08:00 - 12:30,,"44.04581,9.49944"
C205024,OK METAL SRL,,Via Valletti 1/A,,55041,Camaiore,Lucca,IT,,,,,43.902795,10.260186,62915,,regular_dealer,False,False,False,,,False,,,regular-dealer,,,"44.04581,9.49944"
C205013,MOBILART UNO SRL,,Loc. Pantaline,,55036,Pieve Fosciana,Lucca,IT,058365137,,,,44.127815,10.393367,71973,,regular_dealer,False,False,False,,,False,,,regular-dealer,,,"44.04581,9.49944"
C163338,SERAFINI ATTILIO Srl,http://www.attilioserafini.it,"via S. Martino, 9",,55012,Capannori,LU,IT,+39058330037,amministrazione@attilioserafini.it,,,43.886323,10.55251,86120,,regular_dealer,False,False,False,,,False,,,regular-dealer,lunedi a venerdi |08:30 - 12:30 e 14:30 - 18:30 | sabato |08:30 - 12:30,,"44.04581,9.49944"
C190177,BETA Srl,https://www.betaparma.it/,Strada Martinella 60/A,,43124,Alberi,PR,IT,+390521968403,INFO@MANFREDIL.IT,,,44.741374,10.331781,101756,,regular_dealer,False,False,False,,,False,,,regular-dealer,,,"44.04581,9.49944"
C080035,LOTTICI,https://www.lotticielettroutensili.it/,V. Martinella 100,,43010,Alberi,PR,IT,+39521649703,amministrazione@mauriziolottici.it,+39521268163,,44.749159,10.334711,102563,,regular_dealer,False,False,False,,,False,,,regular-dealer; service-center; service-partner,Dal Lunedì al Venerdì | 8:00-12:00 / 14:00-18:30,Dal Lunedì al Venerdì | 8:00-12:00 / 14:00-18:30,"44.04581,9.49944"
C205047,RINALDI WALTER E C SAS DI MORINI MA,,Via Papa Giovanni Xxiii 17,,42020,San Polo D'Enza,Reggio Emilia,IT,0522873225,,,,44.632835,10.435434,98997,,regular_dealer,False,False,False,,,False,,,regular-dealer,,,"44.04581,9.49944"
C204961,FERRAMENTA MORI S.N.C.,,Via Liberta' 28,,42049,Sant'Ilario D'Enza,Reggio Emilia,IT,0522/672016,,,,44.760065,10.450804,109628,,regular_dealer,False,False,False,,,False,,,regular-dealer,,,"44.04581,9.49944"
C193003,Tool Service Srl,,via Augusto Piccard 8-8/A,,42124,Reggio Emilia,RE,IT,,AMMINISTRAZIONE@TOOLSERVICE-RE.IT,,,44.708036,10.608368,114840,,regular_dealer,False,False,False,,,False,,,regular-dealer,,,"44.04581,9.49944"
C205006,MAGLU DEI F.LLI MAGNANI M. & G. S.A,,Via Agnoletti 13/A,,42124,Reggio Emilia,Reggio Emilia,IT,0522-303944,,,,44.711947,10.617169,115653,,regular_dealer,False,False,False,,,False,,,regular-dealer,,,"44.04581,9.49944"
C205055,STEMSERVICE SRL,,Via Salvo D Acquisto 9,,42024,Castelnovo Di Sotto,Reggio Emilia,IT,0522-682756,,,,44.814077,10.560421,119973,,regular_dealer,False,False,False,,,False,,,regular-dealer,,,"44.04581,9.49944"
C080034,CATTI VALERIO,https://cattivAlerio.it,"Via G. Fattori, 3 - Chiozza",,42019,Scandiano,RE,IT,+39522857274,info@cattivalerio.it,+39522981591,,44.598845,10.704517,113886,,regular_dealer,False,False,False,,,False,,,regular-dealer,Dal Lunedì al Venerdì | 7:30-12:00 / 13:00-18:00 | Sabato | 7:30-12:30,Dal Lunedì al Venerdì | 7:30-12:00 / 13:00-18:00 | Sabato | 7:30-12:30,"44.04581,9.49944"
C159447,S.A.I. Electric S.p.A.,https://www.saielectric.it,viale Europa 65/B,,46019,Viadana,,IT,0375791104,info@saimaranello.it,,,44.93608,10.4927,126511,,regular_dealer,False,False,False,,,False,,,regular-dealer,,,"44.04581,9.49944"
C190888,Dallari Abrasivi Srl,,via Giovanni Pascoli 9/A,,42122,Reggio Emilia,RE,IT,+390522332644,INFO@DALLARIABRASIVI.IT,,,44.767293,10.674238,123057,,regular_dealer,False,False,False,,,False,,,regular-dealer,,,"44.04581,9.49944"
C204910,DASA SRL,,Via Galileo Galilei 49,,51100,Pistoia,Pistoia,IT,3357738280,,,,43.929066,10.931655,14058,,regular_dealer,True,True,False,,,False,,,expert-powertools; premium-partner; regular-dealer,,,"44.04581,10.99915"
C080027,FERRUTENSILE SRL,https://www.ferrutensile.it,Via del Maniscalco 10,,41013,Castefranco Emilia,MO,IT,+3959926260,info@ferrutensile.it,+3959920153,,44.58874,11.064547,60591,,regular_dealer,True,True,False,,,False,,,expert-powertools; premium-partner; regular-dealer,Dal Lunedì al Venerdì | 8:30-12:30 / 14:30-18:30,Dal Lunedì al Venerdì | 8:30-12:30 / 14:30-18:30,"44.04581,10.99915"
C205007,MARCO MARZADORI SRL.,,Via Calabria 2F,,40139,Bologna,Bologna,IT,051-545598,,,,44.47534,11.38452,56768,,regular_dealer,True,True,False,,,False,,,expert-powertools; premium-partner; regular-dealer,,,"44.04581,10.99915"
C136222,CILA CIICAI SCC,,"VIA UGO LA MALFA, 1",,40026,IMOLA,BOLOGNA,IT,0544683211,,,,44.376929,11.731564,69012,,regular_dealer,True,True,False,,,False,,,expert-powertools; premium-partner; regular-dealer,,,"44.04581,10.99915"
C080110,UTENSILERIA BONDENESE SRL,https://www.utensileriabondenese.it/,"Via Guido Rossa, 13",,44012,Bondeno,FE,IT,+39532893108,marco@utensileriabondenese.it,+39532892944,,44.897411,11.404838,100010,,regular_dealer,True,True,False,,,False,,,expert-powertools; premium-partner; regular-dealer,Dal Lunedì al Venerdì | 8:30-12:30 / 14:30-18:30,Dal Lunedì al Venerdì | 8:30-12:30 / 14:30-18:30,"44.04581,10.99915"
C080088,FERRAMENTA RANDI SRL,https://ferramenta-randi.business.site,Via Edison 8/2,,48022,Lugo,RA,IT,+3954522221,info@ferramentarandi.it,+3954531179,,44.432179,11.895172,83307,,regular_dealer,True,True,False,,,False,,,expert-powertools; premium-partner; regular-dealer,Dal Lunedì al Venerdì | 8:00-12:30 / 14:30-18:30 | Sabato | 8:30-12:30,Dal Lunedì al Venerdì | 8:00-12:30 / 14:30-18:30 | Sabato | 8:30-12:30,"44.04581,10.99915"
C080087,ELETTROMECCANICA ARTIGIANA Srl,http://www.elettromeccanicartigiana.com/,"Via Borelli, 3/5",,47122,Forlì,FO,IT,+39543721513,info@elettromeccanicartigiana.com,+39543721793,,44.221771,12.079661,88418,,regular_dealer,True,True,False,,,False,,,expert-powertools; premium-partner; regular-dealer,Dal Lunedì al Venerdì | 8:30-12:03/ 14:00-18:30,Dal Lunedì al Venerdì | 8:30-12:03/ 14:00-18:30,"44.04581,10.99915"
C080029,OSCAR UTENSILI S.R.L.,http://www.oscarutensili.it,Via R. Viganò 3/H,,40010,Bentivoglio,BO,IT,+3951863187,info@oscarutensili.it,+3951864173,,44.610083,11.370763,69354,,regular_dealer,True,False,False,,,False,,,premium-partner; regular-dealer,Dal Lunedì al Venerdì | 8:30-12:30 / 14:00-18:30,Dal Lunedì al Venerdì | 8:30-12:30 / 14:00-18:30,"44.04581,10.99915"
C205617,CAMBIELLI SPA,,Viale G. Manzini,,51101,Pistoia,Pistoia,IT,,,,,43.93023,10.941149,13663,,regular_dealer,False,False,False,,,False,,,regular-dealer,,,"44.04581,10.99915"
C134337,UMAP di DIDDI GIOVANNI Srl,,"via Sandro Penna, 19",,51100,Pistoia,PT,IT,+390573531212,info@umap.it,,,43.930226,10.935472,13824,,regular_dealer,False,False,False,,,False,,,regular-dealer,,,"44.04581,10.99915"
C080159,MARINI PANDOLFI SPA,http://www.marinipandolfi.it/,"Via Gora E Barbatole, 229/231",,51100,Pistoia,PT,IT,+39573400002,,+39573400337,,43.943215,10.896244,14067,,regular_dealer,False,False,False,,,False,,,regular-dealer,Dal Lunedì al Venerdì | 8:00-12:30 / 14:30-18:30,Dal Lunedì al Venerdì | 8:00-12:30 / 14:30-18:30,"44.04581,10.99915"
C205610,CAMBIELLI SPA,,Viale Adua 99,,51100,Pistoia,Pistoia,IT,,,,,43.933704,10.899951,14776,,regular_dealer,False,False,False,,,False,,,regular-dealer,,,"44.04581,10.99915"
C205595,MARINI PANDOLFI SPA ,,Via Galcianese 93/V,,59100,Prato,Prato,IT,,,,,43.881839,11.068745,19063,,regular_dealer,False,False,False,,,False,,,regular-dealer,,,"44.04581,10.99915"
C080145,L'ELETTRICA SPA,http://www.lelettrica.it/,Via dei Palli 6/A,,59100,Prato,PO,IT,+3957435538,chiasserini.s@lelettrica.it,+39574605332,,43.879802,11.066122,19220,,regular_dealer,False,False,False,,,False,,,regular-dealer,Dal Lunedì al Venerdì | 8:00-12:30 / 14:00-18:00,Dal Lunedì al Venerdì | 8:00-12:30 / 14:00-18:00,"44.04581,10.99915"
C205032,PIACENTINI EDILIZIA SRL,,Via Giardini Sud 220/222,,41026,Pavullo Nel Frignano,Modena,IT,053-621562,,,,44.330927,10.834331,34317,,regular_dealer,False,False,False,,,False,,,regular-dealer,,,"44.04581,10.99915"
C204979,GENERAL FISSAGGI SRL,,Via La Torre Petrona 17/A,,50038,Scarperia,Firenze,IT,0558-494133,,,,43.962639,11.346612,29287,,regular_dealer,False,False,False,,,False,,,regular-dealer,,,"44.04581,10.99915"
C204960,FERRAMENTA MARCHIONI,,Via Degli Olivetani 23,,40063,Monghidoro,Bologna,IT,0516554001,,,,44.219657,11.317782,31941,,regular_dealer,False,False,False,,,False,,,regular-dealer,,,"44.04581,10.99915"
C251014,Guidotti srl,,VIA DELLA SOTERNA 17/19,,50032,BORGO SAN LORENZO,FI,IT,0558459034,info@guidottisrl.com,0558459034,,43.958319,11.369782,31198,,regular_dealer,False,False,False,,,False,,,regular-dealer,Lunedì - Venerdì |08:30–12:30 e 15:00–19:00 | Sabato |08:30–12:30,,"44.04581,10.99915"
C203977,Ferramenta Ognibene Srl,,Ghiarone 3,,41014,Castelvetro di Modena,Modena,IT,+39059790070,,,,44.5045,10.94351,51193,,regular_dealer,False,False,False,,,False,,,regular-dealer,,,"44.04581,10.99915"
C134136,S.A.I. Electric S.p.A.,,"via Dino Ferrari, 46",,41053,Maranello,MO,IT,+390536941415,viadana@saimaranello.it,+390536943581,,44.530418,10.860647,54999,,regular_dealer,False,False,False,,,False,,,regular-dealer,,,"44.04581,10.99915"
C204929,EDILGROSSO S.R.L.,,Via Dell'Artigianato 7,,41042,Fiorano Modenese-Spezzano,Modena,IT,0536-843035,,,,44.537017,10.843194,56009,,regular_dealer,False,False,False,,,False,,,regular-dealer,,,"44.04581,10.99915"
C148155,FERRAMENTA VANDELLI MAURIZIO,,V.Le  Regina Pacis 38,,41049,Sassuolo,Modena,IT,0536-813402,,,,44.554169,10.786538,59002,,regular_dealer,False,False,False,,,False,,,regular-dealer,,,"44.04581,10.99915"
C204997,LINK GRUPPO SPA,,"Via G. Mazzini, N. 6",,40010,Bentivoglio,Bologna,IT,051-891911,,,,44.484066,11.373431,57120,,regular_dealer,False,False,False,,,False,,,regular-dealer,,,"44.04581,10.99915"
C204905,COMET SPA,,Via Michelino 105,,40127,Bologna,Bologna,IT,051-6079211,,,,44.51522,11.372601,60065,,regular_dealer,False,False,False,,,False,,,regular-dealer,,,"44.04581,10.99915"
C080033,BOLOGNA ELETTROUTENSILI,https://shop.bolognabatterie.it/,"Via dei Lapidari, 16",,40129,Bologna,BO,IT,+39513140086,info@bolognaelettroutensili.it,+3951551239,,44.537902,11.348623,61379,,regular_dealer,False,False,False,,,False,,,regular-dealer; service-center; service-partner,Dal Lunedì al Venerdì | 8:00-18:00,Dal Lunedì al Venerdì | 8:00-18:00,"44.04581,10.99915"
C205014,MOLLO S.R.L. vc 14130,,Via Enrico De Nicola 51,,41122,Modena,Modena,IT,,,,,44.651702,10.960852,67437,,regular_dealer,False,False,False,,,False,,,regular-dealer,,,"44.04581,10.99915"
C080025,AGRIFER DI CASARINI S.N.C.,https://agrifermodena.it,"Via Nonantolana, 955",,41122,Modena,MO,IT,+3959260453,commerciale@agrifermodena.it,+3959260253,,44.660064,10.964053,68355,,regular_dealer,False,False,False,,,False,,,regular-dealer,Dal Lunedì al Venerdì | 8:00-12:30 / 14:30-19:00 | Sabato | da ottobre a maggio 8:00-12:30,Dal Lunedì al Venerdì | 8:00-12:30 / 14:30-19:00 | Sabato | da ottobre a maggio 8:00-12:30,"44.04581,10.99915"
C204906,COMET SPA,,Via E. Mattei 3,,40054,Budrio,Bologna,IT,0516928585,,,,44.517786,11.532889,67521,,regular_dealer,False,False,False,,,False,,,regular-dealer,,,"44.04581,10.99915"
C205004,MACCAFERRI UTENSILERIA SRL,,Via F.Lli Rosselli 4,,44042,Cento,Ferrara,IT,051-6836466,,,,44.729976,11.286799,79431,,regular_dealer,False,False,False,,,False,,,regular-dealer,,,"44.04581,10.99915"
C193000,Elettromeccanica Calzolari,,"via della costituzione, 162",,42042,Fabbrico,RE,IT,+390522665507,commerciale@calzolarire.it,,,44.869516,10.840666,92447,,regular_dealer,False,False,False,,,False,,,regular-dealer,,,"44.04581,10.99915"
C067112,FERCOM S.N.C.,,"Via R. Sella, 15",,48018,Faenza,Ravenna,IT,0546-622218,,,,44.298196,11.867832,74745,,regular_dealer,False,False,False,,,False,,,regular-dealer,,,"44.04581,10.99915"
C205063,UTENSILERIA TECNUT SRL,,Via Zannoni 11,,48018,Faenza,Ravenna,IT,054629505,,,,44.290876,11.87231,74780,,regular_dealer,False,False,False,,,False,,,regular-dealer,,,"44.04581,10.99915"
C205070,VITTORIO TANI ELETTROMECCANICA,,Corso Garibaldi 83/A,,48018,Faenza,Ravenna,IT,0546/28696,,,,44.291236,11.887548,75927,,regular_dealer,False,False,False,,,False,,,regular-dealer,,,"44.04581,10.99915"
C133395,Babini Rivendita Edile ,,"Via dell'Artigianato, 26",,48034,Fusignano,RA,IT,+39054552659,babini.rivendita@gmail.com,,,44.46119,11.947887,88554,,regular_dealer,False,False,False,,,False,,,regular-dealer,,,"44.04581,10.99915"
C205022,NUOVA SALFEP SRL,,Via Antonio Meucci 8,,47122,Forli',Forlì-Cesena,IT,0543798480,,,,44.225126,12.078426,88403,,regular_dealer,False,False,False,,,False,,,regular-dealer,,,"44.04581,10.99915"
C204966,FERROTECNICA  SRL,,Via Classicana 556,,48124,Ravenna,Ravenna,IT,0544-500190,,,,44.416328,12.165059,101613,,regular_dealer,False,False,False,,,False,,,regular-dealer,,,"44.04581,10.99915"
C067105,FANTAFER S.A.S,,Via Ravennate 635,,47023,Cesena,Forlì-Cesena,IT,0547-384242,,,,44.153474,12.242007,99958,,regular_dealer,False,False,False,,,False,,,regular-dealer,,,"44.04581,10.99915"
C080071,O.R.E. SRL,http://www.oreutensili.com/,V. Sassonia 16/G,,47900,Rimini,RN,IT,+39541741003,info@oreutensili.com,+39541741023,,44.064365,12.532581,3393,,TRADITIONAL_TRADE; regular_dealer,True,True,False,PICKUP; DELIVERY_TO_CONSTRUCTION; EXPRESS; NORMAL,APPLE_PAY; CASH; CREDITCARD; DEBIT; PAYPAL; INVOICE,False,,company.b2b; company.b2c,construction; expert-powertools; express; offline-traditional-trade; premium-partner; regular-dealer; service-center; service-partner,Lunedì-Venerdì |08:00 - 18:00 | Sabato |08:00 - 12:00,Lunedì-Venerdì |08:00 - 18:00 | Sabato |08:00 - 12:00,"44.04581,12.49887"
C248668,GENGHINI FERRAMENTA UTENSILIERIA SRL,,VIA DON MASI 10/12,,47833,MORCIANO DI ROMAGNA,,IT,,,,,43.919586,12.662063,19168,,regular_dealer,True,True,False,,,False,,,expert-powertools; premium-partner; regular-dealer,,,"44.04581,12.49887"
C080086,BEDA EDIL S.R.L.,http://www.bedaedil.it/,"Via G. Giolitti, 212/1",,61100,Pesaro,PS,IT,+390721451573,info@bedaedil.it,+390721410461,,43.898423,12.899645,36014,0,ONLINE_PURE_PLAYER; TRADITIONAL_TRADE; regular_dealer,True,True,False,DELIVERY_TO_CONSTRUCTION; EXPRESS; NORMAL; PICKUP,BANK_TRANSFER; CASH; CREDITCARD; DEBIT; EC_CARD; INVOICE; MOBILE; PAYMENT_IN_ADVANCE; PAYPAL,False,,company.b2b; misc.waitingarea,construction; expert-powertools; express; offline-traditional-trade; premium-partner; regular-dealer,Dal Lunedì al Venerdì | 8:00-12:30 / 14:30-19:00 | Sabato | 8:00-12:30,Dal Lunedì al Venerdì | 8:00-12:30 / 14:30-19:00,"44.04581,12.49887"
C080089,GENGHINI SNC,https://www.shopferramenta.com/,"Via Don Masi, 10/12",,47833,Morciano di Romagna,RN,IT,+39541988389,acquisti@genghini.com,+39541987602,,43.919609,12.66205,19166,,regular_dealer,True,False,False,,,False,,,premium-partner; regular-dealer,"Dal Lunedì, Martedì, Mercoledì, Venerdì e Sabato | 8:00-12:30 / 14:30-19:00 | Giovedì | 8:00-12:30","Dal Lunedì, Martedì, Mercoledì, Venerdì e Sabato | 8:00-12:30 / 14:30-19:00 | Giovedì | 8:00-12:30","44.04581,12.49887"
C151122,Il Cantiere Srl,http://www.ilcantiere.biz,Via Toscana 74/76,,61122,Pesaro,,IT,0721-202878,commerciale2@ilcantiere.biz,,,43.906468,12.878084,34069,,TRADITIONAL_TRADE; regular_dealer,True,False,False,,,False,,company.b2b,offline-traditional-trade; premium-partner; regular-dealer,Lunedì - venerdì |07:30 - 12:00 e 14:00 17:30,Lunedì - venerdì |07:30 - 12:00 e 14:00 17:30,"44.04581,12.49887"
C086873,THE UCCI'S,,Via Emilia 294/A,,47922,Santa Giustina Di Rimini,Rimini,IT,0541682085,,,,44.068675,12.485749,2750,,regular_dealer,False,False,False,,,False,,,regular-dealer,,,"44.04581,12.49887"
C204895,CENTER FER S.R.L,,Via Campolungo 57,,47890,Dogana Di S. Marino Rn,,SM,0549 905162,,,,43.980541,12.490013,7291,,regular_dealer,False,False,False,,,False,,,regular-dealer,,,"44.04581,12.49887"
C204907,COMIFER S.R.L,,Via Vitalis Di Giovanni 7,,47890,Galazzano (S.Marino Rep.),,SM,0549/908030,,,,43.978944,12.479635,7592,,regular_dealer,False,False,False,,,False,,,regular-dealer,,,"44.04581,12.49887"
C204934,ELETTROMECC. PAGLIERANI S.N.C.,,Via Roma 57,,47039,Savignano Sul Rubicone,Forlì-Cesena,IT,0541-945519,,,,44.093803,12.403628,9293,,regular_dealer,False,False,False,,,False,,,regular-dealer,,,"44.04581,12.49887"
C067116,FERRAMENTA ADRIATICA SNC,,V.Le Locatelli 10-A/B,,47900,Miramare Di Rimini,Rimini,IT,0541-373430,,,,44.031439,12.617775,9637,,regular_dealer,False,False,False,,,False,,,regular-dealer,,,"44.04581,12.49887"
C067476,ZAMMARCHI SPA,,Via F. Parri 15,,47039,Savignano Sul Rubicone,Forlì-Cesena,IT,0541-944752,,,,44.091107,12.374176,11162,,regular_dealer,False,False,False,,,False,,,regular-dealer,,,"44.04581,12.49887"
C204942,ELETTROMECCANICA VENETA S.R.L.,,Via Respighi 1,,47043,Gatteo Mare,Forlì-Cesena,IT,,,,,44.162872,12.42617,14251,,regular_dealer,False,False,False,,,False,,,regular-dealer,,,"44.04581,12.49887"
C204962,FERRAMENTA NERI SRL,,Via Emilia 89,,47838,Riccione,Rimini,IT,0541-644380,,,,44.009681,12.643443,12236,,regular_dealer,False,False,False,,,False,,,regular-dealer,,,"44.04581,12.49887"
C204938,ELETTROMECCANICA F.LLI CECCAROLI SR,,Via Del Commercio 8,,47838,Riccione,Rimini,IT,0541605848,,,,43.992912,12.63828,12603,,regular_dealer,False,False,False,,,False,,,regular-dealer,,,"44.04581,12.49887"
C204877,ATTREZZATURE EDILI,,Via Del Lavoro 3,,47838,Riccione,Rimini,IT,0541/601427,,,,43.99067,12.642568,13023,,regular_dealer,False,False,False,,,False,,,regular-dealer,,,"44.04581,12.49887"
C204939,ELETTROMECCANICA GIOVANARDI,,Via Della Pace 8,,47035,Gambettola,Forlì-Cesena,IT,3403167497,,,,44.109323,12.334969,14875,,regular_dealer,False,False,False,,,False,,,regular-dealer,,,"44.04581,12.49887"
C204941,ELETTROMECCANICA MUCCIOLI MARC,,Via Nazionale Adriatica 151,,47843,Misano Adriatico,Rimini,IT,0541-614053,,,,43.974342,12.694255,17529,,regular_dealer,False,False,False,,,False,,,regular-dealer,,,"44.04581,12.49887"
C086671,UA UTENSILERIA ADRIATICA SRL,,Via Pineta Formica 5,,48015,Cervia,Ravenna,IT,0544/71755,,,,44.253153,12.348202,25999,,regular_dealer,False,False,False,,,False,,,regular-dealer,,,"44.04581,12.49887"
C204923,DITTA ARTURO MANCINI S.R.L.,,Via J. Gagarin 23,,61122,Pesaro,Pesaro e Urbino,IT,0721-4211,,,,43.906293,12.887257,34733,,regular_dealer,False,False,False,,,False,,,regular-dealer,,,"44.04581,12.49887"
C080052,ZANUTTA S.P.A.,https://www.zanuttaspa.it/,"Via Josip Ressel, 9",,34018,San Dorligo della Valle,TS,IT,+39402821132,mbabudri@zanuttaspa.it,,,45.608867,13.823148,218291,,regular_dealer,True,True,False,,,False,,,expert-powertools; premium-partner; regular-dealer,Dal Lunedì al Venerdì | 7:30-12:00 / 13:30-18:00 | Sabato | 8:00-12:00,Dal Lunedì al Venerdì | 7:30-12:00 / 13:30-18:00 | Sabato | 8:00-12:00,"44.04581,15.49831"
C080042,FERROJULIA SRL,https://www.ferrojulia.it,"Via Grado, 48",,34074,Monfalcone,GO,IT,+39481719111,furlanetto@ferrojulia.it,+39481484944,,45.798068,13.525284,249159,,regular_dealer,True,True,False,,,False,,,expert-powertools; premium-partner; regular-dealer,Dal Lunedì al Venerdì | 8:00-12:00 / 14:00-18:00,Dal Lunedì al Venerdì | 8:00-12:00 / 14:00-18:00,"44.04581,15.49831"
C080076,PONTAROLO COMMERCIALE,https://www.gruppogame.com/,"VIA AQUILEIA, 87",,33052,CERVIGNANO,,IT,,,,,45.811729,13.34191,259536,,regular_dealer,False,True,False,,,False,,,expert-powertools; regular-dealer,Dal Lunedì al Venerdì | 7:30-12:00 / 14:00-18:30,Dal Lunedì al Venerdì | 7:30-12:00 / 14:00-18:30,"44.04581,15.49831"
C080060,ZANUTTA S.P.A.,https://www.zanuttaspa.it/,Via Castions 5,,33055,Muzzana del Turgnano,UD,IT,+3943169003,czorzin@zanuttaspa.it,+39431698907,,45.820415,13.133805,271222,,regular_dealer,False,True,False,,,False,,,expert-powertools; regular-dealer,Dal Lunedì al Venerdì | 7:00-12:30 / 13:30-18:30 | Sabato | 7:30-12:30,Dal Lunedì al Venerdì | 7:00-12:30 / 13:30-18:30 | Sabato | 7:30-12:30,"44.04581,15.49831"
C080061,ZANUTTA S.P.A.,https://www.zanuttaspa.it/,Borgo Rozzol 1683 Via Carnaro,,34139,Trieste,TS,IT,+3940910806,fceballos@zanuttaspa.it,,,45.638379,13.817862,221141,,regular_dealer,True,False,False,,,False,,,premium-partner; regular-dealer,Dal Lunedì al Venerdì | 7:00-17:00 | Sabato | 8:00-12:00,Dal Lunedì al Venerdì | 7:00-17:00 | Sabato | 8:00-12:00,"44.04581,15.49831"
C079975,CAMBIELLI EDILFRIULI SPA,https://www.cambielliedilfriuli.it/,"P.Le Legnami, 1",,34145,Trieste,TS,IT,+39403883911,,+3940814214,,45.633611,13.779202,222562,,regular_dealer,False,False,False,,,False,,,regular-dealer,Dal Lunedì al Venerdì | | 8:00-12:00 / 13:30-17:30,Dal Lunedì al Venerdì | | 8:00-12:00 / 13:30-17:30,"44.04581,15.49831"
C080128,GRUPPO TABOGA,https://www.gruppotaboga.it/,"Via dell'Industria, 38",,34144,Trieste,TS,IT,+3940767016,info.trieste@gruppotaboga.it,,,45.640264,13.776942,223253,,regular_dealer,False,False,False,,,False,,,regular-dealer,Dal Lunedì al Venerdì | 7:30-12:00 / 13:00-17:00 | Sabato | 8:00-12:00,Dal Lunedì al Venerdì | 7:30-12:00 / 13:00-17:00 | Sabato | 8:00-12:00,"44.04581,15.49831"
C080044,TECNICA SAN GIORGIO SRL,https://tecnista.it/pages/chi-siamo,Via Giovanni Da Udine 40,,33058,San Giorgio di Nogaro,UD,IT,+39431621270,elisabetta.corsi@tecnicasangiorgio.it,+3943165357,,45.829557,13.203886,268210,,regular_dealer,False,False,False,,,False,,,regular-dealer,Dal Lunedì al Venerdì | 8:30-12:30 / 14:00-18:00,Dal Lunedì al Venerdì | 8:30-12:30 / 14:00-18:00,"44.04581,15.49831"
C080068,G. DAMIANI S.R.L.,http://www.gdamiani.it/,VIA CRIMEA 17 - FR.PERCOTO,,33050,PAVIA DI UDINE,,IT,,,,,45.973576,13.329281,359267,,regular_dealer,True,True,False,,,False,,,expert-powertools; premium-partner; regular-dealer,Lunedì | 8:00-12:00 | Dal Martedì al Venerdì | 8:00-12:00 / 15:00-19:00 | Sabato | 8:00-12:00 /14:00-18:00,Lunedì | 8:00-12:00 | Dal Martedì al Venerdì | 8:00-12:00 / 15:00-19:00 | Sabato | 8:00-12:00 /14:00-18:00,"44.04581,16.99803"
C080078,RAMINELLI LUIGI,https://www.raminelli.it/,"VIA MONTE COGLIANS, 12",,33072,CASARSA DELLA DELIZIA,,IT,,,,,45.963684,12.842892,390024,,regular_dealer,True,True,False,,,False,,,expert-powertools; premium-partner; regular-dealer,Dal Lunedì al Venerdì | 7:30-12:00 / 13:30-18:00 | Sabato | 8:00-12:00,Dal Lunedì al Venerdì | 7:30-12:00 / 13:30-18:00 | Sabato | 8:00-12:00,"44.04581,16.99803"
C162726,SIMONETTI GIUSEPPE & C. SAS,https://www.gruppogame.com/simonetti,"VIA CADAMURE, 2",,31045,MOTTA DI LIVENZA,,IT,,,,,45.755875,12.615374,393997,,regular_dealer,True,True,False,,,False,,,expert-powertools; premium-partner; regular-dealer,,,"44.04581,16.99803"
C080036,GERI FERRAMENTA INDUSTRIALE S.R.L.,https://www.geripaolo.it/,"Via Verdi, 46/A",,31046,Oderzo,TV,IT,+39422716350,giovanni@ferramentaindustriale.it,+39422814321,,45.797123,12.49859,404148,,regular_dealer,True,True,False,,,False,,,expert-powertools; premium-partner; regular-dealer,Dal Lunedì al Venerdì | 8:00-12:00 / 14:00-18:00 | Sabato | 9:00-12:00,Dal Lunedì al Venerdì | 8:00-12:00 / 14:00-18:00 | Sabato | 9:00-12:00,"44.04581,16.99803"
C080040,S.A.E.,https://saetreviso.it/,V. Postumia 26,,31100,Treviso,TV,IT,+39422460443,vendita@saetreviso.it,+39422460316,,45.661663,12.274717,413300,,DIY; TRADITIONAL_TRADE; regular_dealer,True,True,False,EXPRESS; NORMAL; PICKUP,BANK_TRANSFER; CASH; CREDITCARD; DEBIT; EC_CARD; INVOICE; MOBILE,False,,company.b2b; company.b2c; misc.wifi,diy; expert-powertools; express; offline-traditional-trade; premium-partner; regular-dealer; service-center; service-partner,Dal Lunedì al Venerdì | 8:30-12:00 / 14:00-18:00,Dal Lunedì al Venerdì | 8:30-12:00 / 14:00-18:00,"44.04581,16.99803"
C080039,LB BOTTER S.R.L.,https://www.lbbotter.it/,"Via G. Zanella, 65",,31100,Treviso,TV,IT,+39422302917,acquisti@lbbotter.it,+39422301207,,45.668886,12.262365,414504,,regular_dealer,True,True,False,,,False,,,expert-powertools; premium-partner; regular-dealer,Dal Lunedì al Venerdì | 8:00-12:00 / 14:00-18:30 | Sabato | 9:00-12:00,Dal Lunedì al Venerdì | 8:00-12:00 / 14:00-18:30 | Sabato | 9:00-12:00,"44.04581,16.99803"
C067113,FER-COM,,"via dell'artigianato, 4",,32100,Belluno,BL,IT,+39043731610,info@fer-com.com,,,46.164872,12.240092,441401,,regular_dealer,True,True,False,,,False,,,expert-powertools; premium-partner; regular-dealer,,,"44.04581,16.99803"
C135592,MONEGO S.R.L.,,Via Mirabei 1/A,,32036,Sedico,Belluno,IT,437852136,,,,46.115341,12.098736,448107,,regular_dealer,True,True,False,,,False,,,expert-powertools; premium-partner; regular-dealer,,,"44.04581,16.99803"
C162716,DIAMANTE LUIGI,,"VIA SAVORGNANO, 24",,33078,S. VITO AL TAGLIAMENTO,,IT,,,,,45.907726,12.856306,385905,,regular_dealer,False,True,False,,,False,,,expert-powertools; regular-dealer,,,"44.04581,16.99803"
C080070,NALON,https://www.gruppogame.com/nalon/,VIA SAMBRUSON 14,,30034,MIRA,,IT,,,,,45.417471,12.127642,413754,,regular_dealer,False,True,False,,,False,,,expert-powertools; regular-dealer,Dal Lunedì al Venerdì | 7:30-12:00 / 13:30-19:00 | Sabato | 8:00-12:00,Dal Lunedì al Venerdì | 7:30-12:00 / 13:30-19:00 | Sabato | 8:00-12:00,"44.04581,16.99803"
C080066,F.LLI ZOFF,https://www.gruppogame.com/zoff/,"Via Udine, 143/151",,34170,Lucinico,GO,IT,+39481390066,fratellizoff@gmail.com,,,45.935272,13.563899,342088,,regular_dealer,True,False,False,,,False,,,premium-partner; regular-dealer,Dal Lunedì al Venerdì | 7:30-12:00 / 13:30-18:00 | Sabato | 8:00-12:00,Dal Lunedì al Venerdì | 7:30-12:00 / 13:30-18:00 | Sabato | 8:00-12:00,"44.04581,16.99803"
C080064,EDIL NORD,http://www.edilnord.net/,"ViAle Libertà, 90",,33043,Cividale del Friuli,UD,IT,+39432731252,info@edilnord.net,+39432700796,,46.096374,13.430598,361127,,regular_dealer,True,False,False,,,False,,,premium-partner; regular-dealer,Dal Lunedì al Venerdì | 7:30-12:00 / 13:00-18:00 | Sabato | 8:00-12:00,Dal Lunedì al Venerdì | 7:30-12:00 / 13:00-18:00 | Sabato | 8:00-12:00,"44.04581,16.99803"
C080069,GRUPPO TABOGA,https://www.gruppotaboga.it/,"P.Le Udine, 5",,33050,Mortegliano,UD,IT,+39432760126,paolo.t@gruppotaboga.it,,,45.945165,13.173096,367426,,regular_dealer,True,False,False,,,False,,,premium-partner; regular-dealer,Dal Lunedì al Venerdì | 7:30-12:00 / 13:30-18:00 | Sabato | 8:00-12:00,Dal Lunedì al Venerdì | 7:30-12:00 / 13:30-18:00 | Sabato | 8:00-12:00,"44.04581,16.99803"
C080058,ZANUTTA S.P.A.,https://www.zanuttaspa.it/,ViAle Tricesimo 200,,33100,Udine,UD,IT,+3943244166,ppertoldi@zanuttaspa.it,,,46.092297,13.231208,373126,,regular_dealer,True,False,False,,,False,,,premium-partner; regular-dealer,Dal Lunedì al Venerdì | 7:30-12:30 / 13:30-18:30 | Sabato | 8:00-12:00,Dal Lunedì al Venerdì | 7:30-12:30 / 13:30-18:30 | Sabato | 8:00-12:00,"44.04581,16.99803"
C080063,EDIL MARTIGNACCO,http://edilmartignacco.it/,"Via Spilimbergo, 153/155",,33035,Torreano di Martignacco,UD,IT,+39432400509,negozio@edilmartignacco.it,+39432542990,,46.080782,13.177209,375746,,regular_dealer,True,False,False,,,False,,,premium-partner; regular-dealer,Dal Lunedì al Venerdì | 7:30-12:00 / 13:30-18:00 | Sabato | 8:00-12:00,Dal Lunedì al Venerdì | 7:30-12:00 / 13:30-18:00 | Sabato | 8:00-12:00,"44.04581,16.99803"
C162724,VENUTI LINO COMMERCIALE,https://www.gruppogame.com/venuti/,"via Udine, 57",,33017,TARCENTO ,UD,IT,0432 784319,info@venuticommerciale.it,0432 784912,,46.210027,13.213067,382112,,regular_dealer,True,False,False,,,False,,,premium-partner; regular-dealer,martedì - venerdì : 8-12 14-18 | Lunedì e Sabato:|8-12,,"44.04581,16.99803"
C080050,ZANUTTA S.P.A.,https://www.zanuttaspa.it/,"Via Leonardo Da Vinci, 15",,30025,Fossalta di Portogruaro,VE,IT,+39421700281,info@zanuttaspa.it,,,45.778174,12.910667,375018,,regular_dealer,True,False,False,,,False,,,premium-partner; regular-dealer,Dal Lunedì al Venerdì | 7:30-12:00 / 13:30-18:30 | Sabato | 8:00-12:00,Dal Lunedì al Venerdì | 7:30-12:00 / 13:30-18:30 | Sabato | 8:00-12:00,"44.04581,16.99803"
C080077,PONTAROLO COMMERCIALE SRL,https://www.gruppogame.com/,"Via S. Caterina, 6",,33075,Cordovado,PN,IT,+39434690454,commerciale@pontarolo.com,+39434690063,,45.847989,12.881725,380829,,regular_dealer,True,False,False,,,False,,,premium-partner; regular-dealer,Dal Lunedì al Venerdì | 8:00-12:00 / 13:30-18:30,Dal Lunedì al Venerdì | 8:00-12:00 / 13:30-18:30,"44.04581,16.99803"
C162722,PONTAROLO COMMERCIALE,https://pontarolo.com,"viale Treviso, 21",,30026,PORTOGRUARO,VE,IT,0421 74440,nicolef@pontarolo.com,0421 280583,,45.778111,12.814272,381545,,regular_dealer,True,False,False,,,False,,,premium-partner; regular-dealer,,,"44.04581,16.99803"
C080051,ZANUTTA S.P.A.,https://www.zanuttaspa.it/,"Via Mameli, 103",,30017,Lido di Jesolo,VE,IT,+39421381327,info@zanuttaspa.it,,,45.513254,12.641154,380542,,regular_dealer,True,False,False,,,False,,,premium-partner; regular-dealer,Dal Lunedì al Venerdì | 7:30-12:00 / 13:30-18:00 | Sabato | 8:00-12:00,Dal Lunedì al Venerdì | 7:30-12:00 / 13:30-18:00 | Sabato | 8:00-12:00,"44.04581,16.99803"
C080057,ZANUTTA S.P.A.,https://www.zanuttaspa.it/,Via Cavalleggeri Di Saluzzo 2,,33097,Spilimbergo,PN,IT,+39427927179,lcancian@zanuttaspa.it,,,46.111258,12.877084,396689,,regular_dealer,True,False,False,,,False,,,premium-partner; regular-dealer,Dal Lunedì al Venerdì | 7:30-12:00 / 13:30-18:00 | Sabato | 8:00-12:00,Dal Lunedì al Venerdì | 7:30-12:00 / 13:30-18:00 | Sabato | 8:00-12:00,"44.04581,16.99803"
C080072,PALTRAV,http://www.paltrav.it/,"Zona ArtigianAle, 8",,33090,Lestans,PN,IT,+3942791031,giulio@paltrav.it,+3942791318,,46.150402,12.88892,398381,,regular_dealer,True,False,False,,,False,,,premium-partner; regular-dealer,Dal Lunedì al Venerdì | 8:00-12:00 / 13:30-18:00,Dal Lunedì al Venerdì | 8:00-12:00 / 13:30-18:00,"44.04581,16.99803"
C080079,RAMINELLI S.R.L.,https://www.raminelli.it/,"Via Giardini, 32",,33080,Zoppola,PN,IT,+3943497000,zoppola@raminelli.it,,,45.963936,12.773005,394648,,regular_dealer,True,False,False,,,False,,,premium-partner; regular-dealer,Dal Lunedì al Venerdì | 7:30-12:00 / 13:30-18:00 | Sabato | 8:00-12:00,Dal Lunedì al Venerdì | 7:30-12:00 / 13:30-18:00 | Sabato | 8:00-12:00,"44.04581,16.99803"
C080082,RAMINELLI S.R.L.,https://www.raminelli.it/,"Via Trieste, 83",,33082,Azzano Decimo,PN,IT,+39434631561,azzano@raminelli.it,+39434632954,,45.879811,12.717959,393581,,regular_dealer,True,False,False,,,False,,,premium-partner; regular-dealer,Dal Lunedì al Venerdì | 7:30-12:00 / 13:30-18:00 | Sabato | 8:00-12:00,Dal Lunedì al Venerdì | 7:30-12:00 / 13:30-18:00 | Sabato | 8:00-12:00,"44.04581,16.99803"
C080083,SIMONETTI GIUSEPPE & C. SAS,https://www.gruppogame.com/simonetti/,"Via Iv Novembre, 96/98",,31045,Motta di Livenza,TV,IT,+39422766115,giovanni@simonettisrl.it,+39422766521,,45.778607,12.612767,395341,,regular_dealer,True,False,False,,,False,,,premium-partner; regular-dealer,Dal Lunedì al Venerdì | 7:30-12:00 / 13:30-18:00 | Sabato | 8:00-12:00,Dal Lunedì al Venerdì | 7:30-12:00 / 13:30-18:00 | Sabato | 8:00-12:00,"44.04581,16.99803"
C080046,ZANUTTA S.P.A.,https://www.zanuttaspa.it/,"Via Unità D'Italia, 21",,30027,San Donà di Piave,VE,IT,+39421336024,info@zanuttaspa.it,,,45.640882,12.541064,393519,,regular_dealer,True,False,False,,,False,,,premium-partner; regular-dealer,Dal Lunedì al Venerdì | 7:30-12:00 / 13:30-18:30 | Sabato | 8:00-12:00,Dal Lunedì al Venerdì | 7:30-12:00 / 13:30-18:30 | Sabato | 8:00-12:00,"44.04581,16.99803"
C080048,ZANUTTA S.P.A.,https://www.zanuttaspa.it/,"Via Treportina, 38",,30013,Treporti,VE,IT,+3941966394,info@zanuttaspa.it,,,45.458057,12.456313,391421,,regular_dealer,True,False,False,,,False,,,premium-partner; regular-dealer,Dal Lunedì al Venerdì | 7:30-12:00 / 13:30-18:00 | Sabato | 7:30-12:00,Dal Lunedì al Venerdì | 7:30-12:00 / 13:30-18:00 | Sabato | 7:30-12:00,"44.04581,16.99803"
C080084,ZANELLA NELLO,https://www.zanellanellosrl.it/,"Via Treportina, 33",,30013,Treporti,VE,IT,+3941966006,ferramenta@zanellanellosrl.it,041 5300209,,45.457887,12.455164,391497,,regular_dealer,True,False,False,,,False,,,premium-partner; regular-dealer,Dal Lunedì al Venerdì | 8:00-12:00 / 14:00-18:00 | Sabato | 8:00-12:00,Dal Lunedì al Venerdì | 8:00-12:00 / 14:00-18:00 | Sabato | 8:00-12:00,"44.04581,16.99803"
C080081,RAMINELLI S.R.L.,https://www.raminelli.it/,Via Violis - Zona IndustriAle,,33085,Maniago,PN,IT,+39427701500,maniago@raminelli.it,,,46.159023,12.72472,409403,,regular_dealer,True,False,False,,,False,,,premium-partner; regular-dealer,Dal Lunedì al Venerdì | 7:30-12:00 / 13:30-18:00 | Sabato | 8:00-12:00,Dal Lunedì al Venerdì | 7:30-12:00 / 13:30-18:00 | Sabato | 8:00-12:00,"44.04581,16.99803"
C080043,TAGLIARIOL SNC,https://www.tagliariol.it/,"Via De la Comina, 19",,33170,Pordenone,PN,IT,+39434551094,direzione@tagliariol.it,,,45.991612,12.642189,404899,,regular_dealer,True,False,False,,,False,,,premium-partner; regular-dealer,Dal Lunedì al Venerdì | 8:00-12:00 / 14:00-18:00,Dal Lunedì al Venerdì | 8:00-12:00 / 14:00-18:00,"44.04581,16.99803"
C205071,ZANUTTA S.P.A.,,Viale  De La Comina 37,,33170,Pordenone,Pordenone,IT,,,,,45.999648,12.641491,405403,,regular_dealer,True,False,False,,,False,,,premium-partner; regular-dealer,,,"44.04581,16.99803"
C080049,ZANUTTA S.P.A.,https://www.zanuttaspa.it/,"Via Vicenza, 9",,31046,Oderzo,TV,IT,+39422814425,info@zanuttaspa.it,,,45.800781,12.498257,404357,,regular_dealer,True,False,False,,,False,,,premium-partner; regular-dealer,Dal Lunedì al Venerdì | 7:30-12:00 / 13:30-18:30 | Sabato | 8:00-12:00,Dal Lunedì al Venerdì | 7:30-12:00 / 13:30-18:30 | Sabato | 8:00-12:00,"44.04581,16.99803"
C080080,RAMINELLI S.R.L.,https://www.raminelli.it/,Via Monte Tremol 3,,33081,Aviano,PN,IT,+39434652313,aviano@raminelli.it,+39434652460,,46.063073,12.601668,411681,,regular_dealer,True,False,False,,,False,,,premium-partner; regular-dealer,Dal Lunedì al Venerdì | 7:30-12:00 / 13:30-18:00 | Sabato | 8:00-12:00,Dal Lunedì al Venerdì | 7:30-12:00 / 13:30-18:00 | Sabato | 8:00-12:00,"44.04581,16.99803"
C080056,ZANUTTA S.P.A.,https://www.zanuttaspa.it/,Castello 5615/5617,,30122,Venezia,VE,IT,+39415202550,info@zanuttaspa.it,,,45.437476,12.33792,399166,,regular_dealer,True,False,False,,,False,,,premium-partner; regular-dealer,,,"44.04581,16.99803"
C080062,ZANETTE S.R.L.,https://www.zanette.com/,"Via la Croce, 16",,33074,Vigonovo,PN,IT,+39434565207,r.sbrugniera@zanette.com,,,45.978173,12.527439,411801,,regular_dealer,True,False,False,,,False,,,premium-partner; regular-dealer,Dal Lunedì al Venerdì | 7:30-12:00 / 13:30-19:00,Dal Lunedì al Venerdì | 7:30-12:00 / 13:30-19:00,"44.04581,16.99803"
C080059,ZANUTTA S.P.A.,https://www.zanuttaspa.it/,ViAle San Giovanni del Tempio 12,,33077,Sacile,PN,IT,+39434789911,ldalcin@zanuttaspa.it,,,45.961325,12.516572,411602,,regular_dealer,True,False,False,,,False,,,premium-partner; regular-dealer,,,"44.04581,16.99803"
C080085,ZANETTE PREFABBRICATI,,"Viale della Repubblica, 150",,33077,Sacile,PN,IT,+39434733247,a.ceschiat@zanette.com,,,45.955029,12.493079,412839,,regular_dealer,True,False,False,,,False,,,premium-partner; regular-dealer,Dal Lunedì al Venerdì | 9:00-12:30 / 16:30-19:00 | Sabato | 9:00-12:30,Dal Lunedì al Venerdì | 9:00-12:30 / 16:30-19:00 | Sabato | 9:00-12:30,"44.04581,16.99803"
C162719,PIZZIOLO Fratelli  Srl,https://www.pizziolo.it,"via Postumia Centro, 43",,31048,San Biagio di Callata,TV,IT,0422 797343,info@pizziolo.it,0422 797082,,45.684242,12.374112,407314,,regular_dealer,True,False,False,,,False,,,premium-partner; regular-dealer,Lunedì - Venerdì |7.30-12 13-18,,"44.04581,16.99803"
C162720,NALON S.r.l.,https://www.nalon.it,"via Romea, 14",,33030,MALCONTENTA di MIRA,VE,IT,041 5470151,info@nalon.it,041 5470161,,45.439372,12.19775,409462,,regular_dealer,True,False,False,,,False,,,premium-partner; regular-dealer,Lunedì - Venerdì |7-12 13-18:30,,"44.04581,16.99803"
C162718,Pizziolo Fratelli Srl,,"via Guglielmo Marconi, 53",,31021,Mogliano Veneto,TV,IT,041 454665,luciano.pizziolo@pizziolo.it,041 5902307,,45.563481,12.23492,411827,,regular_dealer,True,False,False,,,False,,,premium-partner; regular-dealer,,,"44.04581,16.99803"
C080054,ZANUTTA S.P.A.,https://www.zanuttaspa.it/,"Via S. Antonio Da Padova, 301",,31029,Vittorio Veneto,TV,IT,+39438500677,info@zanuttaspa.it,,,45.969208,12.314153,425708,,regular_dealer,True,False,False,,,False,,,premium-partner; regular-dealer,Dal Lunedì al Venerdì | 8:00-12:00 / 13:30-18:00 | Sabato | 8:00-12:00,Dal Lunedì al Venerdì | 8:00-12:00 / 13:30-18:00 | Sabato | 8:00-12:00,"44.04581,16.99803"
C080073,PICCOLI GINO,https://www.ediliziapiccoligino.com/,Via Dei Colli 112,,31015,Susegana,TV,IT,+3943861676,walter@piccoligino.it,+3943862967,,45.864604,12.268228,423456,,regular_dealer,True,False,False,,,False,,,premium-partner; regular-dealer,Dal Lunedì al Venerdì | 7:30-12:00 / 13:30-18:00 | Sabato | 7:30-12:00,Dal Lunedì al Venerdì | 7:30-12:00 / 13:30-18:00 | Sabato | 7:30-12:00,"44.04581,16.99803"
C080074,PIZZIOLO FRATELLI  SRL,https://www.gruppogame.com/,"Via Xi Febbraio, 8",,31055,Quinto di Treviso,TV,IT,+39422378120,,+39422371285,,45.641497,12.163354,420328,,regular_dealer,True,False,False,,,False,,,premium-partner; regular-dealer,,,"44.04581,16.99803"
C162721,NALON S.r.l.,https://www.nalon.it,"via Torre, 20",,30031,ARINO di DOLO ,VE,IT,041 0986214,info@nalon.it,,,45.430714,12.054319,419636,,regular_dealer,True,False,False,,,False,,,premium-partner; regular-dealer,Luned' - vernerdì |7-12 13-18:30,,"44.04581,16.99803"
C080097,EPIU'  SRL,https://www.epiu.biz,"Via Malcanton, 21",,35010,Trebaseleghe,PD,IT,+39499318511,info@epiu.biz,+39499318598,,45.581792,12.064038,424910,,regular_dealer,True,False,False,,,False,,,premium-partner; regular-dealer,Dal Lunedì al Venerdì | 8:00-12:00 / 14:00-18:30 | Sabato | 8:00-12:00,Dal Lunedì al Venerdì | 8:00-12:00 / 14:00-18:30 | Sabato | 8:00-12:00,"44.04581,16.99803"
C080055,ZANUTTA S.P.A.,https://www.zanuttaspa.it/,Via Vittorio Veneto 241,,32100,Belluno,BL,IT,+3943730955,info@zanuttaspa.it,,,46.154766,12.232006,441368,,regular_dealer,True,False,False,,,False,,,premium-partner; regular-dealer,Dal Lunedì al Venerdì | 7:30-12:00 / 13:30-18:00 | Sabato | 8:00-12:00,Dal Lunedì al Venerdì | 7:30-12:00 / 13:30-18:00 | Sabato | 8:00-12:00,"44.04581,16.99803"
C079976,CAMBIELLI EDILFRIULI SPA,https://www.cambielliedilfriuli.it/,"Via Terza Armata, 200",,34170,Gorizia,GO,IT,+3948121488,,+3948120423,,45.924168,13.614642,338206,,regular_dealer,False,False,False,,,False,,,regular-dealer,,,"44.04581,16.99803"
C079972,CAMBIELLI EDILFRIULI SPA,https://www.cambielliedilfriuli.it/,Via Udine 159,,34170,Gorizia Fraz. Lucinico,GO,IT,+39481392393,,,,45.935701,13.56283,342183,,regular_dealer,False,False,False,,,False,,,regular-dealer,Dal Lunedì al Venerdì | 8:00-12:30 / 14:00-18:00,Dal Lunedì al Venerdì | 8:00-12:30 / 14:00-18:00,"44.04581,16.99803"
C204986,IS INDUSTRIAL SERVICE SRL,,Via Cussignacco 88,,33040,Pradamano,Udine,IT,0432-671334,,,,46.024314,13.273075,366076,,regular_dealer,False,False,False,,,False,,,regular-dealer,,,"44.04581,16.99803"
C080045,NUOVA ORED,,Via Baldasseria Bassa 395,,33100,Udine,UD,IT,+39432522085,asemiliano@tiscali.it,+39432620526,,46.029503,13.260952,367173,,regular_dealer,False,False,False,,,False,,,regular-dealer; service-center; service-partner,Dal Lunedì al Venerdì | 8:30-12:30 / 14:00-18:00,Dal Lunedì al Venerdì | 8:30-12:30 / 14:00-18:00,"44.04581,16.99803"
C079977,CAMBIELLI EDILFRIULI SPA,https://www.cambielliedilfriuli.it/,Via CividAle 441,,33100,Udine,UD,IT,+39432589911,,+39432589930,,46.075183,13.274206,369327,,regular_dealer,False,False,False,,,False,,,regular-dealer,Dal Lunedì al Venerdì | 8:00-12:00 / 14:00-18:00,Dal Lunedì al Venerdì | 8:00-12:00 / 14:00-18:00,"44.04581,16.99803"
C159856,Mafer Srl,,"Viale Trieste, 174",,33100,Udine,,IT,0432-509821,info@mafersrl.eu,,,46.061,13.24779,370043,,regular_dealer,False,False,False,,,False,,,regular-dealer,"lun - ven |8-12 14,30-18,30",,"44.04581,16.99803"
C079974,CAMBIELLI EDILFRIULI SPA,https://www.cambielliedilfriuli.it/,"Via NazionAle, 103",,33010,Tavagnacco,UD,IT,+39432576811,,+39432576825,,46.111618,13.226868,374669,,regular_dealer,False,False,False,,,False,,,regular-dealer,Dal Lunedì al Venerdì | 8:30-12:00 / 13:30-18:00,Dal Lunedì al Venerdì | 8:30-12:00 / 13:30-18:00,"44.04581,16.99803"
C205060,TOSO Ferramenta Industriale,,Via Bassa 7,,33019,Tricesimo,Udine,IT,0432850327,,,,46.155629,13.219532,378048,,regular_dealer,False,False,False,,,False,,,regular-dealer,,,"44.04581,16.99803"
C187662,GIANCARLO RUPIL,,"Via IV Novembre, 92 fraz. Bressa",,33030,Campoformido ,UDINE,IT,0432 662135,giancarlo.rupil@dexive.it,,,46.02871,13.14753,374282,,regular_dealer,False,False,False,,,False,,,regular-dealer,,,"44.04581,16.99803"
C080129,GRUPPO TABOGA,https://www.gruppotaboga.it/,"Via Carnia, 27",,33038,San Daniele del Friuli,Ud,IT,+39432957900,info.sandaniele@gruppotaboga.it,,,46.114142,13.003123,388850,,regular_dealer,False,False,False,,,False,,,regular-dealer,Dal Lunedì al Venerdì | 7:30-12:00 / 13:30-18:00 | Sabato | 8:00-12:00,Dal Lunedì al Venerdì | 7:30-12:00 / 13:30-18:00 | Sabato | 8:00-12:00,"44.04581,16.99803"
C079981,CAMBIELLI EDILFRIULI SPA,https://www.cambielliedilfriuli.it/,Via Venezia 69,,33038,S. Daniele del Friuli,UD,IT,+39432941210,,+39432957294,,46.15014,12.995263,391643,,regular_dealer,False,False,False,,,False,,,regular-dealer,Dal Lunedì al Venerdì | | 8:00-12:00 / 13:30-18:00,Dal Lunedì al Venerdì | | 8:00-12:00 / 13:30-18:00,"44.04581,16.99803"
C249775,Teso & Vianello Srl,https://www.elettromeccanicatesoevianello.it/,"via LaBassa Nuova, 4",,30016,Jesolo,VE,IT,+390421972112,amministrazione@tesoevianello.it,,,45.50633,12.61929,381792,,regular_dealer,False,False,False,,,False,,,regular-dealer,,,"44.04581,16.99803"
C079982,CAMBIELLI EDILFRIULI SPA,https://www.cambielliedilfriuli.it/,Via Torre Picotta 36,,33028,Tolmezzo,UD,IT,+394332184043,,+39433469460,,46.417038,13.018676,408086,,regular_dealer,False,False,False,,,False,,,regular-dealer,Dal Lunedì al Venerdì | 8:00-12:00 / 14:00-18:00,Dal Lunedì al Venerdì | 8:00-12:00 / 14:00-18:00,"44.04581,16.99803"
C080041,FANTUZ SRL,https://www.fantuz.it/,"ViAle Repubblica, 56",,33080,Fiume Veneto,PN,IT,+39434959012,commerciale@fantuz.it,+39434564350,,45.927222,12.736277,394995,,regular_dealer,False,False,False,,,False,,,regular-dealer,Lunedì | 8:30-12:15 | Dal Martedì al Venerdì | 8:30-12:15 / 14:30-18:30 | Sabato | 8:30-12:15,Lunedì | 8:30-12:15 | Dal Martedì al Venerdì | 8:30-12:15 / 14:30-18:30 | Sabato | 8:30-12:15,"44.04581,16.99803"
C204975,GAME SPA CONSORTILE,,Via Liguria,,31045,Motta Di Livenza,Treviso,IT,,,,,45.754651,12.615019,393959,,regular_dealer,False,False,False,,,False,,,regular-dealer,,,"44.04581,16.99803"
C079978,CAMBIELLI EDILFRIULI SPA,https://www.cambielliedilfriuli.it/,ViAle Venezia Angolo Via del Turco,,33170,Pordenone,PN,IT,+39434379611,,+394343796234,,45.975143,12.652966,403249,,regular_dealer,False,False,False,,,False,,,regular-dealer,Dal Lunedì al Venerdì | 8:30-12:00 / 14:00-19:00,Dal Lunedì al Venerdì | 8:30-12:00 / 14:00-19:00,"44.04581,16.99803"
C162723,ZANNELLA NELLO S.r.l.,https://www.zanellanellosrl.it,"via Treportina, 33",,30013,Cavallino Treporti,VE,IT,041 966006,info@zanellanellosrl.it,041 5207220,,45.45782,12.454981,391507,,regular_dealer,False,False,False,,,False,,,regular-dealer,Lunedi - Venerdì |8-12 14-18,,"44.04581,16.99803"
C204959,FERRAMENTA LUCCHESE SNC,,Viale Trento 105/E,,33077,Sacile,Pordenone,IT,,,,,45.945937,12.468792,413985,,regular_dealer,False,False,False,,,False,,,regular-dealer,,,"44.04581,16.99803"
C079979,CAMBIELLI EDILFRIULI SPA,https://www.cambielliedilfriuli.it/,Via Venier Angolo Via Berizzi 14,,30020,Marcon,VE,IT,+39414567112,,+39415951062,,45.54024,12.29589,406453,,regular_dealer,False,False,False,,,False,,,regular-dealer,Dal Lunedì al Venerdì | | 8:00-12:00 / 14:00-18:30,Dal Lunedì al Venerdì | | 8:00-12:00 / 14:00-18:30,"44.04581,16.99803"
C187668,Paride Srl,,Lovadina 63/2,,31050,Vascon di Carbonera,TV,IT,+390422350065,acquisti@ferramentaparide.it,,,45.733171,12.288947,415607,,regular_dealer,False,False,False,,,False,,,regular-dealer,Da lunedi a venerdi: |8:30 - 12:30 / 14:30 - 18:30 | Sabato : |8:30 - 12:30,,"44.04581,16.99803"
C079971,CAMBIELLI EDILFRIULI SPA,https://www.cambielliedilfriuli.it/,Via Volta 2,,31020,Villorba,TV,IT,+39422615711,,+39422609091,,45.726386,12.25252,417850,,regular_dealer,False,False,False,,,False,,,regular-dealer,Dal Lunedì al Venerdì | 8:00-12:00 / 14:00-18:30,Dal Lunedì al Venerdì | 8:00-12:00 / 14:00-18:30,"44.04581,16.99803"
C131753,FERRUTENSIL S.R.L.,,Via Castellana 86/B,,30330,Martellago,Venezia,IT,041 5403145,,,,45.541147,12.170112,415562,,regular_dealer,False,False,False,,,False,,,regular-dealer,,,"44.04581,16.99803"
C204976,ZANETTE SRL,,Via Carso 107,,31029,Vittorio Veneto,Treviso,IT,,,,,45.992536,12.303798,427652,,regular_dealer,False,False,False,,,False,,,regular-dealer,,,"44.04581,16.99803"
C162653,EDILCOMMERCIO di Tamburlin Srl,https://edil-commercio.it/,"Via E. De Amicis, 197",,32100,Loc. Castion,Belluno,IT,0437 925102,castion@edil-commercio.it,0437 920483,,46.127144,12.230796,439903,,regular_dealer,False,False,False,,,False,,,regular-dealer,,,"44.04581,16.99803"
C205018,NICOLETTI ELETTROMECCANICA SNC,,Via Erizzo 236,,31044,Montebelluna,Treviso,IT,0423-603705,,,,45.806646,12.038444,436668,,regular_dealer,False,False,False,,,False,,,regular-dealer,,,"44.04581,16.99803"
C131504,FANTINO FORNITURE S.R.L.,,Corso Moncenisio 141,,10057,Sant'Ambrogio di Torino,,IT,,,,,45.097368,7.366456,68054,,regular_dealer,True,True,False,,,False,,,expert-powertools; premium-partner; regular-dealer,,,"45.12379,6.50000"
C205072,ZANUTTA SPA,,Via Druento 266,,10078,Veneria Reale,Torino,IT,0114240765,,,,45.113299,7.632986,88901,,regular_dealer,True,True,False,,,False,,,expert-powertools; premium-partner; regular-dealer,,,"45.12379,6.50000"
C067061,E.T.M. SAS,,"C.So Novara, 21",,10154,Torino,TO,IT,+3911855506,info@etmsas.it,+39112406364,,45.087499,7.691995,93631,,regular_dealer,True,True,False,,,False,,,expert-powertools; premium-partner; regular-dealer; service-center; service-partner,Dal Lunedì al Venerdì | 8:30-12:30 / 14:30-18:30 | Sabato | 8:30-12:30,Dal Lunedì al Venerdì | 8:30-12:30 / 14:30-18:30 | Sabato | 8:30-12:30,"45.12379,6.50000"
C079942,IL TRAPANO SRL,http://www.iltrapano.it,Via Bard 2-A,,10142,Torino,TO,IT,+39 011 7072477,info@iltrapano.it,+39 011 7070794,,45.065656,7.616995,87913,,regular_dealer,False,True,False,,,False,,,expert-powertools; regular-dealer,Dal Lunedì al Venerdì | 8:00-12:00 / 14:00-18:00,Dal Lunedì al Venerdì | 8:00-12:00 / 14:00-18:00,"45.12379,6.50000"
C162582,Andorno Srl,,C.so Lombardia 38/40 Autoport,,10099,San Mauro Torinese,TO,IT,,,,,45.114828,7.750757,98137,,regular_dealer,True,False,False,,,False,,,premium-partner; regular-dealer,,,"45.12379,6.50000"
C163128,A.I.A. Sas,https://www.aiasas.it/,Loc. Pont Suaz 57,,11020,Charvensod,AO,IT,+39016532204,AIA.SAS@TISCALINET.IT,+39016532204,,45.72814,7.31686,92621,,regular_dealer,False,False,False,,,False,,,regular-dealer,,,"45.12379,6.50000"
C086857,Emmeti Store Srl,,Torino 168,,10093,Collegno,TO,IT,011 037738,INFO@EMMETISTORE.IT,,,45.095516,7.568332,83892,,regular_dealer,False,False,False,,,False,,,regular-dealer,,,"45.12379,6.50000"
C066713,Amadon Antonio snc,,via Roma 109,,10073,Cirié,TO,IT,+390119208816,AMADON@AMADONFERRAMENTA.IT,,,45.235231,7.601193,87191,,regular_dealer,False,False,False,,,False,,,regular-dealer,,,"45.12379,6.50000"
C163466,TOMCAR Srl,https://tomcarsrl.it/,"C.so Alessandria, 3",,10078,Venaria Reale,TO,IT,+390114531423,info@tomcarsrl.it,+390114531479,,45.117724,7.63789,89277,,regular_dealer,False,False,False,,,False,,,regular-dealer,,,"45.12379,6.50000"
C204983,I.CO.S. S.R.L.,,Strada Da Castello Di Mirafiori 272,,10135,Torino,Torino,IT,011-6050913,,,,45.007324,7.645998,90924,,regular_dealer,False,False,False,,,False,,,regular-dealer,,,"45.12379,6.50000"
C163129,GI.MA.T. S.R.L.,https://www.gimat.it/,via Palma di Cesnola 110,,10127,Torino,TO,IT,+390113173244,info@gimat.it,+390113177143,,45.018926,7.651257,91150,,regular_dealer,False,False,False,,,False,,,regular-dealer,,,"45.12379,6.50000"
C134042,AMPRIMO TECNOLOGIE,,via Carlo Pisacane 6/A,,10127,Torino,TO,IT,+390116060276,amprimo@amprimo.it,+390116050344,,45.013243,7.657016,91685,,regular_dealer,False,False,False,,,False,,,regular-dealer,,,"45.12379,6.50000"
C079941,FULGOR SRL,http://www.fulgorsrl.it,"Via Parma, 24",,10152,Torino,TO,IT,+39112474413,fulgor@fulgorsrl.it,+39112482451,,45.079253,7.692219,93699,,regular_dealer,False,False,False,,,False,,,regular-dealer,Dal Lunedì al Venerdì | 8:00-12:00 / 14:00-18:00,Dal Lunedì al Venerdì | 8:00-12:00 / 14:00-18:00,"45.12379,6.50000"
C162792,Vegliolux,https://www.veglio.com/,via Sandro Botticelli 151 A,,10154,Torino,TO,IT,+39 011 2427182,info@vegliolux.com,+39 011 2427182,,45.100316,7.707251,94766,,regular_dealer,False,False,False,,,False,,,regular-dealer,Lunedi - venerdì: |7:30-12:00 14:00-18:00 | Sabato: |8:30-12:00,,"45.12379,6.50000"
C204918,DE TOMMASI BRUNO & C. SRL,,Via Dei Lavandai 31/8,,10156,Torino,Torino,IT,0112731970,,,,45.098361,7.744646,97707,,regular_dealer,False,False,False,,,False,,,regular-dealer,,,"45.12379,6.50000"
C086597,SABAFER SRL,,Via Regio Parco 91,,10036,Settimo Torinese,,IT,,,,,45.125167,7.749009,97986,,regular_dealer,False,False,False,,,False,,,regular-dealer,,,"45.12379,6.50000"
C205033,PINET DELIO SRL,,Via Giordano Freydoz 15/Bis,,11020,Champdepraz,Aosta,IT,0125960423,,,,45.685734,7.670018,110662,,regular_dealer,False,False,False,,,False,,,regular-dealer,,,"45.12379,6.50000"
C079937,SACCO CITYWORK S.R.L.,http://www.saccocitywork.it,"Via Bogogno, 30",,28013,Veruno,NO,IT,+39322830760,marcello.sacco@saccosnc.eu,+39322830841,,45.678509,8.529252,73054,,regular_dealer,True,True,False,,,False,,,expert-powertools; premium-partner; regular-dealer,Lunedì | 15:00-19:00 | Dal Martedì al Venerdì | 8:30-12:30 / 15:00-19:00 | Sabato | 8:30-12:30 / 15:00-19:00,Lunedì | 15:00-19:00 | Dal Martedì al Venerdì | 8:30-12:30 / 15:00-19:00 | Sabato | 8:30-12:30 / 15:00-19:00,"45.12379,8.02779"
C080012,RIBONI S.R.L.,http://www.ribonisrl.com/,"Via dell'Industria, 3",,21018,Sesto Calende,VA,IT,+39331914236,info@ribonisrl.it,+39331914237,,45.727463,8.649414,82815,,regular_dealer,True,True,False,,,False,,,expert-powertools; premium-partner; regular-dealer,Dal Lunedì al Venerdì | 8:30-12:30 / 14:00-18:30,Dal Lunedì al Venerdì | 8:30-12:30 / 14:00-18:30,"45.12379,8.02779"
C079984,FERRAMENTA SORA SNC,https://www.ferramentasora.it/,"Via Iv Novembre, 13",,20020,Busto Garolfo,MI,IT,+39331569656,c.sora@ferramentasora.it,+39331567516,,45.548461,8.887302,82113,,regular_dealer,True,True,False,,,False,,,expert-powertools; premium-partner; regular-dealer,Dal Lunedì al Venerdì | 8:00-12:30 / 13:30-19:00 | Sabato | 8:30-12:30,Dal Lunedì al Venerdì | 8:00-12:30 / 13:30-19:00 | Sabato | 8:30-12:30,"45.12379,8.02779"
C079939,VI-PE SRL,http://www.vipesrl.it,Via Al Cotonificio 15,,28923,Verbania,VB,IT,+39 0323 553852,andrea.v@vipesrl.it,+39 0323 553827,,45.952351,8.545664,100568,,TRADITIONAL_TRADE; regular_dealer,True,True,False,DELIVERY_TO_CONSTRUCTION; EXPRESS; NORMAL,BANK_TRANSFER; CASH; CREDITCARD; DEBIT; EC_CARD; INVOICE; MOBILE; PAYMENT_IN_ADVANCE,False,,company.b2b; company.b2c,construction; expert-powertools; express; offline-traditional-trade; premium-partner; regular-dealer,Dal Lunedì al Venerdì | 8:30-12:00 / 14:30-19:00 | Sabato | 8:30-12:00,Dal Lunedì al Venerdì | 8:30-12:00 / 14:30-19:00 | Sabato | 8:30-12:00,"45.12379,8.02779"
C080010,QUADRIFER SRL,https://www.quadrifer.it/,"Via De Gasperi, 35",,21012,Cassano Magnago,VA,IT,+39331200530,quadrifercassano@gmail.com,+39331207835,,45.67762,8.83549,88137,,regular_dealer,True,True,False,,,False,,,expert-powertools; premium-partner; regular-dealer,Dal Lunedì al Venerdì | 8:30-12:00 / 14:00-18:30 | Sabato | 8:30-12:00,Dal Lunedì al Venerdì | 8:30-12:00 / 14:00-18:30 | Sabato | 8:30-12:00,"45.12379,8.02779"
C079989,GIROLA SAS,http://www.ferramentagirola.com/,"Via Trieste, 8",,20010,Pregnana Milanese,MI,IT,+39293290207,commerciale@ferramentagirola.com,+39293290952,,45.515495,9.00365,87850,,regular_dealer,True,True,False,,,False,,,expert-powertools; premium-partner; regular-dealer,Lunedì | 14:30-18:30 | Dal Martedì al Venerdì | 8:30-12:30 / 14:30-18:30 | Sabato | 8:30-12:30,Lunedì | 14:30-18:30 | Dal Martedì al Venerdì | 8:30-12:30 / 14:30-18:30 | Sabato | 8:30-12:30,"45.12379,8.02779"
C155608,QUADRIFER,,Via Montenero 37,,21049,Tradate,,IT,,,,,45.701813,8.908912,94130,,regular_dealer,True,True,False,,,False,,,expert-powertools; premium-partner; regular-dealer,,,"45.12379,8.02779"
C079965,WORK SHOP  S.R.L.,https://workshopmozzate.it/,Via Varese 160,,22076,Mozzate,CO,IT,,workshopmozzate@hotmail.it,,,45.666424,8.963544,94753,,regular_dealer,True,True,False,,,False,,,expert-powertools; premium-partner; regular-dealer,Dal Lunedì al Venerdì | 8:30-12:30 / 14:30-18:30 | Sabato | 8:30-12:30,Dal Lunedì al Venerdì | 8:30-12:30 / 14:30-18:30 | Sabato | 8:30-12:30,"45.12379,8.02779"
C080009,NUOVA UMPLA SRL,http://www.nuovaumpla.it/,"Via Guido Da Velate, 9",,20162,Milano,MI,IT,+3926473165,info@nuovaumpla.it,+3926473024,,45.524165,9.194793,101513,,regular_dealer,True,True,False,,,False,,,expert-powertools; premium-partner; regular-dealer,,,"45.12379,8.02779"
C133111,FERRAMENTA MA-PE S.R.L.,,Via Berlino 13,,20831,Seregno,,IT,,,,,45.653205,9.219899,110137,,regular_dealer,True,True,False,,,False,,,expert-powertools; premium-partner; regular-dealer,,,"45.12379,8.02779"
C079988,TARENZI S.p.A.,http://www.tarenzi.it/italiano/,"Via F. Filzi, 14",,20021,Baranzate,MI,IT,+3928928521,vendite@tarenzi.it,+39289285200,,45.525186,9.116065,96072,,regular_dealer,False,True,False,,,False,,,expert-powertools; regular-dealer,Dal Lunedì al Venerdì | 8:30-12:30 / 13:30-17:30,Dal Lunedì al Venerdì | 8:30-12:30 / 13:30-17:30,"45.12379,8.02779"
C080011,QUADRIFER SRL,https://www.quadrifer.it/,"Via Montenero, 37",,21049,Tradate,VA,IT,+39331841174,quadrifertradate@gmail.com,+39331860196,,45.701813,8.908912,94130,,regular_dealer,True,False,False,,,False,,,premium-partner; regular-dealer,Dal Lunedì al Venerdì | 8:30-12:00 / 14:00-18:30 | Sabato | 8:30-12:00,Dal Lunedì al Venerdì | 8:30-12:00 / 14:00-18:30 | Sabato | 8:30-12:00,"45.12379,8.02779"
C079998,CENTROEDILE MILANO S.R.L.,https://www.centroedile.com/,"Via Taggia, 15",,20153,Milano,MI,IT,+393964210629,filiale.vianovara@centroedilemilano.com,,,45.472999,9.103875,92687,,regular_dealer,True,False,False,,,False,,,premium-partner; regular-dealer,Dal Lunedì al Venerdì | 6:30-17:30 | Sabato | 7:00-12:00,Dal Lunedì al Venerdì | 6:30-17:30 | Sabato | 7:00-12:00,"45.12379,8.02779"
C080000,CENTROEDILE MILANO S.R.L.,https://www.centroedile.com/,"alzaia Naviglio Grande, 118",,20144,Milano,MI,IT,+393964210529,filiale.ptagenova@centroedilemilano.com,,,45.448553,9.158504,95540,,regular_dealer,True,False,False,,,False,,,premium-partner; regular-dealer,Dal Lunedì al Venerdì | 6:30-17:30 | Sabato | 7:00-12:00,Dal Lunedì al Venerdì | 6:30-17:30 | Sabato | 7:00-12:00,"45.12379,8.02779"
C080013,SEVESO PRIMO S.R.L.,https://sevesoprimo.it/,Via Libertà 37,,20824,Lazzate,MB,IT,+39296320106,info@edmasrl.it,+39296329294,,45.673069,9.088364,102889,,regular_dealer,True,False,False,,,False,,,premium-partner; regular-dealer,Dal Lunedì al Sabato | 8:30-12:30 / 14:30-19:00,Dal Lunedì al Sabato | 8:30-12:30 / 14:30-19:00,"45.12379,8.02779"
C080005,CENTROEDILE MILANO S.R.L.,https://www.centroedile.com/,"Via Reali, 144/146",,20030,Paderno Dugnano,MI,IT,+393964210559,filiale.paderno@centroedilemilano.com,,,45.566074,9.149533,100512,,regular_dealer,True,False,False,,,False,,,premium-partner; regular-dealer,Dal Lunedì al Venerdì | 6:30-17:30 | Sabato | 7:00-12:00,Dal Lunedì al Venerdì | 6:30-17:30 | Sabato | 7:00-12:00,"45.12379,8.02779"
C079997,CENTROEDILE MILANO S.R.L.,https://www.centroedile.com/,Via Jenner 12/B,,20159,Milano,MI,IT,+393964210399,filiale.bicocca@centroedilemilano.com,,,45.498315,9.182715,99446,,regular_dealer,True,False,False,,,False,,,premium-partner; regular-dealer,Dal Lunedì al Venerdì | 6:30-17:30 | Sabato | 7:00-12:00,Dal Lunedì al Venerdì | 6:30-17:30 | Sabato | 7:00-12:00,"45.12379,8.02779"
C079994,CENTROEDILE MILANO S.R.L.,https://www.centroedile.com/,"Via Boncompagni, 49",,20139,Milano,MI,IT,+393964210429,filiale.corvetto@centroedilemilano.com,,,45.440079,9.229537,100379,,regular_dealer,True,False,False,,,False,,,premium-partner; regular-dealer,Dal Lunedì al Venerdì | 6:30-17:30 | Sabato | 7:00-12:00,Dal Lunedì al Venerdì | 6:30-17:30 | Sabato | 7:00-12:00,"45.12379,8.02779"
C079995,CENTROEDILE MILANO S.R.L.,https://www.centroedile.com/,"Via Breda, 41",,20126,Milano,MI,IT,+393964210359,filiale.bicocca@centroedilemilano.com,,,45.511292,9.214672,102310,,regular_dealer,True,False,False,,,False,,,premium-partner; regular-dealer,Dal Lunedì al Venerdì | 6:30-18:00 | Sabato | 7:00-12:00,Dal Lunedì al Venerdì | 6:30-18:00 | Sabato | 7:00-12:00,"45.12379,8.02779"
C080004,CENTROEDILE MILANO S.R.L.,https://www.centroedile.com/,"Via Arquà, 3",,20131,Milano,MI,IT,+393964210699,creatu@centroedilemilano.com,,,45.492289,9.228127,102416,,regular_dealer,True,False,False,,,False,,,premium-partner; regular-dealer,Dal Lunedì al Venerdì | 6:30-17:30 | Sabato | 7:00-12:00,Dal Lunedì al Venerdì | 6:30-17:30 | Sabato | 7:00-12:00,"45.12379,8.02779"
C079996,CENTROEDILE MILANO S.R.L.,https://www.centroedile.com/,"Via Gaetano Crespi, 9/11",,20134,Milano,MI,IT,+393964210459,filiale.lambrate@centroedilemilano.com,,,45.479685,9.244031,103021,,regular_dealer,True,False,False,,,False,,,premium-partner; regular-dealer,Dal Lunedì al Venerdì | 6:30-17:30 | Sabato | 7:00-12:00,Dal Lunedì al Venerdì | 6:30-17:30 | Sabato | 7:00-12:00,"45.12379,8.02779"
C080008,NOBILI FERRAMENTA SRL,http://www.nobilistore.it/,"Via Einaudi, 59/81",,20036,Meda,MI,IT,+3936272026,acquisti@nobiliferramenta.it,+3936272040,,45.661997,9.177464,107885,,regular_dealer,True,False,False,,,False,,,premium-partner; regular-dealer,Dal Lunedì al Venerdì | 8:00-12:00 / 13:30-18:00 | Sabato | 8:00-12:00,Dal Lunedì al Venerdì | 8:00-12:00 / 13:30-18:00 | Sabato | 8:00-12:00,"45.12379,8.02779"
C080001,CENTROEDILE MILANO S.R.L.,https://www.centroedile.com/,Via Mascagni 6,,22032,Albese Con Cassano,CO,IT,+393964210329,filiale.albese@centroedilemilano.com,,,45.793837,9.153026,115115,,regular_dealer,True,False,False,,,False,,,premium-partner; regular-dealer,Dal Lunedì al Venerdì | 6:30-17:30 | Sabato | 7:00-12:00,Dal Lunedì al Venerdì | 6:30-17:30 | Sabato | 7:00-12:00,"45.12379,8.02779"
C080003,CENTROEDILE MILANO S.R.L.,https://www.centroedile.com/,Via Curtatone N . 5,,20052,Monza,MI,IT,+393964210499,filiale.monza@centroedilemilano.com,,,45.579289,9.262417,108957,,regular_dealer,True,False,False,,,False,,,premium-partner; regular-dealer,Dal Lunedì al Venerdì | 6:30-17:30 | Sabato | 7:00-12:00,Dal Lunedì al Venerdì | 6:30-17:30 | Sabato | 7:00-12:00,"45.12379,8.02779"
C204915,DE TOMMASI BRUNO & C. SRL,,Strada Del Ritano 43,,10023,Chieri,Torino,IT,0119470746,,,,45.001204,7.847086,19677,,regular_dealer,False,False,False,,,False,,,regular-dealer,,,"45.12379,8.02779"
C164247,Costruire Srl,https://www.costruiresantena.it/,via Asti 48,,10026,Santena,TO,IT,+390119456390,michele@costruire.191.it,+390119492312,,44.953492,7.792034,26488,,regular_dealer,False,False,False,,,False,,,regular-dealer,,,"45.12379,8.02779"
C163133,ZARA Srl,https://www.zarautensileria.it/,C.so Vercelli 330,,10015,Ivrea,TO,IT,+390125616455,INFO@ZARAUTENSILERIA.COM,,,45.468651,7.9048,39533,,regular_dealer,False,False,False,,,False,,,regular-dealer,,,"45.12379,8.02779"
C079935,ELETTROM. VIGLIONE,https://www.viglionesrl.com/,Via dell'Artigianato 42,,28100,Novara,NO,IT,+39321692173,info@viglionesrl.com,+39321692173,,45.425054,8.613452,56762,,regular_dealer,False,False,False,,,False,,,regular-dealer; service-center; service-partner,Dal Lunedì al Venerdì | 8:00-12:00 / 14:00-18:00,Dal Lunedì al Venerdì | 8:00-12:00 / 14:00-18:00,"45.12379,8.02779"
C079938,MINACCI FERRAMENTA S.N.C.,,Via M. T. Rossi 5/7/7Bis,,13019,Varallo,VC,IT,+3916354503,giuseppeminacci@virgilio.it,+3916354060,,45.81549,8.249508,78828,,regular_dealer,False,False,False,,,False,,,regular-dealer,Dal Lunedì al Venerdì | 8:30-12:00 / 14:30-19:00 | Sabato | 8:30-12:00,Dal Lunedì al Venerdì | 8:30-12:00 / 14:30-19:00 | Sabato | 8:30-12:00,"45.12379,8.02779"
C134721,F.U.C.E.A. S.N.C.,,via Ruggerone 7/9,,28069,Trecate,NO,IT,+390321020021,vendite@fucea.it,,,45.440672,8.736734,65708,,regular_dealer,False,False,False,,,False,,,regular-dealer,,,"45.12379,8.02779"
C079969,CAMBIELLI EDILFRIULI SPA,https://www.cambielliedilfriuli.it/,Via Togliatti 4,,20020,Dairago,MI,IT,+39331463300,,+39331463340,,45.559323,8.854441,80739,,regular_dealer,False,False,False,,,False,,,regular-dealer,Dal Lunedì al Venerdì | 8:00-12:00 / 13:30-18:00 | Sabato | 8:00-12:00,Dal Lunedì al Venerdì | 8:00-12:00 / 13:30-18:00 | Sabato | 8:00-12:00,"45.12379,8.02779"
C079963,MAUTAU S.R.L.,https://mautau.eu,Via Novara 77,,21052,Busto Arsizio,VA,IT,+39331659685,info@mautau.it,+39331659330,,45.582923,8.842312,81588,,regular_dealer,False,False,False,,,False,,,regular-dealer,Dal Lunedì al Venerdì | 8:30-12:00 / 14:00-18:30 | Sabato | 8:30-12:00,Dal Lunedì al Venerdì | 8:30-12:00 / 14:00-18:30 | Sabato | 8:30-12:00,"45.12379,8.02779"
C079990,OLIVARES MARIO S.A.S.,,"Via Calatafimi, 27",,20011,Corbetta,MI,IT,+39297272308,commericiale@olivares.it,+39297272310,,45.472542,8.908289,79032,,regular_dealer,False,False,False,,,False,,,regular-dealer,Dal Lunedì al Venerdì | 8:30-12:30 / 14:00-19:00 | Sabato | 9:30-12:30,Dal Lunedì al Venerdì | 8:30-12:30 / 14:00-19:00 | Sabato | 9:30-12:30,"45.12379,8.02779"
C134334,U.M.C.,,via C.Porta 2,,21012,Cassano Magnago,VA,IT,+390331201057,INFO@UMC.IT,,,45.67493,8.83041,87646,,regular_dealer,False,False,False,,,False,,,regular-dealer,,,"45.12379,8.02779"
C163119,Bieffe Componenti S.,https://www.bieffecomponenti.com/,via Olgiate Olona 2,,21052,Busto Arsizio,VA,IT,+390331323388,BIEFFECOMPONENTISRL@VIRGILIO.IT,,,45.621125,8.865198,85651,,regular_dealer,False,False,False,,,False,,,regular-dealer,lunedì-venerdì 8.30-12.00 | 14.00-17.30,,"45.12379,8.02779"
C136462,Colombo Luigi,,via Piave 102,,21057,Olgiate Olona,VA,IT,+390331649525,INFO@FERRAMENTA-COLOMBO.IT,,,45.625481,8.874378,86510,,regular_dealer,False,False,False,,,False,,,regular-dealer,,,"45.12379,8.02779"
C159767,FERCASA S.R.L.,https://www.fercasaweb.it/,via Volta 71,,21040,Oggiona con Santo Stefano,VA,IT,0331734700,FERCASA.CARABELLI@GMAIL.COM, 0331734700,,45.709604,8.821284,89878,,regular_dealer,False,False,False,,,False,,,regular-dealer,dal lunedì al venerdì: |8.30-12.30 / 14.30-19.00 sabato: 8.30-12.30,,"45.12379,8.02779"
C216019,FUTIBRA,,Via Como 14 ,,21049,Tradate,,IT,,,,,45.692501,8.904559,93180,,regular_dealer,False,False,False,,,False,,,regular-dealer; service-center; service-partner,,,"45.12379,8.02779"
C135642,NUOVA TECNINOX  S.R.L.,,Via A. De Gasperi 2,,20020,Lainate,Milano,IT,02-93901706,,,,45.566984,9.010398,91239,,regular_dealer,False,False,False,,,False,,,regular-dealer,,,"45.12379,8.02779"
C205068,VERONESE ORIGGIO S.R.L,,Via Saronnino 39/37,,21040,Origgio,Varese,IT,02-96732150,,,,45.598505,9.024741,94086,,regular_dealer,False,False,False,,,False,,,regular-dealer,,,"45.12379,8.02779"
C133357,Edilmosa SNC di Giuseppe Morese,,via delle Robine 13,,20024,Garbagnate Milanese,MI,IT,+390299025702,EDILMOSA@GMAIL.COM,,,45.58175,9.086811,97159,,regular_dealer,False,False,False,,,False,,,regular-dealer,,,"45.12379,8.02779"
C079983,IL GIORNO DOPO,https://showroomilgiornodopo.it/,Via Petitti 15,,20149,Milano,MI,IT,+39236962675,puntovenditabosch@virgilio.it,+39236962879,,45.48818,9.152509,96837,,regular_dealer,False,False,False,,,False,,,regular-dealer; service-center; service-partner,Dal Lunedì al Venerdì | | 8:30-13:00 / 14:00-17:30 | Sabato | 8:30-12:30,Dal Lunedì al Venerdì | | 8:30-13:00 / 14:00-17:30 | Sabato | 8:30-12:30,"45.12379,8.02779"
C159372,Nuova Fimar Srl,https://www.nuovafimar.it/,Via Milano 3/A,,22070,Luisago,CO,IT,031-492767,amministrazione@nuovafimar.it, 031-390365,,45.75795,9.030171,105295,,regular_dealer,False,False,False,,,False,,,regular-dealer,"Lun-Ven |08–12:30, 14–18:30; Sabato 08-12:30",,"45.12379,8.02779"
C204878,BEMA SAS,,Via Amendola 1,,22072,Cermenate,Como,IT,0317760803801,,,,45.697133,9.070405,103378,,regular_dealer,False,False,False,,,False,,,regular-dealer,,,"45.12379,8.02779"
C159368,Clerici Lidio snc,https://www.clericilidio.it/,"via Mazzini, 23 ",,22079,Villa Guardia,CO,IT,031-480343-33,INFO@CLERICILIDIO.IT,031-563356,,45.776998,9.029322,106666,,regular_dealer,False,False,False,,,False,,,regular-dealer,"Lun-Gio |08:30–12, 14–19; Ven 8:30-19; Sab 8:30-13",,"45.12379,8.02779"
C204946,F.O.C. SRL,,Via San Fermo 54,,22041,Colverde,Como,IT,031-550050,,,,45.811399,9.011828,108319,,regular_dealer,False,False,False,,,False,,,regular-dealer,,,"45.12379,8.02779"
C079961,REALI UTENSILERIA SPA,https://www.realiutensileria.com/it/,"Via Reali, 104",,20037,Paderno Dugnano,MI,IT,+3929182094,commerciale@realiutensileria.com,+3929102937,,45.575227,9.14732,100858,,regular_dealer,False,False,False,,,False,,,regular-dealer,Dal Lunedì al Venerdì | 8:30-12:30 / 14:00-18:00,Dal Lunedì al Venerdì | 8:30-12:30 / 14:00-18:00,"45.12379,8.02779"
C163116,MILANO ATTREZZATURE,https://milanoattrezzature.it/,via Caveto 1 Bis,,20095,Cusano Milanino,MI,IT,+390266400610,INFO@MILANOATTREZZATURE.IT,+390266400613,,45.545429,9.184818,101864,,regular_dealer,False,False,False,,,False,,,regular-dealer,dal lunedì al venerdì: |7.00-12.30 / 13.30-18.00 | sabato: |7.00-12.00,,"45.12379,8.02779"
C131268,Livio Rainoldi S.r.l.,,P.zza XXv Aprile 11,,11207200,Cusano Milanino,MI,IT,+39026196394,INFO@RAINOLDILIVIO.COM,,,45.551046,9.18528,102181,,regular_dealer,False,False,False,,,False,,,regular-dealer,,,"45.12379,8.02779"
C146929,Centro Edilizia Srl,,via per Ciminago 2,,22060,Novedrate,CO,IT,+39031790340,INFO@CENTROEDILIZIASRL.IT,+39031791719,,45.69969,9.120945,106680,,regular_dealer,False,False,False,,,False,,,regular-dealer,,,"45.12379,8.02779"
C079992,CMC ELETTROTECNICA,,Via Spartaco 9,,22100,Como,CO,IT,+3931505226,elettromeccanicacmc@gmail.com,+3931505226,,45.785611,9.071544,109736,,regular_dealer,False,False,False,,,False,,,regular-dealer; service-center; service-partner,Dal Lunedì al Giovedì | 8:30-12:30 / 14:00-18:30 | Venerdì | 8:30-12-30 /14:00-18:30,Dal Lunedì al Giovedì | 8:30-12:30 / 14:00-18:30 | Venerdì | 8:30-12-30 /14:00-18:30,"45.12379,8.02779"
C079987,ROVATI UTENSILI SRL,https://www.rovatiutensili.com/,"Circonvallazione, 98",,27043,Broni,PV,IT,+393855105352225,info@rovatiutensili.it,+3938554004,,45.068091,9.265294,97329,,regular_dealer,False,False,False,,,False,,,regular-dealer,Dal Lunedì al Venerdì | 8:30-12:30 / 14:00-18:30 | Sabato | 9:00-12:00,Dal Lunedì al Venerdì | 8:30-12:30 / 14:00-18:30 | Sabato | 9:00-12:00,"45.12379,8.02779"
C204947,FBC BORGHI FERRAMENTA SRL,,Via Lario 29,,22063,Cantu',Como,IT,031-714312,,,,45.727257,9.142854,109880,,regular_dealer,False,False,False,,,False,,,regular-dealer,,,"45.12379,8.02779"
C204899,CENTROEDILE MILANO S.R.L.,,Via Fantoli C.A.M.M 28/8,,20138,Milano,Milano,IT,02 86894438,,,,45.453984,9.257109,102932,,regular_dealer,False,False,False,,,False,,,regular-dealer,,,"45.12379,8.02779"
C135725,R.B. Utensileria S.r.l.,,Via Alla Porada 100/102,,20831,Seregno,,IT,,,,,45.662286,9.187297,108542,,regular_dealer,False,False,False,,,False,,,regular-dealer,,,"45.12379,8.02779"
C079968,CAMBIELLI EDILFRIULI SPA,https://www.cambielliedilfriuli.it/,"Via Panfilo Castaldi, 6",,20092,Cinisello Balsamo,MI,IT,+3926172632,,+3926185922,,45.557374,9.244354,106601,,regular_dealer,False,False,False,,,False,,,regular-dealer,Dal Lunedì al Venerdì | 7:30-12:00 / 13:30-18:00 | Sabato | 8:00-12:00,Dal Lunedì al Venerdì | 7:30-12:00 / 13:30-18:00 | Sabato | 8:00-12:00,"45.12379,8.02779"
C080007,COL. FER. S.R.L. DI BUTTI E SPATAFORA,http://www.colfersnc.com/it/,S.S. Briantea  10/A,,22038,Tavernerio,CO,IT,+3931428006,info@colfersnc.com,+3931420873,,45.795008,9.143903,114658,,regular_dealer,False,False,False,,,False,,,regular-dealer,Dal Lunedì al Venerdì | 8:00-12:30 / 14:30-18:30 | Sabato | 8:30-12:30,Dal Lunedì al Venerdì | 8:00-12:30 / 14:30-18:30 | Sabato | 8:30-12:30,"45.12379,8.02779"
C135509,Macchine Motori Pozzi Srl,,viale Brianza 65,,20841,Carate Brianza,MB,IT,+390362903963,GIUSY.CASIRAGHI@MMPOZZI.IT,+390362905366,,45.667937,9.227863,111533,,regular_dealer,False,False,False,,,False,,,regular-dealer,,,"45.12379,8.02779"
C080006,COL. FER. S.R.L. DI BUTTI E SPATAFORA,http://www.colfersnc.com/it/,"Via Padre Meroni, 2",,22031,Albavilla,CO,IT,+3931428006,info@colfersnc.com,,,45.793516,9.178448,116611,,regular_dealer,False,False,False,,,False,,,regular-dealer,Dal Lunedì al Venerdì | 8:00-12:00 / 14:00-18:30 | Sabato | 8:00-12:00,Dal Lunedì al Venerdì | 8:00-12:00 / 14:00-18:30 | Sabato | 8:00-12:00,"45.12379,8.02779"
C159374,G. REDAELLI S.P.A.,https://www.redaelli.it/Home.aspx,"Via Vittorio Emanuele, 34",,20842,Besana in Brianza,MI,IT,0362-995898,ACQUISTI1@REDAELLI.IT,,,45.725336,9.28078,118466,,regular_dealer,False,False,False,,,False,,,regular-dealer,lunedì-venerdì 8.15-12.15 | 14.00-18.00,,"45.12379,8.02779"
C079956,MALTA FRATELLI S.A.S.,https://www.maltafratelli.com/,Via Agazzano 116,,29010,San Nicolo',PC,IT,+39523768250,giuseppe@maltafratelli.com,+39523763182,,45.048109,9.606787,9325,,regular_dealer,True,True,False,,,False,,,expert-powertools; premium-partner; regular-dealer,Dal Lunedì al Venerdì | 8:00-12:30 / 14:00-19:00 | Sabato | 8:00-12:30 / 14:00-19:00,Dal Lunedì al Venerdì | 8:00-12:30 / 14:00-19:00 | Sabato | 8:00-12:30 / 14:00-19:00,"45.12379,9.55558"
C079951,BURASCHI LUIGI S.R.L.,https://www.buraschiutensili.com/,Via G. Beati 31,,29100,Piacenza,PC,IT,+39523593500,m.buraschi@buraschiutensili.it,+39523593501,,45.036897,9.705188,15209,,regular_dealer,True,True,False,,,False,,,expert-powertools; premium-partner; regular-dealer,Dal Lunedì al Venerdì | 8:30-12:30 / 14:30-18:30,Dal Lunedì al Venerdì | 8:30-12:30 / 14:30-18:30,"45.12379,9.55558"
C079957,NEREO TRABACCHI SNC,https://utensileria.wixsite.com/trabacchi,"Via I Maggio, 66, C.P. 25",,29100,Piacenza,PC,IT,+39523456641,info@nereotrabacchi.it,+39523751239,,45.036802,9.788095,20659,,regular_dealer,True,True,False,,,False,,,expert-powertools; premium-partner; regular-dealer,Dal Lunedì al Venerdì | 8:30-12:30 / 14:30-18:30,Dal Lunedì al Venerdì | 8:30-12:30 / 14:30-18:30,"45.12379,9.55558"
C079955,FERRAMENTA VANOLI S.P.A.,https://www.ferramentavanoli.com/,"Via Falagrate, 8",,26029,Soncino,CR,IT,+3937485901,ced@ferramentavanolispa.it,+3937485977,,45.386382,9.858704,37622,,regular_dealer,True,True,False,,,False,,,expert-powertools; premium-partner; regular-dealer,Dal Lunedì al Venerdì | 8:00-12:00 / 14:00-18:30 | Sabato | 8:00-12:00 / 14:00-18:30,Dal Lunedì al Venerdì | 8:00-12:00 / 14:00-18:30 | Sabato | 8:00-12:00 / 14:00-18:30,"45.12379,9.55558"
C080017,FACCHINETTI ANGELO,https://www.ferramentafacchinetti.com,"Via ProvinciAle, 7",,24040,Lallio,BG,IT,+3935690016,parma@ferramentafacchinetti.it,+3935201004,,45.664734,9.634501,60462,,regular_dealer,True,True,False,,,False,,,expert-powertools; premium-partner; regular-dealer,Dal Lunedì al Venerdì | 8:30-12:00 / 14:15-18:45,Dal Lunedì al Venerdì | 8:30-12:00 / 14:15-18:45,"45.12379,9.55558"
C080024,TECNOFER S.R.L.,https://tecnofersrl.com/,Via Galileo Galilei 3,,25026,Pontevico,BS,IT,+39309306156,info@tecnofersrl.it,+39309306589,,45.269442,10.092493,45078,,regular_dealer,True,True,False,,,False,,,expert-powertools; premium-partner; regular-dealer,Dal Lunedì al Sabato | 8:00-12:00 / 14:00-19:00,Dal Lunedì al Sabato | 8:00-12:00 / 14:00-19:00,"45.12379,9.55558"
C080022,U.SA.PI. SRL,http://www.usapi.it/,"Via Lega Lombarda, 25",,24035,Curno,BG,IT,+3935618695,commerciale@usapi.it,+39354155214,,45.684681,9.610016,62509,,regular_dealer,True,True,False,,,False,,,expert-powertools; premium-partner; regular-dealer,Dal Lunedì al Venerdì | 8:30-12:30 / 13:30-17:30,Dal Lunedì al Venerdì | 8:30-12:30 / 13:30-17:30,"45.12379,9.55558"
C080015,BELLINI COMMERCIALE S.R.L.,,Via San Pancrazio 67,,25036,Palazzolo Sull'Oglio,BG,IT,+39307401950,info@ferramentabellini.it,+39307301721,,45.607074,9.898771,60052,,regular_dealer,True,True,False,,,False,,,expert-powertools; premium-partner; regular-dealer,Dal Lunedì al Venerdì | 8:30-12:00 / 14:00-18:30 | Sabato | 8:30-12:00,Dal Lunedì al Venerdì | 8:30-12:00 / 14:00-18:30 | Sabato | 8:30-12:00,"45.12379,9.55558"
C080019,HERTZ SRL,https://www.hertzsrl.it/,Via TonAle 32,,24100,Albano Sant' Alessandro,BG,IT,+3935341047,assistenza@hertzsrl.it,+3935362323,,45.685803,9.758804,64472,,regular_dealer,True,True,False,,,False,,,expert-powertools; premium-partner; regular-dealer; service-center; service-partner,Dal Lunedì al Venerdì | 7:00-18:30 | Sabato | 7:00-12:00,Dal Lunedì al Venerdì | 7:00-18:30 | Sabato | 7:00-12:00,"45.12379,9.55558"
C132322,Forniture Edili Srl,,"Viale delle industrie, 1",,24030,Villa D'adda,Bergamo,IT,35784815,nadia@fornitureedili.com,035-784853,,45.717644,9.455996,66486,,regular_dealer,True,True,False,,,False,,,expert-powertools; premium-partner; regular-dealer,,,"45.12379,9.55558"
C080020,LA FERCOLOR SNC DI MAURIELLO,,"Via CasAle, 29/A",,24060,Torre De' Roveri,BG,IT,+3935583003,lafercolordimauriello@virgilio.it,+39354528102,,45.702032,9.760292,66250,,regular_dealer,True,True,False,,,False,,,expert-powertools; premium-partner; regular-dealer,Dal Lunedì al Venerdì | 8:15- 12:30 / 14:00-19:00 | Sabato | 8:15- 12:30 /14:00-19:00,Dal Lunedì al Venerdì | 8:15- 12:30 / 14:00-19:00 | Sabato | 8:15- 12:30 /14:00-19:00,"45.12379,9.55558"
C079960,BIELLA ARMANDO SRL,https://www.biellaarmando.com,Via lago Vecchio 2/A,,23801,Calolziocorte,LC,IT,+393416347366,walter@biellaarmando.it,+39341634730,,45.779693,9.440599,73478,,regular_dealer,True,True,False,,,False,,,expert-powertools; premium-partner; regular-dealer,Dal Lunedì al Venerdì | 8:00-12:00 / 14:00-18:30,Dal Lunedì al Venerdì | 8:00-12:00 / 14:00-18:30,"45.12379,9.55558"
C079954,FERRAMENTA F.LLI BARBAGLIO SNC,https://www.ferramenta-barbaglio.it/,"Via Vitt.Emanuele Ii, 25",,25020,Flero,BS,IT,+39302560069,info@ferramentabarbaglio.it,,,45.483198,10.176311,62877,,regular_dealer,True,True,False,,,False,,,expert-powertools; premium-partner; regular-dealer,Dal Lunedì al Venerdì | 8:00-12:00 / 14:00-18:30 | Sabato | 8:00-12:00,Dal Lunedì al Venerdì | 8:00-12:00 / 14:00-18:30 | Sabato | 8:00-12:00,"45.12379,9.55558"
C079953,EUROUTENSIL DI SANDRINI GIULIANO,,Via Montello 61/63,,25020,Gambara,BS,IT,+3930956273,euroutensil@libero.it,+39309560612,,45.247704,10.300938,60014,,regular_dealer,True,True,False,,,False,,,expert-powertools; premium-partner; regular-dealer,Dal Lunedì al Venerdì | 8:00-12:30 / 14:30-18:30 | Sabato | 8:00-12:30,Dal Lunedì al Venerdì | 8:00-12:30 / 14:30-18:30 | Sabato | 8:00-12:30,"45.12379,9.55558"
C079958,RAMU F.LLI BAROZZI SAS,http://www.ramu-bs.com/,"Via G. Bruni, 28/30",,25100,Brescia,BS,IT,+393046511,info@ramu-bs.com,+3930295972,,45.531307,10.2268,69327,,regular_dealer,True,True,False,,,False,,,expert-powertools; premium-partner; regular-dealer; service-center; service-partner,Dal Lunedì al Venerdì | 8:30-12:30 / 14:30-18:30,Dal Lunedì al Venerdì | 8:30-12:30 / 14:30-18:30,"45.12379,9.55558"
C080016,C.B.L. S.N.C.,https://www.cblutensileria.it/,"Via Cesare Battisti, 55",,24062,Costa Volpino,BG,IT,+3935970403,martinelli@cblutensileria.com,+3935970624,,45.82344,10.108333,88933,,regular_dealer,True,True,False,,,False,,,expert-powertools; premium-partner; regular-dealer,Dal Lunedì al Venerdì | 8:00-12:00 / 14:00-19:00 | Sabato | 8:00-12:00,Dal Lunedì al Venerdì | 8:00-12:00 / 14:00-19:00 | Sabato | 8:00-12:00,"45.12379,9.55558"
C080117,FERRAMENTA CIMA S.R.L.,https://www.ferramentacima.com/,Via Mazzini 52,,46043,Castiglione delle Stiviere,MN,IT,+39376943911,roberta.negri@ferramentacima.com,+39376636266,,45.382143,10.496119,79025,,regular_dealer,True,True,False,,,False,,,expert-powertools; premium-partner; regular-dealer,Dal Lunedì al Venerdì | 8:00-12:00 / 14:00-18:30 | Sabato | 8:00-12:00,Dal Lunedì al Venerdì | 8:00-12:00 / 14:00-18:30 | Sabato | 8:00-12:00,"45.12379,9.55558"
C080122,TERRENI INDUSTRIALE SRL,https://www.terreniindustriale.it/,"Via Amerigo Vespucci, 7",,46044,Goito,MN,IT,+39376689250,giovanni@terreniindustriale.it,+39376689208,,45.263131,10.659316,87861,,TRADITIONAL_TRADE; regular_dealer,True,True,False,DELIVERY_TO_CONSTRUCTION; EXPRESS; NORMAL; PICKUP,BANK_TRANSFER; CASH; CREDITCARD; EC_CARD; INVOICE; MOBILE; PAYMENT_IN_ADVANCE,False,,company.b2b; company.b2c; misc.wifi,construction; expert-powertools; express; offline-traditional-trade; premium-partner; regular-dealer,Dal Lunedì al Venerdì | 8:00-12:00 / 14:00-18:00 | Sabato | 8:00-12:00,Dal Lunedì al Venerdì | 8:00-12:00 / 14:00-18:00 | Sabato | 8:00-12:00,"45.12379,9.55558"
C079952,EDIL COMINELLI,https://www.ecfoppoli.com/,Via Evangelista Laini 10,,25043,Breno,BS,IT,+39036422972,amministrazione@efoppoli.com,+390364320640,,45.957805,10.306531,109633,,regular_dealer,True,True,False,,,False,,,expert-powertools; premium-partner; regular-dealer,Dal Lunedì al Venerdì | 7:30-12:00 / 13:30-18:45 | Sabato | 7:30-12:00,Dal Lunedì al Venerdì | 7:30-12:00 / 13:30-18:45 | Sabato | 7:30-12:00,"45.12379,9.55558"
C080120,FORNITURE INDUSTRIALI FORMENTI SRL,https://www.formentifornitureindustriali.it/,"Via A. Diaz, 14 A/C",,37015,Domegliara,VR,IT,+39456864400,sebastian@formentisrl.com,+39456864400,,45.523027,10.815415,108031,,regular_dealer,True,True,False,,,False,,,expert-powertools; premium-partner; regular-dealer,Dal Lunedì al Venerdì | 8:00-12:00 / 14:00-18:00 | Sabato | 8:00-12:00,Dal Lunedì al Venerdì | 8:00-12:00 / 14:00-18:00 | Sabato | 8:00-12:00,"45.12379,9.55558"
C079999,CENTROEDILE MILANO S.R.L.,https://www.centroedile.com/,"Via Matteotti, 137",,20041,Agrate Brianza,MB,IT,+393964210200,filiale.vimercate@centroedilemilano.com,,,45.572106,9.35733,52199,,regular_dealer,True,False,False,,,False,,,premium-partner; regular-dealer,Dal Lunedì al Venerdì | 6:30-17:30 | Sabato | 7:00-12:00,Dal Lunedì al Venerdì | 6:30-17:30 | Sabato | 7:00-12:00,"45.12379,9.55558"
C080002,CENTROEDILE MILANO S.R.L.,https://www.centroedile.com/,"Via Greppi, 23",,23899,Robbiate,LC,IT,+393964210599,filiale.robbiate@centroedilemilano.com,,,45.686456,9.430058,63325,,regular_dealer,True,False,False,,,False,,,premium-partner; regular-dealer,Dal Lunedì al Venerdì | 6:30-17:30 | Sabato | 7:00-12:00,Dal Lunedì al Venerdì | 6:30-17:30 | Sabato | 7:00-12:00,"45.12379,9.55558"
C080123,Ferramenta Turrini Srl,https://turriniferramenta.it/,"Z.A. San Graziano,2",,37067,Valeggio Sul Mincio,VR,IT,+39457950022,info@turriniferramenta.it,+39456371696,,45.344415,10.737602,95748,,regular_dealer,True,False,False,,,False,,,premium-partner; regular-dealer,Dal Lunedì al Venerdì | 8:00-12:00 / 14:30-19:00 | Sabato | 8:00-12:30,Dal Lunedì al Venerdì | 8:00-12:00 / 14:30-19:00 | Sabato | 8:00-12:30,"45.12379,9.55558"
C159365,Rossetti Market Srl,https://www.rossettimarket.it,"Via Emilia Est, 1388",,29010,Alseno,PC,IT,05231860628,FERRAMENTA@ROSSETTIMARKET.IT,,,45.055976,9.61189,8740,,regular_dealer,False,False,False,,,False,,,regular-dealer,lun-ven |08:30-12:30/14:00-19:30,,"45.12379,9.55558"
C079986,MACH EDIL 2000 S.R.L.,https://www.machedil2000.it/,"S.P. 107 Loc. Barattiera,",,26817,San Martino In Strada,LO,IT,+39371476152,laura@machedil2000srl.191.it,+39371476024,,45.272927,9.524426,16761,,regular_dealer,False,False,False,,,False,,,regular-dealer,,,"45.12379,9.55558"
C136176,A.M. MORSCIA SRL,,via Caduti sulla strada 18,,29100,Piacenza,PC,IT,0523593440,CAMILLA.LANATI@MORSCIA.IT,0523593086,,45.03951,9.71186,15438,,regular_dealer,False,False,False,,,False,,,regular-dealer,,,"45.12379,9.55558"
C204884,BURONI-BOSSI SRL,,Via Portapuglia 6/B,,29121,Piacenza,Piacenza,IT,0523593289,,,,45.05138,9.72804,15751,,regular_dealer,False,False,False,,,False,,,regular-dealer,,,"45.12379,9.55558"
C136118,Carioli Forniture Industriali Srl,,Via Roggia Vailata 35,,24047,Treviglio,,IT,,,,,45.510565,9.59027,43090,,regular_dealer,False,False,False,,,False,,,regular-dealer,,,"45.12379,9.55558"
C205064,UTENSILERIA TIBERINA S.R.L.,,"Via Grandi,7 Zona Ind.Le Nord",,06012,Citta' Di Castello,Perugia,IT,075/8521388,,,,45.48319,9.389773,42012,,regular_dealer,False,False,False,,,False,,,regular-dealer,,,"45.12379,9.55558"
C135943,FERRAMENTA VIGNOLA,,Via Kennedy 15,,20053,Rodano,Milano,IT,0295320136,,,,45.472801,9.335242,42460,,regular_dealer,False,False,False,,,False,,,regular-dealer,,,"45.12379,9.55558"
C079985,GIUSEPPE FACCHINETTI SRL,https://www.facchinetti.tv/it/,"Via Degli Abeti, 7",,20064,Gorgonzola,MI,IT,+3929513205,info@facchinetti.tv,+3929513442,,45.525551,9.408958,46118,,regular_dealer,False,False,False,,,False,,,regular-dealer,Dal Lunedì al Venerdì | 8:30-12:00 / 14:00-18:00 | Sabato | 8:30-12:00,Dal Lunedì al Venerdì | 8:30-12:00 / 14:00-18:00 | Sabato | 8:30-12:00,"45.12379,9.55558"
C080018,HERMES S.N.C. DI IMERI G.&C.,https://hermesamministrazi.wixsite.com/hermes-brignano,"Via I Maggio, 14",,24053,Brignano Gera D'Adda,BG,IT,+39363381913,hermessnc@gmail.com,+39363814440,,45.548788,9.654555,47884,,regular_dealer,False,False,False,,,False,,,regular-dealer,Dal Lunedì al Venerdì | 9:00-12:30 / 15:00-19:00 | Sabato | 9:00-12:30,Dal Lunedì al Venerdì | 9:00-12:30 / 15:00-19:00 | Sabato | 9:00-12:30,"45.12379,9.55558"
C204969,FOMAR SRL,,Via Bergamo 90,,26100,Cremona,Cremona,IT,037222279,,,,45.149716,10.009884,35749,,regular_dealer,False,False,False,,,False,,,regular-dealer,,,"45.12379,9.55558"
C205049,RS COMPONENTS SRL,,Via Tobagi 19,,20090,Vimodrone,Milano,IT,,,,,45.516831,9.303147,47951,,regular_dealer,False,False,False,,,False,,,regular-dealer,,,"45.12379,9.55558"
C159768,Locatelli Forniture,https://www.locatelli-srl.it/,Corso Europa 95,,24040,Zingonia Ciserano,BG,IT,035-4810335,LOCATELLI@LOCATELLI-SRL.IT,035-4821685,,45.594763,9.60119,52488,,regular_dealer,False,False,False,,,False,,,regular-dealer,"Lun-Ven |08–12, 13:30–18; Sab 08-12",,"45.12379,9.55558"
C204897,CENTRO DISTRIBUZIONE UTENSILI SPA,,Via Delle Gerole 19,,20867,Caponago,Monza e Brianza,IT,0295746081,,,,45.564166,9.36111,51269,,regular_dealer,False,False,False,,,False,,,regular-dealer,,,"45.12379,9.55558"
C136459,COLMAT S.R.L.,,"Via De Coubertin, 25",,20873,Cavenago Brianza,MI,IT,02-9501220,SILVIA@COLMATSRL.IT,,,45.583191,9.401364,52482,,regular_dealer,False,False,False,,,False,,,regular-dealer,,,"45.12379,9.55558"
C171021,Nuova U.T.M.A: Srl,,Venezia 8,,24057,Martinengo,Bergamo,IT,+390363904208,info@nuovautma.com,+390363904208,,45.565456,9.762843,51710,,regular_dealer,False,False,False,,,False,,,regular-dealer,,,"45.12379,9.55558"
C080023,GRUBERG SPA,http://www.gruberg.it/,Cascina CasAle,,24055,Cologno Al Serio,BG,IT,+39354188011,info@gruberg.it,+39354188099,,45.588976,9.723831,53368,,regular_dealer,False,False,False,,,False,,,regular-dealer,Dal Lunedì al Venerdì | 7:00-12:00 / 13:30-18:30 | Sabato | 7:00-12:00,Dal Lunedì al Venerdì | 7:00-12:00 / 13:30-18:30 | Sabato | 7:00-12:00,"45.12379,9.55558"
C204968,FIN GROUP S.R.L.,,Via Sentieri 44,,24050,Cividate Al Piano,Bergamo,IT,0363-976444,,,,45.553553,9.828644,52334,,regular_dealer,False,False,False,,,False,,,regular-dealer,,,"45.12379,9.55558"
C204900,CENTROEDILE MILANO S.R.L.,,Via Trezzo 890,,20871,Vimercate,Monza e Brianza,IT,039-6085001,,,,45.614655,9.399872,55917,,regular_dealer,False,False,False,,,False,,,regular-dealer,,,"45.12379,9.55558"
C166880,Turrini Utensili Srl,,Via Don Milani 7,,24050,Zanica,BG,IT,+39035401065,commerciale@turriniutensili.it,+39035402523,,45.623855,9.688296,56560,,regular_dealer,False,False,False,,,False,,,regular-dealer,,,"45.12379,9.55558"
C134432,BARCELLA ELETTROFORNITURE S.P.A.,,Via San Martino 1,,24052,Azzano San Paolo,Bergamo,IT,035539011,,,,45.667533,9.673929,61160,,regular_dealer,False,False,False,,,False,,,regular-dealer,,,"45.12379,9.55558"
C204950,PREVITALI RITA,,"Via C.A. Dalla Chiesa, N. 10/05",,24048,Curnasco Di Treviolo,Bergamo,IT,,,,,45.68017,9.620484,62070,,regular_dealer,False,False,False,,,False,,,regular-dealer,,,"45.12379,9.55558"
C163117,Ferramenta Bolis,https://www.ferramentabolis.it/,viale Europa 6 D-E,,24050,Grassobbio,BG,IT,+39035525295,INFO@FERRAMENTABOLIS.IT,+39035525295,,45.659574,9.719826,60938,,regular_dealer,False,False,False,,,False,,,regular-dealer,Lun-Ven |08:30–12:30 14:00–19:00,,"45.12379,9.55558"
C250330,Ferramenta Carozzi Srl,https://www.ferramentacarozzi.it,"Strada delle Brigole, 27",,23877,Paderno D'Adda,LC,IT,+39395320170,ferramentacarozzi@gmail.com,,,45.678164,9.433417,62374,,regular_dealer,False,False,False,,,False,,,regular-dealer,,,"45.12379,9.55558"
C080014,EMMETRE UTENSILI E FERRAMENTA S.R.L.,https://www.emmetreutensili.it/,Via Spluga 30/32,,23870,Cernusco Lombardone,LC,IT,+39399907495,,+39399907652,,45.69229,9.40182,64340,,regular_dealer,False,False,False,,,False,,,regular-dealer,Dal Lunedì al Venerdì | 8:30-12:30 / 14:30-19:00 | Sabato | 8:30-12:30,Dal Lunedì al Venerdì | 8:30-12:30 / 14:30-19:00 | Sabato | 8:30-12:30,"45.12379,9.55558"
C080021,POMA MARIO SRL,https://www.pomamario.it/,Via Ghislandi 59,,24125,Bergamo,BG,IT,+3935247326,roberto@pomamario.it,+3935235007,,45.699402,9.686006,64806,,regular_dealer,False,False,False,,,False,,,regular-dealer,Dal Lunedì al Venerdì | 7:30-12:00 / 14:00-18:00 | Sabato | 8:30-12:00,Dal Lunedì al Venerdì | 7:30-12:00 / 14:00-18:00 | Sabato | 8:30-12:00,"45.12379,9.55558"
C204890,CAMBIELLI  SPA,,Via C. Correnti 51,,24124,Bergamo,Bergamo,IT,035-368011,,,,45.709553,9.701839,66123,,regular_dealer,False,False,False,,,False,,,regular-dealer,,,"45.12379,9.55558"
C134946,F.lli Limonta S.r.l.,,"Viao G. Parini, 43",,23880,Casatenovo,LC,IT,039/9205369,LOCATI.GIACOMO@LIMONTACOLORI.COM, 039/9205023   ,,45.703008,9.304921,67309,,regular_dealer,False,False,False,,,False,,,regular-dealer,,,"45.12379,9.55558"
C159366,Colzani Eugenio & C.,http://www.utensileriacolzani.it/,"Via per Molteno, 29/2",,23848,Oggiono,LC,IT,0341577735,INFO@UTENSILERIACOLZANI.IT,0341578792,,45.786616,9.336752,75649,,regular_dealer,False,False,False,,,False,,,regular-dealer,,,"45.12379,9.55558"
C159373,Utensileria Carlo ,https://www.spreafico.it/,Corso Emanuele Filiberto 72/74,,23900,Lecco - Località Maggianico,LC,IT,0341-285675,acquisti@spreafico.it,0341-364720,,45.83073,9.414794,79367,,regular_dealer,False,False,False,,,False,,,regular-dealer,"Lun-Ven |08–12, 13:30–17:30",,"45.12379,9.55558"
C205043,REXEL ITALIA S.P.A.,,Via Vergnano 2,,25125,Brescia,Brescia,IT,030-351200,,,,45.531807,10.181647,66733,,regular_dealer,False,False,False,,,False,,,regular-dealer,,,"45.12379,9.55558"
C170754,Riva & Brutti Srl,,"Casnedi, 58",,23868,Valmadrera,LC,IT,+39341581374,info@rivaebrutti.it,+39341206563,,45.846966,9.359762,81845,,regular_dealer,False,False,False,,,False,,,regular-dealer,,,"45.12379,9.55558"
C079959,STEFANINI F.LLI SRL,http://www.stefanini.it/,"Via San Marco, 10",,25075,Nave,BS,IT,+39302534016,info@stefanini.it,+39302533977,,45.585042,10.255571,74977,,regular_dealer,False,False,False,,,False,,,regular-dealer,Dal Lunedì al Venerdì | 8:00-12:00 / 14:00-18:00,Dal Lunedì al Venerdì | 8:00-12:00 / 14:00-18:00,"45.12379,9.55558"
C204922,DIMA STAR SRL,,Via Vittorio Veneto 1/D,,23815,Introbio,Lecco,IT,0341-983042,,,,45.96566,9.450907,93961,,regular_dealer,False,False,False,,,False,,,regular-dealer,,,"45.12379,9.55558"
C131836,Ferramenta Valverde,,Molini 71,,25082,Botticino,BS,IT,030-2693293,INFO@FERRAMENTAVALVERDE.IT,030-2198168,,45.52828,10.308009,74044,,regular_dealer,False,False,False,,,False,,,regular-dealer,,,"45.12379,9.55558"
C135597,MORA LUCIANO,,Via A. Gosa 35/B,,25085,Gavardo,Brescia,IT,0365/31668,,,,45.586327,10.437637,85991,,regular_dealer,False,False,False,,,False,,,regular-dealer,,,"45.12379,9.55558"
C159851,Baiocco Augusto e Massimo SNC,https://www.baiocchiedilizia.it/it/,"Viale Guglielmo Marconi, 31",,46010,Gazzuolo,MN,IT,0376 97148,baiocchiedilizia@gmail.com,,,45.062925,10.577401,80491,,regular_dealer,False,False,False,,,False,,,regular-dealer,Dal Lunedì al Venerdì -|07:30-12:00 / 13:30-18:00 Sabato 8:00-12:00,,"45.12379,9.55558"
C204964,FERRAMENTA STELLA ALPINA S.N.C,,Via Calame' 4,,25042,Borno,Brescia,IT,0364/41598,,,,45.945211,10.202355,104303,,regular_dealer,False,False,False,,,False,,,regular-dealer,,,"45.12379,9.55558"
C066712,AMAC S.A.S.,,Via Goito 25,,46040,Guidizzolo,Mantova,IT,,,,,45.316513,10.589632,83773,,regular_dealer,False,False,False,,,False,,,regular-dealer,,,"45.12379,9.55558"
C204943,EMMEPI PANNELLI SRL,,Via Mantova 235/D,,46034,Romanore,Mantova,IT,,,,,45.059693,10.754737,94398,,regular_dealer,False,False,False,,,False,,,regular-dealer,,,"45.12379,9.55558"
C133463,Market Ferramenta Srl,,"Strada Romana, 4",,46034,Borgo Virgilio,MN,IT,0376 448137,info@marketferramenta.it,,,45.123089,10.788774,96747,,regular_dealer,False,False,False,,,False,,,regular-dealer,,,"45.12379,9.55558"
C012164,Ferramenta Veneta srl,https://www.toolshopitalia.it/,Via Monte Amiata 1,,37057,San Giovanni Lupatoto,Verona,IT,+39 045 2529175,info@toolshopitalia.it,,,45.39531,11.013363,30683,,ONLINE_PURE_PLAYER; regular_dealer,True,True,False,NORMAL; PICKUP; EXPRESS,CASH; CREDITCARD; DEBIT; EC_CARD; PAYPAL,False,,company.b2b; company.b2c,expert-powertools; express; premium-partner; regular-dealer,Dal Lunedì al Venerdì | 8:00-12:30 / 14:00-18:30,Dal Lunedì al Venerdì | 8:00-12:30 / 14:00-18:30,"45.12379,11.08337"
C067051,ELETTROM. CROCE SNC,https://www.elettromeccanicacroce.it/,Via Macchiavelli 6,,37050,Vago di Lavagno,VR,IT,+3945982195,elettro.croce@tin.it,+3945982195,,45.41854,11.124944,32934,,regular_dealer,True,True,False,,,False,,,expert-powertools; premium-partner; regular-dealer,Dal Lunedì al Venerdì | 8:00-12:00 / 14:00-18:00 | Sabato | 8:00-12:00,Dal Lunedì al Venerdì | 8:00-12:00 / 14:00-18:00 | Sabato | 8:00-12:00,"45.12379,11.08337"
C086596,EDIL CDP S.R.L.,,Strada Dell' Alpo 16,,37136,Verona,VR,IT,+39 045 508866,info@edilcdp.it,+39 045 8203647,,45.40565,10.957419,32853,,regular_dealer,True,True,False,,,False,,,expert-powertools; premium-partner; regular-dealer,,,"45.12379,11.08337"
C132250,FERRAMENTA CALDON SNC,,"via Toricelli, 50 zona ZAI",,37136,Verona,VR,IT,+39045583077,info@caldon.it,,,45.411666,10.955197,33543,,regular_dealer,True,True,False,,,False,,,expert-powertools; premium-partner; regular-dealer,,,"45.12379,11.08337"
C080107,STEA SRL,https://www.gruppostea.it,"Via Einaudi, 80",,36040,Brendola,VI,IT,+39444914381,info@gruppostea.it,+39444912341,,45.478222,11.427703,47731,,regular_dealer,True,True,False,,,False,,,expert-powertools; premium-partner; regular-dealer,Dal Lunedì al Venerdì | 8:00-12:00 / 14:00-17:30,Dal Lunedì al Venerdì | 8:00-12:00 / 14:00-17:30,"45.12379,11.08337"
C080098,FER.UT.AL. SRL,https://www.ferutal.it/,"ViAle Pietro Ceccato, 66/92",,36041,Alte di Montecchio Maggiore,VI,IT,+39444602661,ferutal@ferutal.it,+39444496347,,45.494913,11.436104,49634,,regular_dealer,True,True,False,,,False,,,expert-powertools; premium-partner; regular-dealer,Dal Lunedì al Venerdì | 8:00-12:00 / 14:30-18:30 | Sabato | 8:00-12:00,Dal Lunedì al Venerdì | 8:00-12:00 / 14:30-18:30 | Sabato | 8:00-12:00,"45.12379,11.08337"
C136441,ZORZETTO GIANNI Clinica Dell'utensile,,"via del Commercio, 30",,36100,Vicenza,VI,IT,+390444288335,commerciale@clinicautensile.it,,,45.526617,11.500795,55416,,regular_dealer,True,True,False,,,False,,,expert-powertools; premium-partner; regular-dealer,,,"45.12379,11.08337"
C080111,UTENSILERIA PORNARO SNC,http://www.utensileriapornaro.it/,"Via Pasubio, 50",,36033,Isola Vicentina,VI,IT,+39444976086,info@utensileriapornaro.it,+39444976781,,45.636489,11.437059,63346,,regular_dealer,True,True,False,,,False,,,expert-powertools; premium-partner; regular-dealer,Dal Lunedì al Venerdì | 8:00-12:00 / 14:00-18:30 | Sabato | 8:00-12:00,Dal Lunedì al Venerdì | 8:00-12:00 / 14:00-18:30 | Sabato | 8:00-12:00,"45.12379,11.08337"
C080105,PICCOLIN ITALO SNC,https://www.piccolinitalosrl.it/,"Strada Postumia, 96/D",,36100,Vicenza,VI,IT,+39444535475,info@piccolinitalosrl.it,+39444535506,,45.57286,11.582586,63363,,regular_dealer,True,True,False,,,False,,,expert-powertools; premium-partner; regular-dealer,Dal Lunedì al Venerdì | 8:00-12:00 / 14:00-18:30 | Sabato | 9:00-12:00,Dal Lunedì al Venerdì | 8:00-12:00 / 14:00-18:30 | Sabato | 9:00-12:00,"45.12379,11.08337"
C080106,PIZZATO FRANCESCO SNC (STEA SRL),http://www.pizzatofrancesco.it/,"Via Giarrette, 10",,36046,Lusiana,VI,IT,+39424406166,pizzato@gruppostea.it,,,45.773273,11.562348,81308,,regular_dealer,True,True,False,,,False,,,expert-powertools; premium-partner; regular-dealer,Dal Lunedì al Venerdì | 7:00-12:00 / 13:30-18:30 | Sabato | 7:30-12:00,Dal Lunedì al Venerdì | 7:00-12:00 / 13:30-18:30 | Sabato | 7:30-12:00,"45.12379,11.08337"
C151288,ZANUTTA SPA,,Via Uruguay 1,,35127,Padova,Padova,IT,,,,,45.402263,11.930367,73161,,regular_dealer,True,True,False,,,False,,,expert-powertools; premium-partner; regular-dealer,,,"45.12379,11.08337"
C080067,FRAU,https://www.frausrl.it/,V. Ix Strada 26 - Z.I.,,35129,Padova,PD,IT,+3949773366,info@frausrl.it,+3949775061,,45.414599,11.934749,74054,,regular_dealer,True,True,False,,,False,,,expert-powertools; premium-partner; regular-dealer; service-center; service-partner,Dal Lunedì al Venerdì | 8:00-12:30 / 14:30-18:00,Dal Lunedì al Venerdì | 8:00-12:30 / 14:30-18:00,"45.12379,11.08337"
C080112,ZACCHIA / STEA,https://www.zacchiasrl.com/en/,"Via Aurelia, 99",,35010,Loreggia,PD,IT,+39495790582,commerciale1@zacchiasrl.com,+39499300165,,45.600501,11.945507,85708,,regular_dealer,True,True,False,,,False,,,expert-powertools; premium-partner; regular-dealer,Lunedì | 15:30-19:30 | Dal Martedì al Venerdì | 9:00-12:30 / 15:30-19:30 | Sabato | 9:00-12:30 / 15:00-19:30,Lunedì | 15:30-19:30 | Dal Martedì al Venerdì | 9:00-12:30 / 15:30-19:30 | Sabato | 9:00-12:30 / 15:00-19:30,"45.12379,11.08337"
C080099,FRATELLI BONATO SNC,https://www.bonatonline.com/,"Via Pacinotti, 6",,35017,Piombino Dese,PD,IT,+39423480234,bonatopiombino@bonatonline.com,+39423715073,,45.609009,11.989943,89028,,regular_dealer,True,True,False,,,False,,,expert-powertools; premium-partner; regular-dealer,Dal Lunedì al Venerdì | 8:00-12:00 / 14:00-18:30 | Sabato | 8:00-12:00,Dal Lunedì al Venerdì | 8:00-12:00 / 14:00-18:30 | Sabato | 8:00-12:00,"45.12379,11.08337"
C162651,Bonato Fratelli Srl,,"Via Roma, 20",,31023,Resana,TV,IT,,ulisse.bonato@tin.it,,,45.62832,11.95632,88292,,regular_dealer,False,True,False,,,False,,,expert-powertools; regular-dealer,,,"45.12379,11.08337"
C162650,Bonato Fratelli Srl,,"Via dei Faggi, 4",,31033,Castelfranco Veneto,TV,IT,,,,,45.681854,11.934986,90941,,regular_dealer,False,True,False,,,False,,,expert-powertools; regular-dealer,,,"45.12379,11.08337"
C080127,PAULETTI S.R.L./STEA,http://www.pauletti.it/,"Via Casa Zamboni, 9",,37024,Arbizzano di Negrar,VR,IT,+39457513227,info@pauletti.it,+39457514812,,45.489727,10.940078,42203,,regular_dealer,True,False,False,,,False,,,premium-partner; regular-dealer,Dal Lunedì al Venerdì | 7:00-12:00 / 13:00-18:30 | Sabato | 8:00-12:00,Dal Lunedì al Venerdì | 7:00-12:00 / 13:00-18:30 | Sabato | 8:00-12:00,"45.12379,11.08337"
C080096,ELETTROMECCANICA F.LLI BARI SNC,https://www.fbari.com/,"Via A. Pompele, 3",,36040,Sarego,VI,IT,+39444436450,info@fbari.com,+39444831277,,45.420257,11.398008,41143,,regular_dealer,True,False,False,,,False,,,premium-partner; regular-dealer,Dal Lunedì al Venerdì | 8:00-12:00 / 14:00-18:30 | Sabato | 8:00-12:00,Dal Lunedì al Venerdì | 8:00-12:00 / 14:00-18:30 | Sabato | 8:00-12:00,"45.12379,11.08337"
C080104,MUNARETTO CAV.LINO SNC,http://www.munarettolino.it/,Strada StatAle 11 N.15,,36077,Tavernelle di Altavilla Vicentina,VI,IT,+39444371229,altavilla@munarettolino.it,+39444374552,,45.515033,11.461254,52585,,regular_dealer,True,False,False,,,False,,,premium-partner; regular-dealer,Dal Lunedì al Venerdì | 7:30-12:00 / 13:00-18:30 | Sabato | 7:30-12:00,Dal Lunedì al Venerdì | 7:30-12:00 / 13:00-18:30 | Sabato | 7:30-12:00,"45.12379,11.08337"
C080103,MUNARETTO CAV. LINO SNC,http://www.munarettolino.it/,Via Santo 39,,36016,Thiene,VI,IT,+39445387001,matteo@munarettolino.it,+39445387010,,45.672891,11.489479,68796,,regular_dealer,True,False,False,,,False,,,premium-partner; regular-dealer,Dal Lunedì al Venerdì | 7:30-12:00 / 13:00-18:30 | Sabato | 7:30-12:00,Dal Lunedì al Venerdì | 7:30-12:00 / 13:00-18:30 | Sabato | 7:30-12:00,"45.12379,11.08337"
C080065,EDILSERRAJOTTO,http://www.edilserrajotto.it/,"Via Paolo Vigano', 6",,31031,Caerano San Marco,TV,IT,+39423650018,massimo@edilserrajotto.it,+39423650514,,45.78091,11.9926,101822,,regular_dealer,True,False,False,,,False,,,premium-partner; regular-dealer,Dal Lunedì al Venerdì | 7:30-12:00 / 13:30-19:00 | Sabato | 8:00-12:00,Dal Lunedì al Venerdì | 7:30-12:00 / 13:30-19:00 | Sabato | 8:00-12:00,"45.12379,11.08337"
C159855,Elettromeccanica Viani di Viani,,"via Silvio Pellico, 8",,46035,Ostiglia,MN,IT,0386-802383,viani.maurizio@gmail.com,0386-802383,,45.067762,11.141514,7722,,regular_dealer,False,False,False,,,False,,,regular-dealer,"Dal lunedì al venerdì dalle: |08,00 alle 12,00 - 14,00 alle 18,30",,"45.12379,11.08337"
C159853,De Togni Ferramenta e Siderurgici Srl,https://camero.group/detogni/,"via Mantova, 23",,37045,Legnago,VR,IT,0442 22844,info@detogni.biz,,,45.190932,11.29161,17953,,regular_dealer,False,False,False,,,False,,,regular-dealer,"Dal luedì al venerdì orari |8,30-12,00 e 14,00-18,00",,"45.12379,11.08337"
C204887,C.T.S. SRL,,"Via della Tecnica, 17",,37030,Lavagno,Verona,IT,0454647369,,,,45.41295,11.13841,32438,,regular_dealer,False,False,False,,,False,,,regular-dealer,,,"45.12379,11.08337"
C067440,SimeVignuda S.p.A.,,"via Torricelli, 9",,37135,Verona,VR,IT,+390458270827,simevignuda@gruppocomet.it,+390458270870,,45.404665,10.968011,32509,,regular_dealer,False,False,False,,,False,,,regular-dealer,,,"45.12379,11.08337"
C080126,CENTROEDILE/STEA,https://www.gruppostea.it/rivenditori-edili/centroedile/,"Via Bartolomeo Avesani, 20",,37135,Verona,VR,IT,+39458069159,centroedile@gruppostea.it,+39458944423,,45.423692,10.992944,34088,,regular_dealer,False,False,False,,,False,,,regular-dealer,Dal Lunedì al Venerdì | 7:00-12:00 / 13:30-18:30 | Sabato | 7:00-12:00,Dal Lunedì al Venerdì | 7:00-12:00 / 13:30-18:30 | Sabato | 7:00-12:00,"45.12379,11.08337"
C080119,F.LLI POSENATO SNC,https://www.posenatofratelli.com/,Via Monti Lessini 23/C,,37132,Verona,VR,IT,+3945974136,posenato@gruppostea.it,,,45.434774,11.042056,34728,,regular_dealer,False,False,False,,,False,,,regular-dealer,Dal Lunedì al Venerdì | 7:00-12:00 / 13:00-18:00,Dal Lunedì al Venerdì | 7:00-12:00 / 13:00-18:00,"45.12379,11.08337"
C080093,EDILTOSI / STEA,http://www.ediltosi.it/,"Via NazionAle, 157",,37030,Colognola Ai Colli,VR,IT,+39456151066,info@ediltosi.it,,,45.408105,11.22689,33548,,regular_dealer,False,False,False,,,False,,,regular-dealer,Dal Lunedì al Venerdì | 7:00-12:00 / 13:00-18:00 | Sabato | 7:00-12:00,Dal Lunedì al Venerdì | 7:00-12:00 / 13:00-18:00 | Sabato | 7:00-12:00,"45.12379,11.08337"
C204880,OMC LOCOMOTIVE VERONA,,Viale Stazione Porta Vescovo 3,,37133,Verona,Verona,IT,0458439413,,,,45.436064,11.019066,35084,,regular_dealer,False,False,False,,,False,,,regular-dealer,,,"45.12379,11.08337"
C204953,FERRAMENTA BERTOLAS BASILIO S.,,Via Cavalieri V.Veneto 20,,37047,San Bonifacio,Verona,IT,045-7613537,,,,45.395805,11.272522,33673,,regular_dealer,False,False,False,,,False,,,regular-dealer,,,"45.12379,11.08337"
C080094,EDILTOSI / STEA,http://www.ediltosi.it/,Via dell'Artigianato 2,,37032,Costalunga di Monforte D'Alpone,VR,IT,+39456176168,info@ediltosi.it,+39456176168,,45.442982,11.302247,39405,,regular_dealer,False,False,False,,,False,,,regular-dealer,Dal Lunedì al Venerdì | 7:00-12:00 / 13:00-18:00 | Sabato | 7:00-12:00,Dal Lunedì al Venerdì | 7:00-12:00 / 13:00-18:00 | Sabato | 7:00-12:00,"45.12379,11.08337"
C204965,FERRAMENTA VANZO,,Via Giuseppe Pino 22,,36072,Chiampo,Vicenza,IT,0444-623167,,,,45.5447,11.278812,49230,,regular_dealer,False,False,False,,,False,,,regular-dealer,,,"45.12379,11.08337"
C080100,MAGNABOSCO GUIDO SRL,https://www.magnaboscoexpress.com/,"ViAle dell'Industria, 56",,36071,Arzignano,VI,IT,+39444670597,info@magnabosco.it,+39444450462,,45.511806,11.345767,47772,,regular_dealer,False,False,False,,,False,,,regular-dealer,Dal Lunedì al Venerdì | 8:00-12:00 / 14:00-18:00,Dal Lunedì al Venerdì | 8:00-12:00 / 14:00-18:00,"45.12379,11.08337"
C080101,MATERIALI EDILI LAZZARI,https://www.lazzarisrl.biz/,Via Sandri 9,,36070,Trissino,VI,IT,+39445962168,lazzari@gruppostea.it,,,45.563499,11.376438,53989,,regular_dealer,False,False,False,,,False,,,regular-dealer,Dal Lunedì al Venerdì | 7:00-12:00 / 13:00-18:30 | Sabato | 7:00-12:00,Dal Lunedì al Venerdì | 7:00-12:00 / 13:00-18:30 | Sabato | 7:00-12:00,"45.12379,11.08337"
C080095,EDILVENCATO / STEA,https://www.edilvencato.it/,"Via Campagna, 36",,36078,Valdagno,VI,IT,+39445402790,federico@edilvencato.it,,,45.628188,11.306527,58729,,regular_dealer,False,False,False,,,False,,,regular-dealer,Dal Lunedì al Venerdì | 7:30-12:00 / 13:30-18:00 | Sabato | 8:00-12:00,Dal Lunedì al Venerdì | 7:30-12:00 / 13:30-18:00 | Sabato | 8:00-12:00,"45.12379,11.08337"
C163936,Ferramenta Cornedese Snc,https://www.ferramentacornedese.it,"via Monte Verlaldo, 125",,36073,Cornedo Vicentino,VI,IT,+390445951873,vendite@ferramentacornedese.it,,,45.592911,11.376109,56955,,regular_dealer,False,False,False,,,False,,,regular-dealer,"Da lunedì a venerdì: |08:00 - 12:00, 14:30 - 19:00 | Sabato: |08:00 - 12:00",,"45.12379,11.08337"
C080090,BONO FRATELLI S.P.A.,http://www.bonoflli.it/,Via dell'Economia 131 C.P. 803,,36100,Vicenza,VI,IT,+39444990990,luigi.mazzardi@bonoflli.it,+39444990900,,45.523771,11.508517,55520,,regular_dealer,False,False,False,,,False,,,regular-dealer,Dal Lunedì al Venerdì | 8:00-12:00 / 14:00-17:30,Dal Lunedì al Venerdì | 8:00-12:00 / 14:00-17:30,"45.12379,11.08337"
C080092,EDILBERICA,http://www.edilberica.it/italiano/default.aspx,"Via Riviera Berica, 391",,36100,Vicenza,VI,IT,+39444530594,info@edilberica.it,,,45.516321,11.566118,57700,,regular_dealer,False,False,False,,,False,,,regular-dealer,Dal Lunedì al Venerdì | 7:30-12:00 / 13:15- 18:30 | Sabato | 7:30-12:00,Dal Lunedì al Venerdì | 7:30-12:00 / 13:15- 18:30 | Sabato | 7:30-12:00,"45.12379,11.08337"
C080109,TESVE,http://www.tesve.it/,"Via L. Da Vinci, 30",,36034,Malo,VI,IT,+39445602272,commerciale.malo@tesve.it,,,45.650622,11.421058,64239,,regular_dealer,False,False,False,,,False,,,regular-dealer,Dal Lunedì al Venerdì | 7:30-12:00 / 13:30-18:00 | Sabato | 7:30-12:00,Dal Lunedì al Venerdì | 7:30-12:00 / 13:30-18:00 | Sabato | 7:30-12:00,"45.12379,11.08337"
C080108,TESVE,http://www.tesve.it/,"Via Pasubio, 2",,36030,Caldogno,VI,IT,+39445602272,commerciale.malo@tesve.it,,,45.610662,11.500556,63187,,regular_dealer,False,False,False,,,False,,,regular-dealer,Dal Lunedì al Venerdì | 7:30-12:00 / 13:30-18:00 | Sabato | 7:30-12:00,Dal Lunedì al Venerdì | 7:30-12:00 / 13:30-18:00 | Sabato | 7:30-12:00,"45.12379,11.08337"
C080091,BONO FRATELLI S.P.A.,http://www.bonoflli.it/,"Via lago Di Lugano, 28",,36015,Schio,VI,IT,+39445575333,schio@bonoflli.it,+39445575333,,45.719189,11.406593,70844,,regular_dealer,False,False,False,,,False,,,regular-dealer,Dal Lunedì al Venerdì | 8:00-12:00 / 14:00-17:30,Dal Lunedì al Venerdì | 8:00-12:00 / 14:00-17:30,"45.12379,11.08337"
C163937,GM Tools Srl,,"via V.Veneto, 32",,35043,Monselice,PD,IT,+390429783784,commerciale@gmtools.it,,,45.229425,11.754689,53912,,regular_dealer,False,False,False,,,False,,,regular-dealer,,,"45.12379,11.08337"
C135203,Fiaba SNC,,"via Mancamento, 1/11",,36043,Camisano Vicentino,VI,IT,+390444410680,info@fiabaonline.it,,,45.497651,11.710064,64260,,regular_dealer,False,False,False,,,False,,,regular-dealer,,,"45.12379,11.08337"
C204971,FORNITURE INDUSTRIALI MORO SNC,,Via Astico 24,,36030,Fara Vicentino,Vicenza,IT,0445397072,,,,45.73313,11.541425,76602,,regular_dealer,False,False,False,,,False,,,regular-dealer,,,"45.12379,11.08337"
C079973,CAMBIELLI EDILFRIULI SPA,https://www.cambielliedilfriuli.it/,"Via Enrico Fermi, 1",,35030,Caselle di Selvazzano Dentro,PD,IT,+39498974591,,+39498973947,,45.410385,11.816355,65617,,regular_dealer,False,False,False,,,False,,,regular-dealer,Dal Lunedì al Venerdì | | 8:00-12:00 / 14:00-18:30,Dal Lunedì al Venerdì | | 8:00-12:00 / 14:00-18:30,"45.12379,11.08337"
C204949,FERCA  SOCIETA'  COOPERATIVA,,Via Iv Novembre 19/21,,35010,Limena,Padova,IT,049-8840510,,,,45.466867,11.845324,70759,,regular_dealer,False,False,False,,,False,,,regular-dealer,,,"45.12379,11.08337"
C134733,Guerin Srl,,"G. Marconi, 24",,36050,Cartigliano,VI,IT,+390424590202,commerciale@guerin.it,,,45.713161,11.695848,81113,,regular_dealer,False,False,False,,,False,,,regular-dealer,,,"45.12379,11.08337"
C134423,ARROWELD ITALIA S.P.A.,,Via Bortolo Sacchi,,36061,Bassano Del Grappa,Vicenza,IT,0424-882511,,,,45.751285,11.723115,85785,,regular_dealer,False,False,False,,,False,,,regular-dealer,,,"45.12379,11.08337"
C079970,CAMBIELLI EDILFRIULI SPA,https://www.cambielliedilfriuli.it/,Via Croceron 115,,36022,Cassola,VI,IT,+39424566000,,+39424566720,,45.740547,11.758162,86457,,regular_dealer,False,False,False,,,False,,,regular-dealer,Dal Lunedì al Venerdì | 8:00-12:00 / 14:00-18:30,Dal Lunedì al Venerdì | 8:00-12:00 / 14:00-18:30,"45.12379,11.08337"
C204936,ELETTROMECCANICA CA' BARONCELLO,,Via Roma 66,,36061,Bassano Del Grappa,Vicenza,IT,0424-523957,,,,45.765419,11.735308,87613,,regular_dealer,False,False,False,,,False,,,regular-dealer,,,"45.12379,11.08337"
C135421,Janni & Ceschi S.r.l.,,Via della Stazione 2,,28855,Masera,,IT,,,,,46.132908,8.325461,22009,,regular_dealer,True,True,False,,,False,,,expert-powertools; premium-partner; regular-dealer,,,"46.20176,8.05749"
C067117,FERRAMENTA BIANCHETTI,,"Via Domodossola, 47",,28844,VILLADOSSOLA,VB,IT,0324-51103,INFO@FERRAMENTABIANCHETTI.IT,,,46.083114,8.275329,21346,,regular_dealer,False,False,False,,,False,,,regular-dealer,,,"46.20176,8.05749"
C204963,FERRAMENTA SAGLIO LUCA,,Viale Della Rimembranza 1,,22014,Dongo,Como,IT,0344-81302,,,,46.1261,9.2815,94634,,regular_dealer,False,False,False,,,False,,,regular-dealer,,,"46.20176,8.05749"
C079962,FERRAMENTA MAGRO SILVIO,https://www.ferramentamagro.it/,Via NazionAle 80,,23030,Villa di Tirano,SO,IT,,magrosilvio@tiscali.it,,,46.202044,10.136715,40150,,regular_dealer,True,True,False,,,False,,,expert-powertools; premium-partner; regular-dealer,Dal Lunedì al Venerdì | 7:30-12:00 / 13:30-18:30 | Sabato | 7:30-12:00,Dal Lunedì al Venerdì | 7:30-12:00 / 13:30-18:30 | Sabato | 7:30-12:00,"46.20176,9.61499"
C159367,Martelli Mauro,http://www.martellimauro.it/,"Via Nazionale, 2",,23010,Rogolo,SO,IT,0342-685131,INFO@MARTELLIMAURO.IT,  0342-685131,,46.135436,9.488437,12220,,regular_dealer,False,False,False,,,False,,,regular-dealer,"Lun-Ven |08–12, 14–18:30; Sabato 8-12",,"46.20176,9.61499"
C135165,VALFER S.R.L.,,via Don Guanella 45/A,,23020,Mese,Sondrio,IT,0343-43236,VALFER@VALFER.INFO, 0343-41794,,46.306294,9.385534,21126,,regular_dealer,False,False,False,,,False,,,regular-dealer,,,"46.20176,9.61499"
C163118,GHE.BA.GAS   S.R.L.,https://www.ghebagas.it/,via Nazionale Loc. Giardino 8,,23030,Chiuro,SO,IT,+390342484336,info@ghebagas.it,+390342519893,,46.163044,10.005902,30400,,regular_dealer,False,False,False,,,False,,,regular-dealer,Lun-Ven |8:00 – 12:00 14:00–18:00; | Sabato |8:00 - 12:00,,"46.20176,9.61499"
C080038,FER-COM SRL,http://www.fer-com.com,"Piazza Aratiba, 1",,32030,Cesiomaggiore di Busche,BL,IT,+394392923,enrico.fontanive@fer-com.com,+3943989244,,46.04068,11.981956,64905,,regular_dealer,True,True,False,,,False,,,expert-powertools; premium-partner; regular-dealer,Dal Lunedì al Venerdì | 8:00-12:00 / 14:30-18:30 | Sabato | 8:00-12:00,Dal Lunedì al Venerdì | 8:00-12:00 / 14:30-18:30 | Sabato | 8:00-12:00,"46.20176,11.17248"
C012330,Grohe Srl,http://www.groheshop.com,Via Johann Georg Mahl 11,,39031,Brunico,,IT,+39 0474 547200,info@groheshop.com,+39 0474 547220,,46.786675,11.922372,86743,,DIY; TRADITIONAL_TRADE; regular_dealer,True,True,False,EXPRESS; NORMAL; PICKUP,CREDITCARD; DEBIT; PAYPAL,False,,company.b2b; company.b2c,diy; expert-powertools; express; offline-traditional-trade; premium-partner; regular-dealer,,,"46.20176,11.17248"
C204951,FERLEGNO S.R.L.,,Via Segantini 24,,38015,Lavis,Trento,IT,0461241177,,,,46.142158,11.108011,8280,,regular_dealer,False,False,False,,,False,,,regular-dealer,,,"46.20176,11.17248"
C080115,T.A.T.,https://www.tecnoassistenzatrentina.it/,Via Maccani 191,,38100,Trento,TN,IT,+39461822278,info@tecnoassistenzatrentina.it,+39461427609,,46.092687,11.105912,13167,,regular_dealer,False,False,False,,,False,,,regular-dealer; service-center; service-partner,Dal Lunedì al Venerdì | 8:30-12:00 / 14:00-18:30,Dal Lunedì al Venerdì | 8:30-12:00 / 14:00-18:30,"46.20176,11.17248"
C080113,Ferramenta Lorenzi Srl,https://www.bylorenzi.it/,"Via Brennero, 4",,38014,Trento,TN,IT,+390461986621,info@bylorenzi.it,+390461986527,,46.075402,11.124791,14522,,regular_dealer,False,False,False,,,False,,,regular-dealer,Dal Lunedì al Venerdì | 8:00-12:00 / 14:30-18:30,Dal Lunedì al Venerdì | 8:00-12:00 / 14:30-18:30,"46.20176,11.17248"
C204879,BERNARDIAGRI SRL,,Via Toblino 8,,38072,Comune Di Madruzzo,Trento,IT,0461-564264,,,,46.048903,10.955445,23845,,regular_dealer,False,False,False,,,False,,,regular-dealer,,,"46.20176,11.17248"
C204992,LARCHER GERD & CO. SAS,,Via Canonico Michael Gamper 8,,39100,Bolzano,Bolzano,IT,0471-974061,,,,46.49741,11.364707,36031,,regular_dealer,False,False,False,,,False,,,regular-dealer,,,"46.20176,11.17248"
C204883,BOSCHETTI LEO SRL,,Via Max Valier 46/48,,39012,Merano,Bolzano,IT,,,,,46.652567,11.144984,50169,,regular_dealer,False,False,False,,,False,,,regular-dealer,,,"46.20176,11.17248"
