id,name,address,city,state,zip,phone,lat,lng,is_claimed,timezone,slug,dealer_page_url
289536,AIH Alaska Industrial Hardware Inc,8801 Old Seward Hwy,Anchorage,AK,99515,(907) 276-7201,61.14085075,-149.85933190,0,America/Anchorage,,
308393,AIH Alaska Industrial Hardware Inc,2716 Commercial Dr,Anchorage,AK,99501,(907) 272-1441,61.22188625,-149.82988470,0,America/Anchorage,,
124108,Alaska Industrial Hardware Inc.,5655 Old Seward Hwy,Anchorage,AK,99503,(907) 561-1781,61.22375080,-149.84018500,0,America/Chicago,,
371488,Hardware Specialties Inc.,424 W 54th Ave,Anchorage,AK,99518,(907) 563-1312,61.17145480,-149.89083090,0,America/Anchorage,,
390468,Sherwin-Williams Paint Store,401 W International Airport Rd Ste 1A,Anchorage,AK,99518,(907) 562-5828,61.17417504,-149.89456679,0,America/Anchorage,,
383694,Yes Paint Store,7120 Old Seward Hwy Ste 100,Anchorage,AK,99518,(907) 644-4448,61.15596760,-149.86508045,0,America/Anchorage,,
124112,Alaska Industrial Hardware Inc.,12340 Old Glenn Hwy,Eagle River,AK,99577,(907) 694-2988,61.33196200,-149.56694000,0,America/Chicago,,
124110,Alaska Industrial Hardware Inc.,2951 Airport Way,Fairbanks,AK,99709,(907) 452-4788,64.83599800,-147.78778320,0,America/Chicago,,
124109,AIH Alaska Industrial Hardware Inc.,2093 Jordan Ave,Juneau,AK,99801,(907) 790-3300,58.36242275,-134.58029160,0,America/Chicago,,
124111,Alaska Industrial Hardware Inc.,193 Bridge Access Rd,Kenai,AK,99611,(907) 283-3531,60.55624740,-151.23794590,0,America/Chicago,,
124106,Alaska Industrial Hardware Inc,751 W Commercial Dr,Wasilla,AK,99654,(907) 376-5274,61.58228800,-149.47062290,0,America/Chicago,,
386166,Sherwin-Williams Paint Store,595 E Swanson Ave,Wasilla,AK,99654,(907) 373-2384,61.58349650,-149.43596320,0,America/Anchorage,,
371639,Richelieu Birmingham,3912 2nd Ave S,Birmingham,AL,35222,(205) 595-4655,33.52398055,-86.77669925,0,America/Chicago,,
371717,Rozars Architectural Paints,3507 6th Ct S,Birmingham,AL,35222,(205) 320-2696,33.51689140,-86.77923705,0,America/Chicago,,
385858,Sherwin-Williams Paint Store,1003 US-98 E A,Daphne,AL,36526,(251) 626-7419,30.59178295,-87.89847380,0,America/Chicago,,
486563,Sherwin Williams - Decatur,1820 6th Ave SE Ste V,Decatur,AL,35601,(256) 353-4602,34.57654115,-86.97441284,0,America/Chicago,,
273298,Brackin Paint \u0026 Supply,725 S Oates St,Dothan,AL,36301,(334) 793-4330,31.21528460,-85.39266810,0,America/Chicago,,
371351,BMG Direct Inc,22442 Doc McDuffie Rd,Foley,AL,36535,(251) 962-3752,30.38679850,-87.64222400,0,America/Chicago,,
244295,Gulf Coast Tools Inc,1705 S McKenzie St #1,Foley,AL,36535,(251) 970-5505,30.38775930,-87.68266340,0,America/Kentucky/Monticello,,
385930,Sherwin-Williams Paint Store,4942 Memorial Pkwy NW,Huntsville,AL,35810,(256) 851-5915,34.78987425,-86.57774970,0,America/Chicago,,
486567,Sherwin-Williams Madison - South,8982 Madison Blvd,Madison,AL,35758,(256) 464-3579,34.67605790,-86.75442405,0,America/Chicago,,
486565,Sherwin Williams - Mobile - Airport,3853A Airport Blvd,Mobile,AL,36608,(251) 343-0891,30.67531725,-88.14296340,0,America/Chicago,,
386040,Sherwin-Williams Paint Store,6466 US-431 Ste 2,Owens Cross Roads,AL,35763,(256) 539-1306,34.58814610,-86.45887680,0,America/Chicago,,
371831,Woodcraft of Birmingham,2975 Pelham Pkwy,Pelham,AL,35124,(205) 988-3600,33.29768720,-86.81003045,0,America/Chicago,,
386152,Sherwin-Williams Paint Store,230 15th St E,Tuscaloosa,AL,35401,(205) 759-4216,33.19845248,-87.53595570,0,America/Chicago,,
273374,THE PAINT SPOT,501 15th St,Tuscaloosa,AL,35401,(205) 345-9797,33.19833645,-87.54170150,0,America/Chicago,,
371349,Bladerunner Tool \u0026 Hardwood,11728 US-231,Wetumpka,AL,36092,(334) 514-9831,32.59799265,-86.21391460,0,America/Chicago,,
385801,Sherwin-Williams Paint Store,3301 SW Municipal Dr Unit 13,Bentonville,AR,72712,(479) 271-7584,36.33870445,-94.21587005,0,America/Chicago,,
385868,Sherwin-Williams Paint Store,1620 N West Ave,El Dorado,AR,71730,(870) 863-3535,33.22829220,-92.66611340,0,America/Chicago,,
371573,Mark's Machinery \u0026 More,2210 Towson Ave,Fort Smith,AR,72901,(479) 461-5079,35.36235365,-94.42231105,0,America/Chicago,,
371631,Plunkett Distributing,1010 S Y St,Fort Smith,AR,72901,(479) 782-2190,35.35905835,-94.42440395,0,America/Chicago,,
371630,Plunkett Distributing,2323 E Roosevelt Rd,Little Rock,AR,72206,(501) 565-4548,34.72109440,-92.24559890,0,America/Chicago,,
371760,Timberwolf Sawmill,219 E Locust St,Rogers,AR,72756,(479) 799-1751,36.33825870,-94.11369135,0,America/Chicago,,
386126,Sherwin-Williams Paint Store,3855 Treat Ln,Springdale,AR,72762,(479) 751-2721,36.18438200,-94.17262915,0,America/Chicago,,
371832,Woodcraft of Phoenix,3002 N Arizona Ave #12,Chandler,AZ,85225,(480) 539-9663,33.35072375,-111.84296105,0,America/Phoenix,,
390506,Sherwin-Williams Paint Store,455 S Main St,Cottonwood,AZ,86326,(928) 649-2699,34.73103295,-112.00930495,0,America/Phoenix,,
390534,Sherwin-Williams Paint Store,1848 E Rte 66,Flagstaff,AZ,86004,(928) 526-0067,35.19702200,-111.62342000,0,America/Phoenix,,
506053,Sherwin-Williams Paint Store,2473 S Higley Rd #108,Gilbert,AZ,85295,(480) 279-5811,33.30577585,-111.72052535,0,America/Phoenix,,
428346,Sherwin-Williams Paint Store,4370 Stockton Hill Rd,Kingman,AZ,86409,(928) 681-4255,35.25050760,-114.03841735,0,America/Phoenix,,
390564,Sherwin-Williams Paint Store,5435 AZ-260,Lakeside,AZ,85929,(928) 532-7888,34.18942400,-110.01513870,0,America/Phoenix,,
371759,Timber Woodworking Machinery,935 E Southern Ave,Mesa,AZ,85204,(480) 926-2131,33.39288555,-111.81045865,0,America/Phoenix,,
390610,Sherwin-Williams Paint Store,10605 N Oracle Rd,Oro Valley,AZ,85737,(520) 475-5595,32.39929090,-110.95723560,0,America/Phoenix,,
272693,Arizona Paint Supply,4659 E Cactus Rd #3A08,Phoenix,AZ,85032,(480) 757-2000,33.59815505,-111.98165790,0,America/Phoenix,,
506050,Dunn-Edwards Paints,233 E Camelback Rd,Phoenix,AZ,85012,(602) 263-9132,33.50901470,-112.06970215,0,America/Phoenix,,
371701,Rockler Woodworking and Hardware,4626 E Thunderbird Rd,Phoenix,AZ,85032,(602) 996-3488,33.61208410,-111.98113155,1,America/Phoenix,,
371859,Woodworkers Source,18115 N Black Cyn Hwy,Phoenix,AZ,85023,(602) 504-1931,33.65007610,-112.11401030,0,America/Phoenix,,
390628,Sherwin-Williams Paint Store,435 Miller Valley Rd,Prescott,AZ,86301,(928) 771-9511,34.54812595,-112.47709230,0,America/Phoenix,,
371522,Indivisible Hardwoods + Creative Customs,16097 N 82nd St,Scottsdale,AZ,85260,(480) 999-9663,33.63185250,-111.90318560,0,America/Phoenix,,
242213,US Industrial Fastener of Arizona,2026 E Cedar St,Tempe,AZ,85281,(480) 967-8702,33.41238180,-111.89812640,0,America/Phoenix,,
371860,Woodworkers Source,645 W Elliot Rd,Tempe,AZ,85284,(480) 355-5090,33.34916890,-111.94897525,0,America/Phoenix,,
170857,Sherwin-Williams Paint Store,5683 N Swan Rd,Tucson,AZ,85718,(520) 232-9793,32.30999960,-110.89317440,0,America/Chicago,,
371861,Woodworkers Source,3441 S Palo Verde Rd,Tucson,AZ,85713,(520) 745-8301,32.18473830,-110.91718770,0,America/Phoenix,,
454717,Llewellyn Marine Supply,2900 Main St,Alameda,CA,94501,(510) 522-2886,37.79022900,-122.29336100,0,America/Los_Angeles,,
273755,East Bay Paint Center,990 San Pablo Ave,Albany,CA,94706,(510) 524-6582,37.88766780,-122.29832106,0,America/Los_Angeles,,
371459,Ganahl Lumber,1220 E Ball Rd,Anaheim,CA,92805,(714) 772-5444,33.81679650,-117.89432450,0,America/Los_Angeles,,
371317,Almquist Lumber,5301 Boyd Rd,Arcata,CA,95521,(707) 825-8880,40.91157225,-124.06741385,0,America/Los_Angeles,,
274361,Warehouse Paint,200 Palm Ave,Auburn,CA,95603,(530) 885-7914,38.90761120,-121.07613480,0,America/Los_Angeles,,
428329,Bakersfield Paint Benjamin Moore,3435 Landco Dr,Bakersfield,CA,93308,(661) 374-4565,35.39100995,-119.05948245,0,America/Los_Angeles,,
408792,Sherwin-Williams Paint Store,1495 E 2nd St,Beaumont,CA,92223,(951) 381-7778,33.92296100,-116.95428700,0,America/Los_Angeles,,
274079,Gray's Paint,601 Ralston Ave,Belmont,CA,94002,(650) 345-0800,37.52141240,-122.27432765,0,America/Los_Angeles,,
275398,MacBeath Hardwood,930 Ashby Ave,Berkeley,CA,94710,(510) 843-4390,37.85123540,-122.28995015,0,America/Los_Angeles,,
390479,Sherwin-Williams Paint Store,3131 San Pablo Ave,Berkeley,CA,94702,(510) 428-1918,37.85037525,-122.28584735,0,America/Los_Angeles,,
291995,Truitt \u0026 white lumber,1817 Second St,Berkeley,CA,94710,(510) 841-0511,37.86979865,-122.30119802,0,America/Los_Angeles,,
371863,Wurth Louis and Company,895 Columbia St,Brea,CA,92821,(714) 529-1771,33.93116170,-117.91141845,0,America/Los_Angeles,,
385815,Sherwin-Williams Paint Store,3111 Balfour Rd Ste W,Brentwood,CA,94513,(925) 513-6519,37.92615135,-121.72325445,0,America/Los_Angeles,,
408790,Sherwin-Williams Paint Store,8061 Orangethorpe Ave,Buena Park,CA,90621,(714) 522-0311,33.85952455,-117.99263565,0,America/Los_Angeles,,
371414,Direct Tools \u0026 Fasteners,1000 N Lake St,Burbank,CA,91502,(818) 736-5100,34.18513490,-118.32046580,0,America/Los_Angeles,,
371763,Tool Time,2713 W Burbank Blvd,Burbank,CA,91505,(818) 841-2800,34.17808370,-118.34104120,0,America/Los_Angeles,,
274081,Gray's Paint,783 California Dr,Burlingame,CA,94010,(650) 343-6535,37.58278840,-122.35313375,0,America/Los_Angeles,,
274308,Benjamin Moore - South Bay Paints,3487 S Bascom Ave,Campbell,CA,95008,(408) 399-4500,37.26272690,-121.94522640,0,America/Los_Angeles,,
390490,Sherwin-Williams Paint Store,1825 S Bascom Ave,Campbell,CA,95008,(408) 377-4682,37.29040765,-121.93214905,0,America/Los_Angeles,,
273687,Benjamin Moore - Catalina Paint Canoga Park,6941 CA-27,Canoga Park,CA,91303,(818) 347-7775,34.19683750,-118.60621850,0,America/Los_Angeles,,
371770,Valley Supply,7036 Deering Ave,Canoga Park,CA,91303,(818) 340-2630,34.19851000,-118.59626905,0,America/Los_Angeles,,
274112,King's Paint \u0026 Paper,1220 41st Ave C,Capitola,CA,95010,(831) 462-1824,36.96965820,-121.96414525,0,America/Los_Angeles,,
371450,Fisk Paints and Stains and Coatings,26542 Carmel Rancho Blvd,Carmel-By-The-Sea,CA,93923,(831) 574-8846,36.54183405,-121.90620440,0,America/Los_Angeles,,
371520,Hughes Hardwoods,13586 CA-99,Chico,CA,95973,(530) 343-8746,39.79594170,-121.90075830,0,America/Los_Angeles,,
390497,Sherwin-Williams Paint Store,2412 Cohasset Rd Ste A,Chico,CA,95926,(530) 342-0147,39.75840610,-121.84298495,0,America/Los_Angeles,,
274291,Shilpark Paint,897 Broadway,Chula Vista,CA,91911,(619) 498-4820,32.61772555,-117.08394605,0,America/Los_Angeles,,
274367,Warehouse Paint,8113 Auburn Blvd,Citrus Heights,CA,95610,(916) 722-7454,38.71349870,-121.29093630,0,America/Los_Angeles,,
390560,Sherwin-Williams Paint Store,1215 N Willow Ave Ste 100,Clovis,CA,93619,(559) 322-6712,36.85262700,-119.72789700,0,America/Toronto,,
371563,Lee's Tools,1924 N Long Beach Blvd,Compton,CA,90221,(310) 639-1900,33.90901430,-118.20803285,0,America/Los_Angeles,,
371471,Golden State Lumber,1080 Burnett Ave,Concord,CA,94520,(925) 326-2700,37.97621680,-122.05890805,0,America/Los_Angeles,,
371685,Rockler Woodworking and Hardware,4420 Treat Blvd,Concord,CA,94521,(925) 521-1800,37.96219690,-121.99365520,1,America/Los_Angeles,,
390502,Sherwin-Williams Paint Store,1776 Arnold Industrial Way,Concord,CA,94520,(925) 691-5081,38.00224330,-122.05190950,0,America/Los_Angeles,,
371460,Ganahl Lumber,150 W Blaine St,Corona,CA,92878,(951) 278-4000,33.88343695,-117.56704600,0,America/Los_Angeles,,
274335,Tamalpais Paint \u0026 Color,5784 Paradise Dr,Corte Madera,CA,94925,(415) 924-7321,37.92298770,-122.51208425,0,America/Los_Angeles,,
171044,Ganahl Lumber,1100 Bristol St,Costa Mesa,CA,92626,(714) 556-1500,33.67055166,-117.88519314,0,America/Los_Angeles,,
371323,Anderson Plywood Sales,4020 Sepulveda Blvd,Culver City,CA,90230,(310) 397-8229,34.00828295,-118.41327680,0,America/Los_Angeles,,
274292,Shilpark Paint,4366 Sepulveda Blvd,Culver City,CA,90230,(310) 751-6929,34.00359525,-118.40755155,0,America/Los_Angeles,,
401003,Benjamin Moore - South Bay Paints,10215 S De Anza Blvd,Cupertino,CA,95014,,37.31978120,-122.03289200,0,America/Los_Angeles,,
275275,House of Color,6267 Mission St,Daly City,CA,94014,(650) 994-4270,37.70594935,-122.46045970,0,America/Los_Angeles,,
390509,Sherwin-Williams Paint Store,7298 Mission St,Daly City,CA,94014,(650) 301-4936,37.69186400,-122.46567205,0,America/Los_Angeles,,
385855,Sherwin-Williams Paint Store,34222 Doheny Park Rd,Dana Point,CA,92624,(949) 661-0100,33.46592170,-117.67743205,0,America/Los_Angeles,,
390510,Sherwin-Williams Paint Store,450B Diablo Rd,Danville,CA,94526,(925) 362-0632,37.82413375,-121.99260495,0,America/Los_Angeles,,
390522,Sherwin-Williams Paint Store,1154 E Main St,El Cajon,CA,92021,(619) 444-3187,32.79562410,-116.94287765,0,America/Los_Angeles,,
371731,Shilpark Paint - Escondido,506 W Washington Ave,Escondido,CA,92025,(760) 294-1140,33.12554745,-117.09053075,0,America/Los_Angeles,,
273616,Fountain Valley Paints,11271 Slater Ave,Fountain Valley,CA,92708,(714) 557-8050,33.70979885,-117.93208335,0,America/Los_Angeles,,
371389,Charles McMurray Co.,2520 N Argyle Ave,Fresno,CA,93727,(559) 292-5751,36.77357165,-119.69355875,0,America/Los_Angeles,,
371443,Fasteners Inc Tool Outlet,5611 N Blackstone Ave,Fresno,CA,93710,(559) 353-2099,36.81954760,-119.79109650,0,America/Los_Angeles,,
422471,Sherwin-Williams Paint Store,1107 S Harbor Blvd,Fullerton,CA,92832,(714) 578-5020,33.86048180,-117.92461440,0,America/Los_Angeles,,
413223,Sherwin-Williams Paint Store,8589 Monterey Rd,Gilroy,CA,95020,(408) 842-3688,37.00298280,-121.55663730,0,America/Los_Angeles,,
439234,Sherwin-Williams Paint Store,1000 E Colorado St,Glendale,CA,91205,(818) 242-2647,34.14240180,-118.24316785,0,America/Los_Angeles,,
385893,Sherwin-Williams Paint Store,651 S Grand Ave Ste 106,Glendora,CA,91740,(626) 335-7671,34.12782130,-117.87406570,0,America/Los_Angeles,,
88783,Channel City True Value Hardware,35 Aero Camino,Goleta,CA,93117,(805) 968-9645,34.43666564,-119.84883196,1,America/Los_Angeles,,
371755,Tool Shed,654 Maltman Dr # B,Grass Valley,CA,95945,(530) 477-1185,39.23380445,-121.04028440,0,America/Los_Angeles,,
313254,Gualala Building Supply,38501 South Hwy 1,Gualala,CA,95445,(707) 884-3518,38.77491815,-123.53723340,0,America/Los_Angeles,,
89526,Hassett Ace Hardware,111 Main St,Half Moon Bay,CA,94019,(650) 726-5505,37.46936139,-122.43072006,0,America/Chicago,,
390651,Sherwin-Williams Paint Store,222 W 7th St,Hanford,CA,93230,(559) 589-6455,36.32646200,-119.64838100,0,America/Toronto,,
390550,Sherwin-Williams Paint Store,20911 Foothill Blvd,Hayward,CA,94541,(510) 881-8511,37.68716080,-122.09549990,0,America/Los_Angeles,,
337464,Healdsburg Lumber Co.,13534 Healdsburg Ave,Healdsburg,CA,95448,(707) 431-9663,38.60697070,-122.86400600,0,America/Los_Angeles,,
385929,Sherwin-Williams Paint Store,7450 Edinger Ave,Huntington Beach,CA,92647,(714) 848-9911,33.72976065,-117.99898330,0,America/Los_Angeles,,
454718,Decorative Woods,3 Oldfield,Irvine,CA,92618,(949) 588-9663,33.63566500,-117.71964200,0,America/Los_Angeles,,
422472,Sherwin-Williams Paint Store,1620 W Whittier Blvd,La Habra,CA,90631,(562) 690-0819,33.93932465,-117.96484915,0,America/Los_Angeles,,
338888,La Mesa Lumber \u0026 Hardware,8255 University Ave,La Mesa,CA,91942,(619) 466-0511,32.76686460,-117.02008185,0,America/Los_Angeles,,
408916,Mark's Paint Mart,3707 Mount Diablo Blvd,Lafayette,CA,94549,(925) 444-0994,37.88918700,-122.13138900,0,America/Los_Angeles,,
336375,Ganahl Lumber,1765 Laguna Canyon Rd,Laguna Beach,CA,92651,(949) 494-6538,33.55619545,-117.77396300,0,America/Los_Angeles,,
336373,Ganahl Lumber,23132 Orange Ave,Lake Forest,CA,92630,(949) 830-3600,33.63669188,-117.68865645,0,America/Los_Angeles,,
171232,Ganahl Lumber,10742 Los Alamitos Blvd,Los Alamitos,CA,90720,(562) 346-2100,33.80675539,-118.07051934,0,America/Los_Angeles,,
273677,California Paint Company,2249 Grant Rd,Los Altos,CA,94024,(650) 695-5976,37.34071240,-122.07073460,0,America/Los_Angeles,,
476942,Dunn-Edwards Paints,2001 S Hoover St,Los Angeles,CA,90007,(213) 747-9441,34.03778515,-118.28431160,0,America/Los_Angeles,,
371432,Eagle Tools,3027 Treadwell St,Los Angeles,CA,90065,(323) 999-2909,34.12018920,-118.24995025,0,America/Los_Angeles,,
371515,House Of Lumber \u0026 Hardware,2811 W Jefferson Blvd,Los Angeles,CA,90018,(323) 731-0617,34.02594900,-118.32633840,0,America/Los_Angeles,,
371503,House of Hardwood,2414 Wellesley Ave,Los Angeles,CA,90064,(310) 479-4196,34.02830900,-118.45114950,0,America/Los_Angeles,,
428339,Sherwin-Williams Paint Store,805 Highland Ave,Los Angeles,CA,90038,(323) 467-2468,34.08548600,-118.33881190,0,America/Los_Angeles,,
274301,Shilpark Paint,1640 S Vermont Ave,Los Angeles,CA,90006,(323) 732-7093,34.04296810,-118.29134215,0,America/Los_Angeles,,
274080,Gray's Paint,717 Oak Grove Ave,Menlo Park,CA,94025,(650) 322-2238,37.45257795,-122.18544360,0,America/Los_Angeles,,
274333,Tamalpais Paint \u0026 Color,338 Miller Ave,Mill Valley,CA,94941,(415) 388-1086,37.89833355,-122.53845765,0,America/Los_Angeles,,
371396,CLYDESDALE TAPING TOOLS,5505 Moreno St unit 107,Montclair,CA,91763,(909) 931-4000,34.08804225,-117.68508385,0,America/Los_Angeles,,
422473,Sherwin-Williams Paint Store,12625 Frederick St STE W1,Moreno Valley,CA,92553,(951) 653-5688,33.93723065,-117.26402875,0,America/Los_Angeles,,
390590,Sherwin-Williams Paint Store,595 W El Camino Real,Mountain View,CA,94040,(650) 962-8801,37.38433490,-122.08176170,0,America/Los_Angeles,,
386007,Sherwin-Williams Paint Store,26499 Jefferson Ave STE L,Murrieta,CA,92562,(951) 304-1256,33.53387975,-117.17929200,0,America/Los_Angeles,,
371735,Benjamin Moore Sonoma Paint Center Napa,3213 Jefferson St,Napa,CA,94558,(707) 224-0304,38.31988090,-122.29933365,0,America/Los_Angeles,,
274721,Devine Paint Center Inc,971 Lincoln Ave,Napa,CA,94558,(707) 226-5211,38.30873045,-122.29245195,0,America/Los_Angeles,,
390645,Sherwin-Williams Paint Store,8311 Haskell Ave,North Hills,CA,91343,(818) 891-0518,34.22195510,-118.47686480,0,America/Los_Angeles,,
273692,Benjamin Moore - Catalina Paint North Hollywood,7107 Radford Ave,North Hollywood,CA,91605,(818) 765-2629,34.20147907,-118.39304117,0,America/Los_Angeles,,
408788,Sherwin-Williams Paint Store,11305 Magnolia Blvd,North Hollywood,CA,91601,(818) 762-1229,34.16514545,-118.37769800,0,America/Los_Angeles,,
392938,Ganahl Lumber,18537 Parthenia St,Northridge,CA,91324,(818) 349-6701,34.22854955,-118.53740815,0,America/Los_Angeles,,
275409,Marin Color Service,703 Grant Ave,Novato,CA,94945,(415) 897-9411,38.10650377,-122.56666247,0,America/Los_Angeles,,
273803,Mark's Paint Mart,4211 Telegraph Ave,Oakland,CA,94609,(510) 653-0986,37.83112325,-122.26428225,0,America/Los_Angeles,,
390604,Sherwin-Williams Paint Store,4220 Broadway,Oakland,CA,94611,(510) 595-1438,37.83014415,-122.25468185,0,America/Los_Angeles,,
390605,Sherwin-Williams Paint Store,1793 Oceanside Blvd,Oceanside,CA,92054,(760) 757-7610,33.19137395,-117.35903950,0,America/Los_Angeles,,
274188,Paint Bucket Inc,1051 W Holt Blvd,Ontario,CA,91762,(909) 983-2664,34.06193595,-117.66774667,0,America/Los_Angeles,,
171332,CLYDESDALE TAPING TOOLS ORANGE,415 W Taft Ave d,Orange,CA,92865,(714) 921-2434,33.81655404,-117.85661931,0,America/Los_Angeles,,
371699,Rockler Woodworking and Hardware,1955 N Tustin St,Orange,CA,92865,(714) 282-1157,33.82035010,-117.83528160,1,America/Los_Angeles,,
371380,Cabinet Parts Connection,530 Spectrum Cir,Oxnard,CA,93030,(805) 419-2492,34.20641990,-119.12509760,0,America/Los_Angeles,,
371491,Hayward Lumber,1140 Sunset Dr,Pacific Grove,CA,93950,(831) 373-1326,36.61676315,-121.93465975,0,America/Los_Angeles,,
371628,Phillips Plywood Co Inc,13599 Desmond St,Pacoima,CA,91331,(818) 897-7736,34.27466620,-118.42963410,0,America/Los_Angeles,,
439229,Painters Warehouse,74465 CA-111,Palm Desert,CA,92260,(760) 346-4444,33.72083975,-116.36556245,0,America/Los_Angeles,,
422475,Sherwin-Williams Commercial Paint Store,39760 Garand Ln A,Palm Desert,CA,92211,(760) 345-2040,33.75960130,-116.30757375,0,America/Los_Angeles,,
273678,California Paint Company,360 California Ave,Palo Alto,CA,94306,(650) 326-9285,37.42699375,-122.14468510,0,America/Los_Angeles,,
273694,Benjamin Moore - Catalina Paint Pasadena,456 S Rosemead Blvd,Pasadena,CA,91107,(626) 793-4100,34.13856450,-118.07292360,0,America/Los_Angeles,,
371461,Ganahl Lumber,3003 E Colorado Blvd,Pasadena,CA,91107,(626) 993-2100,34.14731255,-118.08821365,0,America/Los_Angeles,,
428342,Sherwin-Williams Paint Store,3262 E Colorado Blvd,Pasadena,CA,91107,(626) 683-1179,34.14601855,-118.08332610,0,America/Los_Angeles,,
371732,Shilpark Paint - Pasadena,409 N Fair Oaks Ave,Pasadena,CA,91103,(626) 460-8099,34.15292385,-118.15103110,0,America/Los_Angeles,,
371546,"Jory Brigham Design, Inc.",7405 Nonpariel Rd,Paso Robles,CA,93446,(805) 440-5933,35.71102000,-120.73044600,0,America/Los_Angeles,,
386046,Sherwin-Williams Paint Store,1313 Riverside Ave,Paso Robles,CA,93446,(805) 237-3800,35.62828810,-120.68736945,0,America/Los_Angeles,,
371456,Fred Fritz Electronics Inc,821 Petaluma Blvd N # E,Petaluma,CA,94952,(707) 762-9198,38.24339510,-122.64505235,0,America/Los_Angeles,,
390616,Sherwin-Williams Paint Store,905 E Washington St #105,Petaluma,CA,94952,(707) 789-9996,38.24501765,-122.63058610,0,America/Los_Angeles,,
386055,Sherwin-Williams Paint Store,9311 Whittier Blvd Ste B1\u0026,Pico Rivera,CA,90660,(562) 699-1328,33.99996090,-118.07893440,0,America/Los_Angeles,,
476948,Sherwin-Williams Paint Store,2727 Pinole Valley Rd,Pinole,CA,94564,(510) 243-7443,37.99476120,-122.28539700,0,America/Los_Angeles,,
439233,Sherwin-Williams Paint Store,693 Main St,Placerville,CA,95667,(530) 621-1810,38.73036755,-120.79162015,0,America/Los_Angeles,,
273737,Benjamin Moore - Creative Paint,655 Contra Costa Blvd,Pleasant Hill,CA,94523,(925) 689-0880,37.97346020,-122.06337955,0,America/Los_Angeles,,
90523,Richert Lumber Ace Hardware,5505 Sunol Blvd,Pleasanton,CA,94566,(925) 846-5040,37.65061686,-121.88119969,0,America/Chicago,,
390624,Sherwin-Williams Paint Store,6010 Johnson Dr E,Pleasanton,CA,94588,(925) 463-0214,37.69991105,-121.90825945,0,America/Los_Angeles,,
371379,C \u0026 E Lumber and Hardware,2692 N Towne Ave #2253,Pomona,CA,91767,(909) 626-3591,34.09354915,-117.73618495,0,America/Los_Angeles,,
274226,Paint Marts,2330 Larkspur Ln,Redding,CA,96002,(530) 221-7688,40.57332045,-122.35575070,0,America/Los_Angeles,,
274078,Gray's Paint,1411 Woodside Rd,Redwood City,CA,94061,(650) 365-6222,37.45697270,-122.22721085,0,America/Los_Angeles,,
390632,Sherwin-Williams Paint Store,696 Broadway,Redwood City,CA,94063,(650) 366-5786,37.48644750,-122.20859080,0,America/Los_Angeles,,
371705,Rockler Woodworking and Hardware,6648 Lonetree Blvd,Rocklin,CA,95765,(916) 259-7403,38.80017125,-121.29611610,1,America/Los_Angeles,,
371446,Fasteners Inc Tool Outlet,6701 Power Inn Rd,Sacramento,CA,95828,(916) 661-6975,38.50530125,-121.40858105,0,America/Los_Angeles,,
390635,Sherwin-Williams Paint Store,3119 Arden Wy,Sacramento,CA,95825,(916) 973-0686,38.59624140,-121.39137590,0,America/Los_Angeles,,
371839,Woodcraft of Sacramento,9523 Folsom Blvd,Sacramento,CA,95827,(916) 362-9664,38.57042175,-121.34179650,0,America/Los_Angeles,,
371473,Benjamin Moore - Golden State Paint,333 Main St Suite A,Salinas,CA,93901,(831) 676-0290,36.67288475,-121.65431550,0,America/Los_Angeles,,
454715,Fisk Paints - Salinas,331 E Alisal St,Salinas,CA,93901,(831) 747-2410,36.67465100,-121.64425800,0,America/Los_Angeles,,
422477,Sherwin-Williams Paint Store,1375 Camino Real Ste 100,San Bernardino,CA,92408,(909) 388-4441,34.07607465,-117.29670855,0,America/Los_Angeles,,
275277,BENJAMIN MOORE PAINTS @ HOUSE OF COLOR SB,471 El Camino Real,San Bruno,CA,94066,(650) 204-8772,37.62231910,-122.41253405,0,America/Los_Angeles,,
454713,Sherwin Williams - San Carlos,320 Industrial Rd,San Carlos,CA,94070,(650) 453-7076,37.51450100,-122.26166700,0,America/Los_Angeles,,
317720,"Tooland, Inc.",1369 Industrial Road,San Carlos,CA,94070,(650) 631-9636,37.50110340,-122.24464965,0,America/Los_Angeles,,
371841,Woodcraft of San Carlos (San Francisco Bay Area),40 El Camino Real,San Carlos,CA,94070,(650) 631-9663,37.51249175,-122.26776170,0,America/Los_Angeles,,
273702,Colorama /Altura Paints San Diego,5232 Riley St,San Diego,CA,92110,(619) 297-4421,32.76562585,-117.19578715,0,America/Los_Angeles,,
371458,Frost Hardwood,6565 Miramar Rd,San Diego,CA,92121,(858) 455-9060,32.87724930,-117.17398905,0,America/Los_Angeles,,
371709,Rockler Woodworking and Hardware,8199 Clairemont Mesa Blvd,San Diego,CA,92111,(858) 268-1005,32.83227110,-117.14762085,1,America/Los_Angeles,,
386095,Sherwin-Williams Paint Store,6080 Miramar Rd Ste 110,San Diego,CA,92121,(858) 455-9864,32.87811520,-117.18043085,0,America/Los_Angeles,,
390638,Sherwin-Williams Paint Store,2231 Morena Blvd,San Diego,CA,92110,(619) 275-1643,32.78542935,-117.20613360,0,America/Los_Angeles,,
275372,Shilpark Paint - San Diego Miramar,7630 Carroll Rd #101,San Diego,CA,92126,(858) 577-2000,32.88338965,-117.15655205,0,America/Los_Angeles,,
371749,Th\u0026h Hardwoods \u0026 Hardware,8849 Complex Dr,San Diego,CA,92123,(858) 614-1800,32.82962500,-117.13593330,0,America/Los_Angeles,,
273724,Benjamin Moore - Creative Paint,1491 Webster St,San Francisco,CA,94115,(415) 292-7982,37.78414190,-122.43178410,0,America/Los_Angeles,,
273726,Benjamin Moore - Creative Paint,1929 Ocean Ave,San Francisco,CA,94127,(415) 769-5696,37.72531480,-122.46299170,0,America/Los_Angeles,,
273728,Benjamin Moore - Creative Paint,2050 Taraval St,San Francisco,CA,94116,(415) 566-3638,37.74336664,-122.48880066,0,America/Los_Angeles,,
273734,Benjamin Moore - Creative Paint,5435 Geary Blvd,San Francisco,CA,94121,(415) 666-3380,37.78010515,-122.47788680,0,America/Los_Angeles,,
273735,Benjamin Moore - Creative Paint,600 Bryant St,San Francisco,CA,94107,(415) 777-0603,37.77945693,-122.39926563,0,America/Los_Angeles,,
88765,Center Hardware And Supply Co,3003 3rd St,San Francisco,CA,94107,(415) 861-1800,37.75161851,-122.38720052,0,America/Chicago,,
275273,House of Color,2850 24th St,San Francisco,CA,94110,(415) 647-9189,37.75303703,-122.41140086,0,America/Los_Angeles,,
371568,MacMurray Pacific Wholesale Hardware,568 7th St,San Francisco,CA,94103,(415) 552-5500,37.77328305,-122.40410680,0,America/Los_Angeles,,
273905,San Francisco Paint Source,150 Pennsylvania Ave,San Francisco,CA,94107,(415) 431-6940,37.76461790,-122.39408155,0,America/Los_Angeles,,
413222,Sherwin-Williams Paint Store,4733 Geary Blvd,San Francisco,CA,94118,(415) 751-9420,37.78047420,-122.47024975,0,America/Los_Angeles,,
413225,Sherwin-Williams Paint Store,1503 Sloat Blvd,San Francisco,CA,94132,(415) 242-2983,37.73359425,-122.48929885,0,America/Los_Angeles,,
413226,Sherwin-Williams Paint Store,565 S Van Ness Ave,San Francisco,CA,94110,(415) 767-7993,37.76428505,-122.41696135,0,America/Los_Angeles,,
273732,Benjamin Moore - Creative Paint,5415 Camden Ave,San Jose,CA,95124,(408) 266-4600,37.23976855,-121.90446590,0,America/Los_Angeles,,
274306,Benjamin Moore - South Bay Paints,1749 W San Carlos St,San Jose,CA,95128,(408) 286-3986,37.32380265,-121.92325340,0,America/Los_Angeles,,
274310,Benjamin Moore - South Bay Paints,6199 Santa Teresa Blvd,San Jose,CA,95123,(408) 622-4848,37.23662870,-121.80422690,0,America/Los_Angeles,,
476943,Dunn-Edwards Paints,690 N Winchester Blvd,San Jose,CA,95128,(408) 244-7692,37.32837100,-121.94987000,0,America/Los_Angeles,,
371447,Fasteners Inc Tool Outlet,2897 Monterey Rd,San Jose,CA,95111,(408) 440-4746,37.29109295,-121.84956415,0,America/Los_Angeles,,
476953,Sherwin-Williams Paint Store,2606 Alum Rock Ave,San Jose,CA,95116,(408) 259-1764,37.36121315,-121.83700905,0,America/Los_Angeles,,
336376,Ganahl Lumber,25865 Stonehill Dr,San Juan Capistrano,CA,92675,(949) 496-5765,33.46326341,-117.67282024,0,America/Los_Angeles,,
273722,Benjamin Moore - Creative Paint,1120 Davis St,San Leandro,CA,94577,(510) 567-3270,37.72202655,-122.16774550,0,America/Los_Angeles,,
408785,Fasteners Inc Tool Outlet,534 Lewelling Blvd,San Leandro,CA,94579,(510) 777-6050,37.68594205,-122.13379020,0,America/Los_Angeles,,
390639,Sherwin-Williams Paint Store,15820 Hesperian Blvd,San Lorenzo,CA,94580,(510) 420-8740,37.68278745,-122.12754885,0,America/Los_Angeles,,
371492,Hayward Lumber,236 Higuera St,San Luis Obispo,CA,93401,(805) 543-0825,35.27086210,-120.67061695,0,America/Los_Angeles,,
386096,Sherwin-Williams Paint Store,3281 S Higuera St,San Luis Obispo,CA,93401,(805) 543-3800,35.25578085,-120.66817545,0,America/Los_Angeles,,
408793,Sherwin-Williams Paint Store,603 S Gaffey St,San Pedro,CA,90731,(310) 521-9410,33.73863690,-118.29260460,0,America/Los_Angeles,,
371472,Golden State Lumber,1100 Andersen Dr,San Rafael,CA,94901,(415) 454-2532,37.95306775,-122.50184100,0,America/Los_Angeles,,
45707,Jackson's Hardware,62 Woodland Ave,San Rafael,CA,94901,(415) 454-3740,37.96337975,-122.51801810,1,America/Los_Angeles,,
275411,Marin Color Service,770 Second St,San Rafael,CA,94901,(415) 453-4065,37.97093825,-122.52366385,0,America/Los_Angeles,,
390641,Sherwin-Williams Paint Store,444 Du Bois St,San Rafael,CA,94901,(415) 485-6739,37.96386105,-122.51653245,0,America/Los_Angeles,,
273763,Fisk Paints and Stains and Coatings,465C Olympia Ave,Sand City,CA,93955,(831) 747-2410,36.61027185,-121.85345340,0,America/Los_Angeles,,
371330,Austin Hardwoods \u0026 Hardware,610 N Santiago St,Santa Ana,CA,92701,(714) 953-4000,33.75040655,-117.85748740,0,America/Los_Angeles,,
386098,Sherwin-Williams Paint Store,1958 E Edinger Ave,Santa Ana,CA,92705,(714) 258-2628,33.72645260,-117.83810475,0,America/Los_Angeles,,
371359,Buena Tool Company,433 Laguna St,Santa Barbara,CA,93101,(805) 963-3885,34.42092810,-119.69020665,0,America/Los_Angeles,,
476940,Conejo Hardwoods,824 E Haley St,Santa Barbara,CA,93103,(805) 257-2577,34.42588050,-119.68548970,0,America/Los_Angeles,,
386099,Sherwin-Williams Paint Store,617 Chapala St,Santa Barbara,CA,93101,(805) 962-0051,34.41676185,-119.69883515,0,America/Los_Angeles,,
311649,"Central City Tool Supply, Inc.",2230 S. Depot St. Unit C,Santa Maria,CA,93455,(805) 614-9111,34.91955265,-120.44330155,0,America/Los_Angeles,,
386100,Sherwin-Williams Paint Store,2049A S Broadway,Santa Maria,CA,93454,(805) 922-8383,34.92257835,-120.43644055,0,America/Los_Angeles,,
371580,Mead Clark Lumber Co Inc,2667 Dowd Dr,Santa Rosa,CA,95407,(707) 576-3333,38.41280610,-122.72017800,0,America/Los_Angeles,,
390642,Sherwin-Williams Commercial Paint Store,3310 Airway Dr A,Santa Rosa,CA,95403,(707) 575-7776,38.47508760,-122.73779860,0,America/Los_Angeles,,
274302,Sonoma Paint Center,225 W College Ave,Santa Rosa,CA,95401,(707) 545-7984,38.44639590,-122.73003887,0,America/Los_Angeles,,
196297,True Value Hardware,115 Lystra Ct,Santa Rosa,CA,95403,(707) 545-8380,38.51078810,-122.76374450,0,America/Chicago,,
274114,King's Paint \u0026 Paper,5276 B Scotts Valley Dr,Scotts Valley,CA,95066,(831) 438-1772,37.05732440,-122.01056395,0,America/Los_Angeles,,
291991,Scarborough Lumber \u0026 Bldg Supply,20 El Pueblo Rd,Scotts Valley,CA,95066,(831) 438-0331,37.05345182,-122.01189004,0,America/Los_Angeles,,
454712,Sherwin Williams - Seaside,1121 Military Ave,Seaside,CA,93955,(831) 899-9901,36.62162500,-121.84009000,0,America/Los_Angeles,,
408789,Sherwin-Williams Paint Store,3200 E Los Angeles Ave UNIT 15,Simi Valley,CA,93065,(805) 527-5966,34.27105940,-118.73426170,0,America/Los_Angeles,,
386121,Sherwin-Williams Paint Store,18506 CA-12,Sonoma,CA,95476,(707) 934-6490,38.30923525,-122.47946925,0,America/Los_Angeles,,
274300,Sonoma Paint Center,815 W Napa St,Sonoma,CA,95476,(707) 996-6756,38.29317295,-122.47379340,0,America/Los_Angeles,,
365305,San Lorenzo Lumber and Home Centers,2435 41st Ave,Soquel,CA,95073,(831) 475-6100,36.98337115,-121.96542200,0,America/Los_Angeles,,
275279,House of Color South San Francisco,501 Airport Blvd,South San Francisco,CA,94080,(650) 588-7412,37.65674865,-122.40716230,0,America/Los_Angeles,,
371567,MacBeath Hardwood,2648 Teepee Dr,Stockton,CA,95205,(209) 490-5051,37.98722955,-121.25165145,0,America/Los_Angeles,,
439238,Sherwin-Williams Paint Store,3304 E Hammer Ln,Stockton,CA,95212,(209) 478-1014,38.02057050,-121.27358725,0,America/Los_Angeles,,
273676,California Paint Company,195 W El Camino Real,Sunnyvale,CA,94087,(408) 736-5529,37.36885104,-122.03457923,0,America/Los_Angeles,,
383678,Benjamin Moore Paint Garden,27364 Jefferson Ave,Temecula,CA,92590,(951) 296-6464,33.52197695,-117.16565600,0,America/Los_Angeles,,
371518,Hudson \u0026 West Moulding and Doors,41731 Enterprise Cir S,Temecula,CA,92590,(951) 428-4081,33.51777750,-117.16718640,0,America/Los_Angeles,,
371462,Ganahl Lumber,2600 Del Amo Blvd,Torrance,CA,90503,(424) 350-3000,33.84667905,-118.33321680,0,America/Los_Angeles,,
371519,"Hudson \u0026 West - Woodworking, Hardware \u0026 Tool Store",1865 Del Amo Blvd,Torrance,CA,90501,(310) 533-4000,33.84710390,-118.31193490,0,America/Los_Angeles,,
422479,Sherwin-Williams Paint Store,1731 Crenshaw Blvd,Torrance,CA,90501,(310) 320-4973,33.83024965,-118.32899595,0,America/Los_Angeles,,
273945,Truckee Paint Mart,10929 Industrial Way UNIT 102,Truckee,CA,96161,(530) 587-7285,39.33786860,-120.18293600,0,America/Los_Angeles,,
476944,Dunn-Edwards Paints,6315 Sepulveda Blvd,Van Nuys,CA,91411,(818) 902-1908,34.18518215,-118.46678210,0,America/Los_Angeles,,
386153,Sherwin-Williams Paint Store,4250 E Main St,Ventura,CA,93003,(805) 650-5240,34.26201760,-119.23462320,0,America/Los_Angeles,,
272675,Colorama Altura Paints Vista,603 S Santa Fe Ave,Vista,CA,92083,(760) 724-3600,33.19601000,-117.23865675,0,America/Los_Angeles,,
422480,Sherwin-Williams Commercial Paint Store,1919 W Vista Way,Vista,CA,92083,(760) 941-0799,33.18725465,-117.28275890,0,America/Los_Angeles,,
371764,Toolmarts,2117 Industrial Ct,Vista,CA,92081,(760) 480-1444,33.16925040,-117.22072495,0,America/Los_Angeles,,
454714,Sherwin Williams - Dallas,2700 N Main St,Walnut Creek,CA,94597,(925) 464-4964,37.92169900,-122.06371600,0,America/Los_Angeles,,
454720,Golden State Paint - Watsonville,1405 Freedom Blvd,Watsonville,CA,95076,(831) 228-1436,36.92675300,-121.76590800,0,America/Los_Angeles,,
371402,Conejo Hardwoods,31275 La Baya Dr,Westlake Village,CA,91362,(818) 889-0487,34.15653685,-118.80514770,0,America/Los_Angeles,,
385786,Sherwin-Williams Paint Store,304 Aspen Airport Business Center U,Aspen,CO,81611,(970) 920-9952,39.21942105,-106.86089060,0,America/Denver,,
273533,The Paint Bucket,40690 US-6,Avon,CO,81620,(970) 949-4695,39.62212895,-106.48119825,0,America/Denver,,
273515,Guiry's,2404 Pearl St,Boulder,CO,80302,(303) 444-3800,40.02093515,-105.26386780,0,America/Denver,,
273549,Guiry's - Diamond Vogel Paint Store,3295 Walnut St,Boulder,CO,80301,(303) 442-7452,40.02049030,-105.25009550,0,America/Denver,,
14888,McGuckin Hardware,2525 Arapahoe Ave,Boulder,CO,80302,(303) 443-1822,40.01536556,-105.26171725,1,America/Denver,,
462686,Sherwin-Williams Paint Store,3550 Arapahoe Ave Ste 3,Boulder,CO,80303,(303) 442-5186,40.01403400,-105.24846370,0,America/Denver,,
462687,Sherwin-Williams Paint Store,1555 E Bridge St Ste A,Brighton,CO,80601,(303) 654-1699,39.98719569,-104.81432740,0,America/Denver,,
371360,Builders FirstSource,2031 Nieslanik Ave,Carbondale,CO,81623,(970) 945-5464,39.40503600,-107.22274900,0,America/Denver,,
273445,Guiry's,8262 S University Blvd,Centennial,CO,80122,(303) 770-2572,39.56707185,-104.95964760,0,America/Denver,,
128644,The Big Tool Box and Highlands Garden Center,8080 S Holly St,Centennial,CO,80122,(303) 779-8822,39.57164835,-104.92221719,1,America/Denver,,
371800,Woodcraft of Denver,6770 S Peoria St,Centennial,CO,80112,(303) 290-0007,39.63583800,-104.89666010,0,America/Denver,,
273499,Guiry's,3141 W Colorado Ave,Colorado Springs,CO,80904,(719) 309-6391,38.85391020,-104.87402330,0,America/Denver,,
371796,Woodcraft of Colorado Springs,4438 Austin Bluffs Pkwy,Colorado Springs,CO,80918,(719) 266-9889,38.89667165,-104.74954860,0,America/Denver,,
273526,Bergen Park Paint At Conifer,25797 Conifer Rd,Conifer,CO,80433,(303) 816-4411,39.54333025,-105.29438280,0,America/Denver,,
371318,Alpine Lumber Company,402 Belleview,Crested Butte,CO,81224,(970) 349-7523,38.86677550,-106.98370805,0,America/Denver,,
371312,Advanced Hardware Supply,11475 E 53rd Ave Ste 100,Denver,CO,80239,(720) 464-0050,39.79470935,-104.85539765,0,America/Denver,,
371331,Austin Hardwoods of Denver,975 W Mississippi Ave,Denver,CO,80223,(303) 733-1292,39.69695000,-104.99847400,0,America/Denver,,
273438,Guiry's,5475 Leetsdale Dr,Denver,CO,80246,(303) 757-5435,39.70794435,-104.92378620,0,America/Denver,,
273475,Guiry's,2121 S Colorado Blvd,Denver,CO,80222,(303) 758-8244,39.67703550,-104.94130470,0,America/Denver,,
273481,Guiry's,2245 Market St,Denver,CO,80205,(303) 292-0444,39.75636660,-104.99044795,0,America/Denver,,
371624,Palo Duro Hardwoods Inc.,12875 E 42nd Ave #1,Denver,CO,80239,(303) 375-0280,39.77506225,-104.84084620,0,America/Denver,,
371686,Rockler Woodworking and Hardware,2553 S Colorado Blvd Unit 108,Denver,CO,80222,(303) 782-0588,39.67034705,-104.94132565,1,America/Denver,,
462688,Sherwin-Williams Paint Store,5225 Leetsdale Dr,Denver,CO,80246,(303) 321-2519,39.70847845,-104.92672375,0,America/Denver,,
220010,Alpine Lumber Company,63 Valle Escondido Dr,Durango,CO,81303,(970) 385-1855,37.22686099,-107.80617663,0,America/Chicago,,
123655,Alpine Lumber Company,111 Chambers Ave,Eagle,CO,81631,(970) 328-6306,39.65836498,-106.82521750,0,America/Denver,,
273552,The Paint Bucket,212 Chambers Ave #4815,Eagle,CO,81631,(970) 328-4695,39.65774331,-106.82582208,0,America/Denver,,
462700,Sherwin-Williams Paint Store,2325 CO-7,Erie,CO,80516,(303) 665-7510,40.00074050,-105.01481855,0,America/Denver,,
273518,Guiry's - Diamond Vogel Paint Store,3313 35th Ave Unit A,Evans,CO,80620,(970) 339-9300,40.38365875,-104.73561810,0,America/Denver,,
273545,"Bergen Park Paint \u0026 Decorating, Ltd.",1240 Bergen Pkwy,Evergreen,CO,80439,(303) 674-1605,39.69165930,-105.35751260,0,America/Denver,,
462699,Sherwin-Williams Paint Store,1002 Swede Gulch Rd Ste 100,Evergreen,CO,80439,(303) 526-0628,39.70017310,-105.32543280,0,America/Denver,,
273471,Guiry's,118 W Troutman Pkwy,Fort Collins,CO,80525,(970) 449-4764,40.52982190,-105.07874090,0,America/Denver,,
371725,Sears Trostel Lumber \u0026 Millwork,1500 Riverside Ave,Fort Collins,CO,80524,(970) 482-1928,40.57321100,-105.04791390,0,America/Denver,,
462696,Sherwin-Williams Commercial Paint Store,8101 SW Frontage Rd Ste 200,Fort Collins,CO,80528,(970) 226-1346,40.47161430,-104.99283030,0,America/Denver,,
462697,Sherwin-Williams Paint Store,2712 S College Ave,Fort Collins,CO,80525,(970) 226-0116,40.55001700,-105.07645365,0,America/Denver,,
462695,Sherwin-Williams Paint Store,810 W Platte Ave,Fort Morgan,CO,80701,(970) 867-5950,40.25353680,-103.81259895,0,America/Denver,,
462694,Sherwin-Williams Paint Store,699 10 Mile Dr Ste 10 and 11,Frisco,CO,80443,(970) 668-3131,39.57366996,-106.09637314,0,America/Denver,,
385894,Sherwin-Williams Paint Store,3228 S Glen Ave Apt B,Glenwood Springs,CO,81601,(970) 945-0707,39.51803345,-107.31814400,0,America/Denver,,
371776,West Slope Saw \u0026 Tool Sharpening,1250 N 3rd St,Grand Junction,CO,81501,(970) 241-0640,39.07880030,-108.56745355,0,America/Denver,,
462693,Sherwin-Williams Paint Store,2904 W 10th St,Greeley,CO,80634,(970) 353-0947,40.42217475,-104.72686620,0,America/Denver,,
371319,Alpine Lumber Company,401 W Tomichi Ave,Gunnison,CO,81230,(970) 641-1220,38.54406785,-106.93111635,0,America/Denver,,
462692,Sherwin-Williams Paint Store,4870 Larimer Pkwy,Johnstown,CO,80534,(970) 667-1119,40.40655975,-104.97753715,0,America/Denver,,
462691,Sherwin-Williams Paint Store,8996 W Bowles Ave Ste N\u0026O,Littleton,CO,80123,(303) 932-0223,39.60809020,-105.09763695,0,America/Denver,,
273510,Guiry's - Diamond Vogel Paint Store,300 2nd Ave,Longmont,CO,80501,(303) 776-0622,40.16221465,-105.09853685,0,America/Denver,,
462690,Sherwin-Williams Paint Store,1197 Ken Pratt Blvd,Longmont,CO,80501,(303) 776-7037,40.15182135,-105.11143685,0,America/Denver,,
462698,Sherwin-Williams Paint Store,6075 Firestone Blvd,Longmont,CO,80504,(303) 772-1777,40.16094658,-104.94323041,0,America/Denver,,
371547,Juniper Paints - Benjamin Moore Paint Store,1335 E South Boulder Rd Suite A,Louisville,CO,80027,(303) 604-6004,39.98728790,-105.12512745,0,America/Denver,,
506051,Guiry's Color Source - Loveland,712 E Eisenhower Blvd,Loveland,CO,80537,(970) 593-6320,40.41611560,-105.07220954,0,America/Denver,,
462689,Sherwin-Williams Paint Store,2033 W Eisenhower Blvd,Loveland,CO,80537,(970) 667-6800,40.40758365,-105.10593615,0,America/Denver,,
371815,Woodcraft of Loveland,3718 Draft Horse Dr,Loveland,CO,80538,(970) 292-5940,40.43137550,-104.98405500,0,America/Denver,,
290485,Big Tool Box and Highlands Garden Center - Parker,19850 Cockriel Dr,Parker,CO,80134,(303) 779-8822,39.49015605,-104.75829810,1,America/Denver,,
273468,Guiry's,16534 Keystone Blvd,Parker,CO,80134,(303) 805-4714,39.53305735,-104.79487515,0,America/Denver,,
371320,Alpine Lumber Company,240 S Adams Ave,Silverthorne,CO,80498,(970) 485-7020,39.62513650,-106.06865350,0,America/Denver,,
371321,Alpine Lumber Company,1090 Pine Grove Rd.,Steamboat Springs,CO,80487,(970) 879-5550,40.46600240,-106.82892040,0,America/Denver,,
123656,Alpine Lumber Company,140 Society Dr,Telluride,CO,81435,(970) 728-4388,37.94662171,-107.87417674,0,America/Denver,,
462701,Sherwin-Williams Paint Store,40800 US-6 #1,Vail,CO,81657,(970) 845-0686,39.64332430,-106.37808010,0,America/Denver,,
273441,Guiry's,6735 W 88th Ave,Westminster,CO,80031,(303) 412-6522,39.85693830,-105.07233255,0,America/Denver,,
273452,"Maher's Paint \u0026 Wallpaper, LLC",369 W Main St,Avon,CT,06001,(860) 678-1200,41.81478235,-72.86288525,0,America/New_York,,
273343,Ring's End,9 Taylor Ave,Bethel,CT,06801,(203) 797-1212,41.36930354,-73.41554052,0,America/New_York,,
122002,"Ring's End, Inc.",25 E Industrial Rd,Branford,CT,06405,(203) 488-3551,41.29751677,-72.75401119,0,America/New_York,,
385814,Sherwin-Williams Paint Store,2 Liesl Ln,Branford,CT,06405,(203) 488-1236,41.28246410,-72.82158780,0,America/New_York,,
309873,Northeast Building Supply - Bridgeport,1452 Barnum Ave,Bridgeport,CT,06610,(203) 366-4757,41.18655905,-73.16286535,0,America/New_York,,
390487,Sherwin-Williams Paint Store,46 Glenwood Ave,Bridgeport,CT,06610,(203) 384-8862,41.20345610,-73.18783870,0,America/New_York,,
385819,Sherwin-Williams Paint Store,1197 Farmington Ave Ste 1,Bristol,CT,06010,(860) 589-8804,41.69783650,-72.90408410,0,America/New_York,,
390489,Sherwin-Williams Paint Store,2 Federal Rd,Brookfield,CT,06804,(203) 775-5936,41.43078810,-73.41588380,0,America/New_York,,
183583,C A Lindell True Value Hdw \u0026 Lumber,59 Church St,Canaan,CT,06018,(860) 824-5443,42.02646886,-73.33261201,1,America/New_York,,
385849,Sherwin-Williams Paint Store,50 Berlin Rd Ste 1,Cromwell,CT,06416,(860) 635-1848,41.60248220,-72.68755345,0,America/New_York,,
273333,Ring's End,59-67 Federal Rd,Danbury,CT,06811,(203) 559-3111,41.42030150,-73.41917625,0,America/New_York,,
371654,Ring's End,181 West Ave,Darien,CT,06820,(203) 655-2525,41.07322120,-73.48466835,0,America/New_York,,
371425,Duo-Fast Northeast,22 Tolland St,East Hartford,CT,06108,(860) 289-6861,41.77496568,-72.64530357,0,America/New_York,,
390525,Sherwin-Williams Paint Store,85 Freshwater Blvd Ste 2,Enfield,CT,06082,(860) 745-2459,41.99138185,-72.57620915,0,America/New_York,,
273542,Ring's End,1139 Post Rd,Fairfield,CT,06824,(203) 256-9550,41.14402860,-73.25315565,0,America/New_York,,
385874,Sherwin-Williams Paint Store,695 Post Rd,Fairfield,CT,06824,(203) 255-3523,41.14758105,-73.24679445,0,America/New_York,,
454711,New England Pine Timber Co.,563 Salmon Brook St.,Granby,CT,06035,(203) 249-9429,41.99308865,-72.79895335,0,America/New_York,,
273538,Mc Dermott Paint \u0026 Wallpaper,35 Spring St,Greenwich,CT,06830,(203) 622-0699,41.01982760,-73.63596360,0,America/New_York,,
390543,Sherwin-Williams Paint Store,750 Long Hill Rd,Groton,CT,06340,(860) 445-1011,41.34878150,-72.05334250,0,America/New_York,,
385906,Sherwin-Williams Paint Store,2100 Dixwell Ave,Hamden,CT,06514,(203) 281-4988,41.36957625,-72.92053409,0,America/New_York,,
89117,Herrington's,11 Farnam Rd,Lakeville,CT,06039,(860) 435-2561,41.96313688,-73.43889120,0,America/Chicago,,
122000,Ring's End Inc.,85 Bradley Rd,Madison,CT,06443,(203) 245-0414,41.28288676,-72.59779119,0,America/New_York,,
371817,Woodcraft of Manchester,249 Spencer St,Manchester,CT,06040,(860) 647-0303,41.76717740,-72.57174800,0,America/New_York,,
123839,Ace Home Center - Mystic,9 Hendel Dr,Mystic,CT,06355,(860) 536-9601,41.37667792,-71.95911790,1,America/New_York,,
273519,MYSTIC PAINT \u0026 DECORATING,50 Williams Ave,Mystic,CT,06355,(860) 572-7031,41.34859825,-71.95731880,0,America/New_York,,
476945,H.J. Bushka \u0026 Sons Lumber \u0026 Millwork,25 Great Hill Rd,Naugatuck,CT,06770,(203) 723-1700,41.50820260,-73.01930515,0,America/New_York,,
91168,Northeast Building \u0026 Home- New Canaan,21 Grove St,New Canaan,CT,06840,(203) 966-2673,41.14428900,-73.50010000,1,America/New_York,,
273331,Ring's End,308 S Frontage Rd,New London,CT,06320,(860) 439-0155,41.36829986,-72.11797451,0,America/New_York,,
273493,Ring's End,140 Danbury Rd,New Milford,CT,06776,(860) 355-5566,41.55402510,-73.41860575,0,America/New_York,,
390596,Sherwin-Williams Paint Store,116 Danbury Rd Ste 4,New Milford,CT,06776,(860) 354-0341,41.55731135,-73.41850925,0,America/New_York,,
371655,Ring's End,14 Church Hill Rd,Newtown,CT,06470,(203) 491-1004,41.41369905,-73.30427630,0,America/New_York,,
122001,"Ring's End, Inc.",28 Hope St,Niantic,CT,06357,(860) 739-5441,41.32512677,-72.19491118,0,America/New_York,,
273359,Ring's End,149 Westport Ave,Norwalk,CT,06851,(203) 663-4450,41.12418285,-73.40076690,0,America/New_York,,
386027,Sherwin-Williams Paint Store,304 Main Ave Ste 4,Norwalk,CT,06851,(203) 845-8850,41.13367475,-73.42371509,0,America/New_York,,
386028,Sherwin-Williams Paint Store,411 W Main St,Norwich,CT,06360,(860) 886-0591,41.52079520,-72.09405940,0,America/New_York,,
390608,Sherwin-Williams Paint Store,783 Boston Post Rd,Old Saybrook,CT,06475,(860) 388-3225,41.29282610,-72.38312815,0,America/New_York,,
332347,Colony Hardware,269 S Lambert Rd,Orange,CT,06477,(203) 466-5252,41.26096330,-73.00417100,0,America/New_York,,
273497,Ring's End,131 Boston Post Rd,Orange,CT,06477,(203) 931-0072,41.27486740,-72.99247525,0,America/New_York,,
273341,Ring's End,921 High Ridge Rd,Stamford,CT,06905,(203) 322-5502,41.10288705,-73.54780840,0,America/New_York,,
273483,Ring's End,87 Harvard Ave,Stamford,CT,06902,(203) 356-4000,41.04555125,-73.56108265,0,America/New_York,,
371656,Ring's End,160 Avon St,Stratford,CT,06615,(203) 814-3050,41.18184105,-73.14585455,0,America/New_York,,
371521,Iffland Lumber Company,747 S Main St,Torrington,CT,06790,(860) 489-9218,41.78555380,-73.11643420,0,America/New_York,,
386145,Sherwin-Williams Paint Store,368 Winsted Rd,Torrington,CT,06790,(860) 482-5086,41.82453000,-73.11454670,0,America/New_York,,
273486,Ring's End,921 White Plains Rd,Trumbull,CT,06611,(203) 764-2184,41.24395318,-73.19847519,0,America/New_York,,
91147,Washington Supply Company,2 Calhoun St,Washington Depot,CT,06794,(860) 868-7395,41.64147682,-73.31880120,0,America/Chicago,,
386167,Sherwin-Williams Paint Store,997 Wolcott St,Waterbury,CT,06705,(203) 574-4159,41.56841910,-73.00731370,0,America/New_York,,
386168,Sherwin-Williams Paint Store,99 Boston Post Rd,Waterford,CT,06385,(860) 443-8516,41.34242685,-72.12206995,0,America/New_York,,
220173,Coastal Tool \u0026 Supply Corporation,571 New Park Ave,West Hartford,CT,06110,(860) 233-8213,41.73515684,-72.72311915,0,America/Chicago,,
273489,Ring's End,877 Post Rd E,Westport,CT,06880,(203) 226-6133,41.13851415,-73.33558595,0,America/New_York,,
273337,Ring's End,669 Silas Deane Hwy,Wethersfield,CT,06109,(860) 529-3335,41.70647605,-72.66207615,0,America/New_York,,
386181,Sherwin-Williams Paint Store,725 Silas Deane Hwy,Wethersfield,CT,06109,(860) 529-2078,41.70476620,-72.66171950,0,America/New_York,,
123840,Ace Home Center - Willimantic,1561 West Main St,Willimantic,CT,06226,(860) 423-1649,41.72068355,-72.23511835,1,America/New_York,,
386184,Sherwin-Williams Paint Store,1320 Main St Ste 15,Willimantic,CT,06226,(860) 423-4571,41.71430350,-72.22970400,0,America/New_York,,
273501,Ring's End,129 Danbury Rd,Wilton,CT,06897,(203) 761-1000,41.17793550,-73.41656700,0,America/New_York,,
482621,W.S. Jenks \u0026 Son,910 Bladensburg Rd NE,Washington,DC,20002,(202) 529-6020,38.90252595,-76.98219390,1,America/New_York,,
390587,Sherwin-Williams Paint Store,550 W Main St #554,Middletown,DE,19709,(302) 376-1886,39.44719140,-75.72836950,0,America/New_York,,
371390,CHESAPEAKE WOODWORKERS SALES,282 Old Landing Rd,Millsboro,DE,19966,(302) 934-6590,38.58559565,-75.29040185,0,America/New_York,,
371820,Woodcraft of Wilmington,166 S Dupont Hwy H,New Castle,DE,19720,(302) 323-0400,39.65793680,-75.61124770,0,America/New_York,,
371393,City Floor Supply,107 Sandy Dr Unit 108,Newark,DE,19713,(302) 565-0074,39.65481500,-75.77996510,0,America/New_York,,
428341,Sherwin-Williams Paint Store,89 Atlantic Ave #1,Ocean View,DE,19970,(302) 539-1825,38.54538625,-75.09509465,0,America/New_York,,
386075,Sherwin-Williams Paint Store,19287 Miller Rd #7,Rehoboth Beach,DE,19971,(302) 226-2449,38.72227325,-75.12445405,0,America/New_York,,
386107,Sherwin-Williams Paint Store,22840 Sussex Hwy,Seaford,DE,19973,(302) 629-7550,38.66473295,-75.59554770,0,America/New_York,,
386117,Sherwin-Williams Paint Store,300 Jimmy Dr Ste 120-130,Smyrna,DE,19977,(302) 653-6036,39.28401255,-75.59467710,0,America/New_York,,
386187,Sherwin-Williams Paint Store,3841 Kirkwood Hwy,Wilmington,DE,19808,(302) 999-0169,39.73137850,-75.64450925,0,America/New_York,,
371674,Rockler Woodworking and Hardware,515 E Altamonte Dr #1018,Altamonte Springs,FL,32701,(407) 775-2355,28.66514440,-81.37181940,1,America/New_York,,
371636,"Pro Cabinet Supply, Inc.",2617 Pemberton Dr,Apopka,FL,32703,(407) 292-3644,28.64001065,-81.45274655,0,America/New_York,,
385808,Sherwin-Williams Paint Store,455 NE Spanish River Blvd,Boca Raton,FL,33431,(561) 395-0732,26.38684280,-80.07984105,0,America/New_York,,
273571,Benjamin Moore Sarasota Paint,5123 14th St W,Bradenton,FL,34207,(941) 753-0565,27.45082115,-82.57506865,0,America/New_York,,
371677,Rockler Woodworking and Hardware,169 Brandon Town Center Drive,Brandon,FL,33511,(813) 793-6030,27.93680360,-82.32346325,1,America/New_York,,
371829,Woodcraft of Orlando,8155 S US Hwy 17 92,Casselberry,FL,32730,(407) 260-5002,28.65051650,-81.34930575,0,America/New_York,,
364147,Townsend Building Supply,1520 US-90,Chipley,FL,32428,(850) 638-1625,30.77721000,-85.56058890,0,America/Chicago,,
486562,Sherwin Williams - Crestview,574 S Main St,Crestview,FL,32536,(850) 683-1886,30.75359125,-86.56596875,0,America/Chicago,,
390507,Sherwin-Williams Paint Store,19720 S Dixie Hwy,Cutler Bay,FL,33157,(305) 232-3548,25.58428860,-80.36490235,0,America/New_York,,
371548,Kimal Lumber - Englewood,6520 Industrial Ln,Englewood,FL,34224,(941) 474-7793,26.93116195,-82.31171105,0,America/New_York,,
390532,Sherwin-Williams Paint Store,1892 S 14th St,Fernandina Beach,FL,32034,(904) 277-3800,30.64315530,-81.45489190,0,America/New_York,,
371470,Gold Coast Marine Dist,640 SW Flagler Ave,Fort Lauderdale,FL,33301,(954) 463-8281,26.11336395,-80.14475140,0,America/New_York,,
274389,Seafarer Marine of Fort Lauderdale,3100 SW 3rd Ave,Fort Lauderdale,FL,33315,(954) 763-4263,26.08591620,-80.14431380,0,America/New_York,,
371358,Brinker Brown Fastener \u0026 Supply - Fort Myers,12290 Crystal Commerce Loop,Fort Myers,FL,33966,(239) 939-3535,26.56412125,-81.85084350,0,America/New_York,,
371642,Richelieu Fort Myers,9351 Laredo Ave,Fort Myers,FL,33905,(239) 332-0725,26.64642120,-81.80127530,0,America/New_York,,
385881,Sherwin-Williams Paint Store,3415 Forum Blvd,Fort Myers,FL,33905,(239) 275-1065,26.61581995,-81.79545150,0,America/New_York,,
371768,Unity General LLC,13050 Metro Pkwy #4,Fort Myers,FL,33966,(239) 288-5210,26.55309165,-81.85374065,0,America/New_York,,
371455,Frank's Cash \u0026 Carry,244 FL-20,Freeport,FL,32439,(850) 835-4221,30.49597950,-86.13261230,0,America/Chicago,,
385918,Sherwin-Williams Paint Store,11682 SE Federal Hwy,Hobe Sound,FL,33455,(772) 545-7177,27.06217635,-80.13938500,0,America/New_York,,
385922,Sherwin-Williams Paint Store,2733 Hollywood Blvd,Hollywood,FL,33020,(954) 922-5882,26.01128655,-80.16244475,0,America/New_York,,
385924,Sherwin-Williams Paint Store,1280 N Flagler Ave,Homestead,FL,33030,(305) 247-5830,25.48231710,-80.46385490,0,America/New_York,,
273624,Brinton's Paint Company,200 Park St,Jacksonville,FL,32204,(904) 354-7707,30.32489925,-81.67424650,0,America/New_York,,
371693,Rockler Woodworking and Hardware,4643 River City Drive,Jacksonville,FL,32246,(904) 404-3240,30.25917595,-81.52480655,1,America/New_York,,
371736,"Sulphur Grove Tool, LLC",5757 Arlington Rd,Jacksonville,FL,32211,(904) 619-7935,30.33377980,-81.60046670,0,America/New_York,,
385937,Sherwin-Williams Paint Store,1491 NE Jensen Beach Blvd,Jensen Beach,FL,34957,(772) 232-1680,27.24454275,-80.23242925,0,America/New_York,,
170543,Sherwin-Williams Paint Store,908 Kennedy Dr,Key West,FL,33040,(305) 296-8501,24.56704025,-81.76891340,0,America/Chicago,,
385955,Sherwin-Williams Paint Store,4236 Lake Worth Rd,Lake Worth Beach,FL,33461,(561) 967-7552,26.61776370,-80.10918965,0,America/New_York,,
273574,Benjamin Moore Sarasota Paint,8709 State Road 70 E,Lakewood Ranch,FL,34202,(941) 251-4655,27.43128924,-82.41764867,0,America/New_York,,
390569,Sherwin-Williams Paint Store,2918 Lee Blvd,Lehigh Acres,FL,33971,(239) 369-8588,26.61772630,-81.67529255,0,America/New_York,,
385983,Sherwin-Williams Paint Store,10501 Overseas Hwy,Marathon,FL,33050,(305) 289-8577,24.72787665,-81.04013795,0,America/New_York,,
371337,Beacon Hardwoods -Retail,7165 NW 77th Terrace,Medley,FL,33166,(786) 542-6215,25.84421540,-80.31315435,0,America/New_York,,
274185,O-Gee Paint,6995 Bird Rd,Miami,FL,33155,(305) 666-3300,25.73363265,-80.30765365,0,America/New_York,,
245254,Shell Lumber and Hardware,2733 SW 27th Ave,Miami,FL,33133,(305) 856-6401,25.74129000,-80.23759300,0,America/Kentucky/Monticello,,
272678,American Paint Supplies Inc,5400 Taylor Rd #107,Naples,FL,34109,(239) 566-2700,26.21285865,-81.78275985,0,America/New_York,,
386013,Sherwin-Williams Paint Store,8768 Navarre Pkwy,Navarre,FL,32566,(850) 939-0102,30.40333440,-86.85624840,0,America/Chicago,,
145105,Kimal Lumber \u0026 Hardware - Nokomis Lumberyard,400 Riverview Dr S,Nokomis,FL,34275,(941) 484-9721,27.12244437,-82.44413508,0,America/New_York,,
386008,Sherwin-Williams Paint Store,451 NE 167th St,North Miami Beach,FL,33162,(305) 651-9591,25.92887975,-80.19172085,0,America/New_York,,
386030,Sherwin-Williams Paint Store,1439 E Commercial Blvd,Oakland Park,FL,33334,(954) 202-0944,26.18969500,-80.12693655,0,America/New_York,,
371650,Richelieu ORLANDO,3455 W D Judge Dr,Orlando,FL,32808,(407) 339-5777,28.56112010,-81.42212885,0,America/New_York,,
386039,Sherwin-Williams Paint Store,109 N Yonge St,Ormond Beach,FL,32174,(386) 672-6370,29.28582710,-81.06322485,0,America/New_York,,
386043,Sherwin-Williams Paint Store,742 15th St,Panama City,FL,32401,(850) 785-6164,30.17572895,-85.67247455,0,America/Chicago,,
365040,Townsend Building Supply,3710 Highway 231 North,Panama City,FL,32404,(850) 771-5608,30.21471880,-85.60341980,0,America/Chicago,,
371348,Blackwater River Tools Inc,2503 N V St,Pensacola,FL,32505,(850) 470-9959,30.43868975,-87.24838830,0,America/Chicago,,
386050,Sherwin-Williams Paint Store,3117 N Palafox St,Pensacola,FL,32501,(850) 432-4173,30.44526835,-87.22788860,0,America/Chicago,,
386051,Sherwin-Williams Paint Store,313 E 9 Mile Rd,Pensacola,FL,32514,(850) 474-3600,30.53241075,-87.26060005,0,America/Chicago,,
273865,"PINELLAS PAINT \u0026 INDUSTRIAL FINISHES, INC.",7301 47th St N,Pinellas Park,FL,33781,(727) 541-2602,27.83998967,-82.69829055,0,America/New_York,,
371582,Merritt Marine Supply,2621 NE 4th Ave,Pompano Beach,FL,33064,(954) 946-5350,26.26339510,-80.11645940,0,America/New_York,,
371651,Richelieu POMPANO BEACH,3410 Park Central Blvd N,Pompano Beach,FL,33064,(954) 968-2900,26.26877980,-80.14239555,0,America/New_York,,
371742,Taco Tools,1500 W Copans Rd STE A8,Pompano Beach,FL,33069,(786) 866-5988,26.26005500,-80.14422410,0,America/New_York,,
486566,Sherwin Williams - Santa Rosa Beach - 98,2525 US-98,Santa Rosa Beach,FL,32459,(850) 622-1215,30.37325370,-86.22021000,0,America/Chicago,,
272899,Benjamin Moore Sarasota Paint,2525 Stickney Point Rd,Sarasota,FL,34231,(941) 953-1005,27.26628850,-82.51763705,0,America/New_York,,
275400,Benjamin Moore Sarasota Paint,2088 12th St,Sarasota,FL,34237,(941) 955-7004,27.34828290,-82.52860835,0,America/New_York,,
89808,Kimal Lumber \u0026 Hardware - Sarasota Drive-Thru,7010 Fruitville Rd,Sarasota,FL,34240,(941) 953-1076,27.33773290,-82.43021020,0,America/Chicago,,
386092,Sherwin-Williams Paint Store,3065 County Rd 210,St Johns,FL,32259,(904) 230-9208,30.08206530,-81.54712010,0,America/New_York,,
274241,Regal Paint Centers Benjamin Moore Paint,1825 SE Federal Hwy,Stuart,FL,34994,(772) 463-4484,27.18187880,-80.23990260,0,America/New_York,,
371728,"Sewell Hardware Co., Inc.",2330 SE Normand St,Stuart,FL,34997,(772) 286-9940,27.16867895,-80.22177610,0,America/New_York,,
274517,Eppes Decorating Center,2270 Allen Rd,Tallahassee,FL,32312,(850) 385-6649,30.47310770,-84.29440200,0,America/New_York,,
386141,Sherwin-Williams Paint Store,2910 Kerry Forest Pkwy Ste A1C,Tallahassee,FL,32309,(850) 906-9600,30.54234610,-84.22484845,0,America/New_York,,
386142,Sherwin-Williams Paint Store,4125 W Kennedy Blvd,Tampa,FL,33609,(813) 289-9817,27.94512650,-82.51289095,0,America/New_York,,
371729,"Sewell Hardware Co., Inc.",707 US-1,Vero Beach,FL,32962,(772) 569-2420,27.61499485,-80.38783025,0,America/New_York,,
386154,Sherwin-Williams Paint Store,915 Bougainvillea Ln,Vero Beach,FL,32963,(772) 234-1026,27.65172685,-80.35687055,0,America/New_York,,
371771,Vero Cabinet Supply,754 Old Dixie Hwy,Vero Beach,FL,32962,(772) 770-9955,27.61534365,-80.39094905,0,America/New_York,,
371468,Glue Products Plus,4115 Georgia Ave,West Palm Beach,FL,33405,(561) 833-1863,26.67452960,-80.05884655,0,America/New_York,,
371581,Merritt Marine,1306 53rd St,West Palm Beach,FL,33407,(561) 622-1877,26.75902900,-80.07596325,0,America/New_York,,
371730,"Sewell Hardware Co., Inc.",1318 Mercer Ave,West Palm Beach,FL,33401,(561) 832-7171,26.70150995,-80.06696205,0,America/New_York,,
386176,Sherwin-Williams Paint Store,3915 S Dixie Hwy,West Palm Beach,FL,33405,(561) 833-4666,26.67617330,-80.05503640,0,America/New_York,,
371786,Woodcraft of Atlanta,8560 Holcomb Bridge Rd #115,Alpharetta,GA,30022,(770) 587-3372,33.98679630,-84.27344065,0,America/New_York,,
157440345,Stalror Metal Works,130 Ware St,Athens,GA,30601,(706) 207-5086,33.965221,-83.37899,0,,festool,https://festool.locally.com/stores/festool
371326,Benjamin Moore - Armistead Paint \u0026 Supply - Buckhead,"3210 Roswell Road NW, Suite H",Atlanta,GA,30305,(404) 467-8777,33.84277230,-84.37903900,0,America/New_York,,
241202,Highland Woodworking,1045 North Highland Avenue Northeast,Atlanta,GA,30306,(404) 872-4466,33.78315880,-84.35391740,0,America/Chicago,,
390471,Sherwin-Williams Paint Store,2451 Cumberland Pkwy SE Ste 100,Atlanta,GA,30339,(770) 805-0558,33.86274140,-84.47866645,0,America/New_York,,
371345,Bethlehem Floor Supply Co,737 Harry McCarty Rd Suite 304,Bethlehem,GA,30620,(770) 307-5701,33.93855650,-83.73582070,0,America/New_York,,
371464,Georgia Hardwoods,3061 Verona Ave,Buford,GA,30518,(770) 932-0640,34.12896785,-83.97077465,0,America/New_York,,
390491,Sherwin-Williams Paint Store,905 S Park St,Carrollton,GA,30117,(770) 834-3383,33.56328890,-85.07549255,0,America/New_York,,
385853,Sherwin-Williams Paint Store,1904 E WALNUT AVE,Dalton,GA,30721,(706) 278-1890,34.76051345,-84.93747180,0,America/New_York,,
385860,Sherwin-Williams Paint Store,425 Quill Dr #120,Dawsonville,GA,30534,(706) 265-1555,34.34803670,-84.04799520,0,America/New_York,,
383677,Benjamin Moore - Armistead Paint \u0026 Supply - Dunwoody,2458 Jett Ferry Rd Suite 230,Dunwoody,GA,30338,(404) 467-8777,33.94464700,-84.32264880,0,America/New_York,,
371516,Howard Lumber Co,475 Columbia Industrial Blvd,Evans,GA,30809,(706) 868-8400,33.53911925,-82.11340180,0,America/New_York,,
371694,Rockler Woodworking and Hardware,425 Ernest W Barrett Parkway NW,Kennesaw,GA,30144,(678) 383-0087,34.01495711,-84.56308837,1,America/New_York,,
390568,Sherwin-Williams Paint Store,524 Lyle Cir,Lawrenceville,GA,30046,(770) 963-8174,33.97210625,-83.98684885,0,America/New_York,,
385978,Sherwin-Williams Paint Store,2129 Riverside Dr,Macon,GA,31204,(478) 742-7365,32.85947270,-83.64694995,0,America/New_York,,
386017,Sherwin-Williams Paint Store,5 Baynard Dr,Newnan,GA,30265,(678) 423-3375,33.40226695,-84.72204900,0,America/New_York,,
390597,Sherwin-Williams Paint Store,16 W Washington St,Newnan,GA,30263,(770) 253-2924,33.37507780,-84.80159405,0,America/New_York,,
371649,Richelieu Atlanta,6525 Best Friend Rd,Norcross,GA,30071,(770) 326-9457,33.91711505,-84.22889660,0,America/New_York,,
386048,Sherwin-Williams Paint Store,423 GA-74,Peachtree City,GA,30269,(770) 486-6677,33.41543365,-84.60238090,0,America/New_York,,
371722,SDC Promotions,993 LaFayette Rd,Rocky Face,GA,30740,(706) 463-2219,34.77276340,-85.06928030,0,America/New_York,,
386087,Sherwin-Williams Paint Store,420 Shorter Ave NW,Rome,GA,30165,(706) 291-7210,34.26507280,-85.19472925,0,America/New_York,,
371710,Rockler Woodworking and Hardware - Sandy Springs,6690 Roswell Rd Suite 450,Sandy Springs,GA,30328,(404) 460-1000,33.93810385,-84.38045645,1,America/New_York,,
371384,Case Woodworking Supply,1725 Grove Point Rd,Savannah,GA,31419,(912) 927-9000,31.99013410,-81.22986775,0,America/New_York,,
371652,Richelieu SAVANNAH,150 Chatham Pkwy,Savannah,GA,31408,(912) 965-0600,32.08434485,-81.15869910,0,America/New_York,,
386161,Sherwin-Williams Paint Store,1053 SR 96,Warner Robins,GA,31088,(478) 988-4714,32.55335515,-83.68909630,0,America/New_York,,
386162,Sherwin-Williams Paint Store,351 S Houston Lake Rd,Warner Robins,GA,31088,(478) 971-1402,32.61113085,-83.67945305,0,America/New_York,,
173189,HPM Building Supply - Hilo,380 Kanoelehua Ave #4687,Hilo,HI,96720,(808) 935-0875,19.71723230,-155.06492541,1,Pacific/Honolulu,,
371806,Woodcraft Hawaii 526,1311 Kalani St,Honolulu,HI,96817,(808) 841-9876,21.32175195,-157.87706410,0,Pacific/Honolulu,,
173190,HPM Building Supply - Kona,74-5511 Luhia St,Kailua-Kona,HI,96740,(808) 334-4200,19.64963219,-156.00252556,1,Pacific/Honolulu,,
390571,Sherwin-Williams Paint Store,1865 Haleukana St,Lihue,HI,96766,(808) 241-7990,21.95703145,-159.39163670,0,Pacific/Honolulu,,
32873,TOOLMASTER,3968 Halau St,Lihue,HI,96766,(808) 246-1000,21.97028625,-159.35558260,1,Pacific/Honolulu,,
371485,Hardware Lumber Maui,823 Alua St,Wailuku,HI,96793,(808) 244-0499,20.90230045,-156.48717895,0,Pacific/Honolulu,,
385767,Hokel Machine Supply,224 Duff Ave,Ames,IA,50010,(515) 232-6505,42.02452375,-93.61008040,0,America/Chicago,,
385830,Sherwin-Williams Paint Store,1425 Plaza Dr,Carroll,IA,51401,(712) 792-0088,42.06513295,-94.84460475,0,America/Chicago,,
200966,Acme Tools,1943 Blairs Ferry Rd NE,Cedar Rapids,IA,52402,(319) 363-2211,42.03376887,-91.66515018,1,America/Chicago,,
385859,Sherwin-Williams Paint Store,3871 Elmore Avenue Ste B,Davenport,IA,52807,(563) 323-0272,41.55790610,-90.52645955,0,America/Chicago,,
390512,Sherwin-Williams Paint Store,902 Short St,Decorah,IA,52101,(563) 382-9616,43.29258865,-91.79615535,0,America/Chicago,,
121383,Acme Tools,629 SW 9th St,Des Moines,IA,50309,(515) 244-4189,41.57518681,-93.62407153,1,America/Chicago,,
273581,Color Store,1863 NE 54th Ave,Des Moines,IA,50313,(515) 265-4999,41.65719785,-93.58933676,0,America/Chicago,,
385862,Sherwin-Williams Paint Store,1040 E Army Post Rd,Des Moines,IA,50315,(515) 285-0072,41.52769815,-93.60192365,0,America/Chicago,,
168810,Sherwin-Williams Paint Store,1690 John F Kennedy Rd #1,Dubuque,IA,52002,(563) 582-1875,42.50016963,-90.72014864,0,America/Chicago,,
385775,Woodcraft of Iowa City,3 Escort Ln SW,Iowa City,IA,52240,(319) 259-7175,41.63025500,-91.56940895,0,America/Chicago,,
385988,Sherwin-Williams Paint Store,116 5th St SW Ste D,Mason City,IA,50401,(641) 421-2005,43.14754810,-93.20317605,0,America/Chicago,,
339492,Midwest Technology Products,2600 Bridgeport Dr,Sioux City,IA,51111,(712) 252-3601,42.43017495,-96.37730800,0,America/Chicago,,
386124,Sherwin-Williams Paint Store,704 Grand Ave,Spencer,IA,51301,(712) 262-2438,43.14398620,-95.14436860,0,America/Chicago,,
371311,Advanced Hardware Supply,12324 W Executive Dr,Boise,ID,83713,(208) 321-8089,43.61168830,-116.33589415,0,America/Boise,,
371789,Woodcraft of Boise,7005 W Overland Rd,Boise,ID,83709,(208) 338-1190,43.58926090,-116.26909970,0,America/Boise,,
334083,Coeur D'Alene Power Tool,451 W Cherry Ln,Coeur d'Alene,ID,83815,(208) 667-1158,47.70455280,-116.79246075,0,America/Los_Angeles,,
371587,Miller Paint,245 West Appleway Ave.,Coeur d'Alene,ID,83814,(208) 292-4568,47.70200220,-116.79033635,0,America/Los_Angeles,,
371313,Advanced Hardware Supply,4746 N Haroldsen Dr,Idaho Falls,ID,83401,(208) 524-4629,43.53796370,-112.00619455,0,America/Boise,,
371517,"Hudson \u0026 West - Woodworking, Hardware \u0026 Tool Store",1250 E Kalispell St STE 140,Meridian,ID,83642,(208) 398-2040,43.60240975,-116.37908155,0,America/Boise,,
273606,Mallory Paint Store - Benjamin Moore,209 E 3rd St,Moscow,ID,83843,(208) 596-4267,46.73219523,-116.99956150,0,America/Los_Angeles,,
273579,Mallory Paint Store - Benjamin Moore,476930 US-95 Suite 2,Ponderay,ID,83852,(208) 263-9182,48.30711840,-116.54677515,0,America/Los_Angeles,,
435081,Sherwin-Williams Paint Store,1936 Kimberly Rd,Twin Falls,ID,83301,(208) 734-7921,42.54811440,-114.44700145,0,America/Boise,,
281389,Valley Lumber \u0026 Rental,9 Sagebrush Dr,Victor,ID,83455,(208) 787-9663,43.61368710,-111.11012110,0,America/Boise,,
274544,JC Licht Benjamin Moore Paint \u0026 Decor Store Addison,901 S Rohlwing Rd,Addison,IL,60101,(630) 868-7361,41.90827275,-88.03124654,0,America/Chicago,,
275124,JC Licht Benjamin Moore Paint \u0026 Decor Store Algonquin,1700 E Algonquin Rd,Algonquin,IL,60102,(847) 658-3622,42.15820525,-88.26979480,0,America/Chicago,,
313152,"Graber Building Supply and Hdw, Inc",111 W. Springfield Rd.,Arcola,IL,61910,(217) 268-3014,39.68043585,-88.31018420,0,America/Chicago,,
275146,JC Licht Benjamin Moore Paint \u0026 Decor Store Aurora,3450 Montgomery Rd,Aurora,IL,60504,(630) 375-9819,41.73265070,-88.23136335,0,America/Chicago,,
385787,Sherwin-Williams Paint Store,304 W Indian Trail,Aurora,IL,60506,(630) 892-4231,41.78160540,-88.31990245,0,America/Chicago,,
274565,JC Licht Benjamin Moore Paint \u0026 Decor Store Barrington,121 S Northwest Hwy,Barrington,IL,60010,(847) 381-2800,42.15332565,-88.12796205,0,America/Chicago,,
385806,Sherwin-Williams Paint Store,115 Krispy Kreme Drive Ste 6,Bloomington,IL,61704,(309) 665-0700,40.48140160,-88.95082500,0,America/Chicago,,
385810,Sherwin-Williams Paint Store,453 N Bolingbrook Dr,Bolingbrook,IL,60440,(630) 759-9330,41.71163200,-88.07107920,0,America/Chicago,,
385829,Sherwin-Williams Paint Store,479 Thornhill Dr,Carol Stream,IL,60188,(630) 668-3643,41.89266235,-88.10605595,0,America/Chicago,,
371410,CU Woodshop Supply,1305 N Mckinley Ave,Champaign,IL,61821,(217) 355-1244,40.12934425,-88.26369845,0,America/Chicago,,
385832,Sherwin-Williams Paint Store,709 N Mattis Ave,Champaign,IL,61821,(217) 356-3748,40.12355175,-88.27773105,0,America/Chicago,,
355689,JC Licht Ace - Logan Square,2160 N Milwaukee Ave,Chicago,IL,60647,(773) 257-7555,41.92024325,-87.69362610,0,America/Chicago,,
274550,JC Licht Benjamin Moore Paint \u0026 Decor Store Andersonville,5424 N Clark St,Chicago,IL,60640,(773) 561-2275,41.98064165,-87.66863530,0,America/Chicago,,
275144,JC Licht Benjamin Moore Paint \u0026 Decor Store Avondale,3445 N Kimball Ave,Chicago,IL,60618,(773) 463-3050,41.94584357,-87.71181924,0,America/Chicago,,
274556,JC Licht Benjamin Moore Paint \u0026 Decor Store Harlem Avenue,5301 N Harlem Ave,Chicago,IL,60656,(773) 763-4100,41.97724585,-87.80675020,0,America/Chicago,,
275152,JC Licht Benjamin Moore Paint \u0026 Decor Store Irving Park,4230 W Irving Park Rd,Chicago,IL,60641,(773) 286-3010,41.95385995,-87.73358500,0,America/Chicago,,
275140,JC Licht Benjamin Moore Paint \u0026 Decor Store Lakeview,3234 N Clark St,Chicago,IL,60657,(773) 868-0400,41.94096874,-87.65059397,0,America/Chicago,,
244629,JC Licht True Value West Loop,18 S Sangamon St,Chicago,IL,60607,(312) 733-3200,41.88105300,-87.65120900,0,America/Chicago,,
385838,Sherwin-Williams Paint Store,2902 W Fullerton Ave,Chicago,IL,60647,(773) 489-3877,41.92508925,-87.70018170,0,America/Chicago,,
385839,Sherwin-Williams Paint Store,2917 N Ashland Ave,Chicago,IL,60657,(773) 348-0414,41.93486965,-87.66797670,0,America/Chicago,,
390496,Sherwin-Williams Paint Store,4201 N Milwaukee Ave,Chicago,IL,60641,(773) 282-7400,41.95726120,-87.75104160,0,America/Chicago,,
332595,Dixon Paint Co,313 W 1st St,Dixon,IL,61021,(815) 284-0730,41.84300430,-89.48604980,0,America/Chicago,,
275132,JC Licht Benjamin Moore Paint \u0026 Decor Store Downers Grove,2303 Maple Ave,Downers Grove,IL,60515,(630) 515-1070,41.78419465,-88.03914360,0,America/Chicago,,
371301,3B Saw and tool,851 Industrial Dr,Elmhurst,IL,60126,(708) 386-2365,41.92566850,-87.94571845,0,America/Chicago,,
390523,Sherwin-Williams Paint Store,223 N York St,Elmhurst,IL,60126,(630) 834-1470,41.90412280,-87.93956680,0,America/Chicago,,
371438,Evanston Lumber,1001 Sherman Ave,Evanston,IL,60202,(847) 864-7700,42.03589065,-87.68183405,0,America/Chicago,,
275136,JC Licht Benjamin Moore Paint \u0026 Decor Store Evanston,2538 Green Bay Rd,Evanston,IL,60201,(847) 475-0430,42.06361515,-87.69859950,0,America/Chicago,,
274546,JC Licht Benjamin Moore Paint \u0026 Decor Store Forest Park,7400 Madison St,Forest Park,IL,60130,(708) 366-4288,41.87937125,-87.81105953,0,America/Chicago,,
274536,JC Licht Benjamin Moore Paint \u0026 Decor Store Geneva,716 W State St,Geneva,IL,60134,(630) 232-7838,41.88808905,-88.31398205,0,America/Chicago,,
274528,JC Licht Benjamin Moore Paint \u0026 Decor Store Glencoe,107 Green Bay Rd,Glencoe,IL,60022,(847) 446-7133,42.12051415,-87.74607935,0,America/Chicago,,
274552,JC Licht Benjamin Moore Paint \u0026 Decor Store Glenview,580 Waukegan Rd,Glenview,IL,60025,(847) 724-3400,42.06531280,-87.80024615,0,America/Chicago,,
274554,JC Licht Benjamin Moore Paint \u0026 Decor Store Gurnee,5320 Grand Ave,Gurnee,IL,60031,(847) 623-0027,42.37734725,-87.93494310,0,America/Chicago,,
385904,Sherwin-Williams Paint Store,3611 Grand Ave,Gurnee,IL,60031,(847) 623-7795,42.37017335,-87.89037950,0,America/Chicago,,
371644,Richelieu Chicago,6350 Church Rd,Hanover Park,IL,60133,(847) 451-9300,41.98664390,-88.15122080,0,America/Chicago,,
274532,JC Licht Benjamin Moore Paint \u0026 Decor Store Hinsdale,6 Grant Square,Hinsdale,IL,60521,(630) 325-7270,41.80294094,-87.93147626,0,America/Chicago,,
385919,Sherwin-Williams Paint Store,695 W Golf Rd,Hoffman Estates,IL,60169,(847) 884-2582,42.04785405,-88.09677015,0,America/Chicago,,
383685,JC Licht Benjamin Moore Paint \u0026 Decor Store Homer Glen,14342 S Bell Rd,Homer Glen,IL,60491,(708) 869-5877,41.62775810,-87.93177235,0,America/Chicago,,
383686,JC Licht Benjamin Moore Paint \u0026 Decor Store Huntley,12868 IL-47,Huntley,IL,60142,(847) 230-9303,42.14045099,-88.43998560,0,America/Chicago,,
371342,Berland's House of Tools,1695 New Lenox Rd,Joliet,IL,60433,(815) 722-2000,41.51206735,-88.03862425,0,America/Chicago,,
274530,JC Licht Benjamin Moore Paint \u0026 Decor Store Joliet,928 Plainfield Rd,Joliet,IL,60435,(815) 726-5400,41.54021897,-88.10717925,0,America/Chicago,,
390558,Sherwin-Williams Paint Store,614 Green Bay Rd,Kenilworth,IL,60043,(847) 251-6115,42.09014385,-87.72080965,0,America/Chicago,,
274526,JC Licht Benjamin Moore Paint \u0026 Decor Store La Grange,10 N Ashland Ave,La Grange,IL,60525,(708) 352-9494,41.81603875,-87.87269310,0,America/Chicago,,
371762,Tool Nirvana,13655 W Irma Lee court,Lake Forest,IL,60045,(847) 219-3334,42.26620225,-87.89848320,0,America/Chicago,,
390563,Sherwin-Williams Paint Store,890 S Rand Rd Ste E,Lake Zurich,IL,60047,(847) 438-5890,42.18355205,-88.08453845,0,America/Chicago,,
274567,JC Licht Benjamin Moore Paint \u0026 Decor Store Libertyville,118 N Milwaukee Ave,Libertyville,IL,60048,(847) 367-8288,42.28348003,-87.95310840,0,America/Chicago,,
220107,Berlands House of Tools,600 Oak Creek Dr,Lombard,IL,60148,(630) 620-0026,41.85045020,-88.02950670,0,America/Chicago,,
275116,JC Licht Benjamin Moore Paint \u0026 Decor Store Loves Park,1459 E Riverside Blvd,Loves Park,IL,61111,(779) 314-3020,42.31752715,-89.03716024,0,America/Chicago,,
390574,Sherwin-Williams Commercial Paint Store,1506 E Riverside Blvd,Loves Park,IL,61111,(815) 964-7080,42.31871765,-89.03500400,0,America/Chicago,,
385989,Sherwin-Williams Paint Store,3718 W Elm St,McHenry,IL,60050,(815) 578-1752,42.34557615,-88.27105195,0,America/Chicago,,
386003,Sherwin-Williams Paint Store,4011 Avenue of the Cities Ste 10,Moline,IL,61265,(309) 764-5693,41.49124845,-90.48098180,0,America/Chicago,,
275118,JC Licht Benjamin Moore Paint \u0026 Decor Store Mount Prospect,1508 N Elmhurst Rd,Mt Prospect,IL,60056,(847) 255-4488,42.09460655,-87.93737030,0,America/Chicago,,
273811,Mt. Prospect Paint,500 W Northwest Hwy,Mt Prospect,IL,60056,(847) 255-5777,42.06691855,-87.94204081,0,America/Chicago,,
274558,JC Licht Benjamin Moore Paint \u0026 Decor Store Mundelein,518 E Hawley St,Mundelein,IL,60060,(847) 566-9160,42.27029800,-87.99652015,0,America/Chicago,,
275150,JC Licht Benjamin Moore Paint \u0026 Decor Store Naperville,419 S Washington St,Naperville,IL,60540,(630) 961-1771,41.77110037,-88.14846374,0,America/Chicago,,
390592,Sherwin-Williams Paint Store,44 W Gartner Rd #116,Naperville,IL,60540,(630) 355-7455,41.75455345,-88.14054855,0,America/Chicago,,
371541,JC Licht Benjamin Moore Paint and Decor Store New Lenox,2405 E Lincoln Hwy,New Lenox,IL,60451,(815) 449-4292,41.50949575,-87.91907395,0,America/Chicago,,
275113,JC Licht Benjamin Moore Paint \u0026 Decor Store Northbrook,1340 Meadow Rd,Northbrook,IL,60062,(847) 272-2600,42.12874957,-87.82742383,0,America/Chicago,,
386031,Sherwin-Williams Paint Store,5525 W 87th St,Oak Lawn,IL,60453,(708) 424-3355,41.73354375,-87.75972420,0,America/Chicago,,
274540,JC Licht Benjamin Moore Paint \u0026 Decor Store Oak Park,7051 W North Ave,Oak Park,IL,60302,(708) 848-4540,41.90863220,-87.80356205,0,America/Chicago,,
390603,Sherwin-Williams Paint Store,901 Madison St,Oak Park,IL,60302,(708) 763-0048,41.87955630,-87.79786705,0,America/Chicago,,
390609,Sherwin-Williams Paint Store,8903 159th St,Orland Hills,IL,60487,(708) 460-3402,41.60109250,-87.83631835,0,America/Chicago,,
275122,JC Licht Benjamin Moore Paint \u0026 Decor Store Orland Park,15810 S Harlem Ave,Orland Park,IL,60462,(708) 590-4614,41.60396105,-87.79474125,0,America/Chicago,,
371700,Rockler Woodworking and Hardware,15758 S LaGrange Rd,Orland Park,IL,60462,(708) 778-3021,41.60439180,-87.85509265,1,America/Chicago,,
371343,Berland's House of Tools,20254 N Rand Rd,Palatine,IL,60074,(847) 540-9200,42.15708200,-88.04410610,0,America/Chicago,,
390611,Sherwin-Williams Paint Store,261 E Northwest Hwy,Palatine,IL,60067,(847) 934-3662,42.11795580,-88.03659940,0,America/Chicago,,
371858,Woodworkers Shop,13587 E Manito Rd,Pekin,IL,61554,(309) 347-5111,40.53748440,-89.67171125,0,America/Chicago,,
273664,Born Paint Company,317 Walnut St,Peoria,IL,61605,(309) 673-3718,40.68820255,-89.59655980,0,America/Chicago,,
275134,JC Licht Benjamin Moore Paint \u0026 Decor Store Plainfield,23859 W 135th St,Plainfield,IL,60544,(815) 676-5333,41.63685890,-88.19993615,0,America/Chicago,,
386059,Sherwin-Williams Paint Store,11850 Illinois Rte 59 Ste 100,Plainfield,IL,60585,(815) 254-4198,41.66701360,-88.20589340,0,America/Chicago,,
386060,Sherwin-Williams Paint Store,2041 Illinois Rte 59,Plainfield,IL,60586,(815) 254-3272,41.57265610,-88.23151300,0,America/Chicago,,
386072,Sherwin-Williams Paint Store,3500 Broadway St,Quincy,IL,62301,(217) 223-6044,39.93468660,-91.36008305,0,America/Chicago,,
386089,Sherwin-Williams Paint Store,184 W Rollins Rd,Round Lake Beach,IL,60073,(847) 270-0150,42.37947115,-88.08685355,0,America/Chicago,,
371711,Rockler Woodworking and Hardware,253 W Golf Rd,Schaumburg,IL,60195,(847) 310-0447,42.04854070,-88.08573340,1,America/Chicago,,
275110,JC Licht Benjamin Moore Paint \u0026 Decor Store South Elgin,1326 W Spring St,South Elgin,IL,60177,(847) 695-0800,41.99661770,-88.31979650,0,America/Chicago,,
390652,Sherwin-Williams Paint Store,2406 W Main St,St. Charles,IL,60175,(630) 444-1425,41.91332650,-88.34313645,0,America/Chicago,,
275148,JC Licht Benjamin Moore Paint \u0026 Decor Store Villa Park,401 W St Charles Rd,Villa Park,IL,60181,(630) 268-1100,41.88934050,-87.98893490,0,America/Chicago,,
386156,Sherwin-Williams Paint Store,2800 Hartigan Rd,Volo,IL,60020,(224) 337-7778,42.36367396,-88.16720310,0,America/Chicago,,
371862,"WSI Machinery, Inc.",1530 N Old Rand Rd,Wauconda,IL,60084,(847) 526-1411,42.28362635,-88.15476695,0,America/Chicago,,
275128,JC Licht Benjamin Moore Paint \u0026 Decor Store Wheaton,1815 E Roosevelt Rd,Wheaton,IL,60187,(630) 682-4944,41.85947005,-88.08142820,0,America/Chicago,,
390676,Sherwin-Williams Paint Store,2037 75th St,Woodridge,IL,60517,(630) 910-3350,41.75003685,-88.03318415,0,America/Chicago,,
371854,Woodcraft of Woodridge / Downers Grove,7440 Woodward Ave Ste A107,Woodridge,IL,60517,(630) 435-9663,41.75208535,-88.03306520,0,America/Chicago,,
274569,JC Licht Benjamin Moore Paint \u0026 Decor Store Yorkville,122 W Veterans Pkwy,Yorkville,IL,60560,(630) 760-2393,41.65728730,-88.44390610,0,America/Chicago,,
386195,Sherwin-Williams Paint Store,1382 N Bridge St,Yorkville,IL,60560,(630) 553-6102,41.65650205,-88.44209890,0,America/Chicago,,
371540,JC Licht Benjamin Moore Paint \u0026 Decor Store Crown Point,811 N Main St,Crown Point,IN,46307,(219) 663-2302,41.42649280,-87.36489065,0,America/Chicago,,
390518,Sherwin-Williams Paint Store,907 Joliet St,Dyer,IN,46311,(219) 864-2370,41.49441475,-87.50638485,0,America/Chicago,,
390528,Sherwin-Williams Paint Store,632 E Diamond Ave,Evansville,IN,47711,(812) 422-3641,38.00032770,-87.55513300,0,America/Chicago,,
371559,Lanham Hardwood Flooring,12942 Ford Dr,Fishers,IN,46038,(317) 577-8877,39.97540705,-86.00711335,0,America/Indiana/Indianapolis,,
390533,Sherwin-Williams Paint Store,12680 E 116th St,Fishers,IN,46037,(317) 845-4347,39.95823345,-85.93817620,0,America/Indiana/Indianapolis,,
371598,OakTree Supply,14110 Plank St,Fort Wayne,IN,46818,(260) 637-0054,41.21418745,-85.17309040,0,America/Indiana/Indianapolis,,
371734,Snyder Paints -- a RepcoLite Company,412 W Lincoln Ave,Goshen,IN,46526,(574) 533-5995,41.58607955,-85.84012125,0,America/Indiana/Indianapolis,,
385901,Sherwin-Williams Paint Store,1282 Greenwood Park Dr W,Greenwood,IN,46142,(317) 888-2803,39.63458390,-86.12505885,0,America/Indiana/Indianapolis,,
385757,Accurate Cutting Technologies Inc,1111 Country Club Rd,Indianapolis,IN,46234,(317) 243-8415,39.78032345,-86.30693240,0,America/Indiana/Indianapolis,,
371391,Chisholm Lumber \u0026 Supply,2001 N Olney St,Indianapolis,IN,46218,(317) 547-3535,39.79328110,-86.10628110,0,America/Indiana/Indianapolis,,
371645,Richelieu INDIANAPOLIS,5373 W 79th St,Indianapolis,IN,46268,(317) 875-7550,39.89566940,-86.25347570,0,America/Indiana/Indianapolis,,
371692,Rockler Woodworking and Hardware,8452 Castleton Corner Dr,Indianapolis,IN,46250,(317) 578-9750,39.91018245,-86.07304205,1,America/Indiana/Indianapolis,,
506055,Sherwin-Williams Paint Store,6070 E 82nd St,Indianapolis,IN,46250,(317) 842-2323,39.90597995,-86.06288055,0,America/Indiana/Indianapolis,,
371782,Winner Woodworking Equipment \u0026 Supply,702 N Shortridge Rd,Indianapolis,IN,46219,(800) 240-6530,39.77922040,-86.04120370,0,America/Indiana/Indianapolis,,
371807,Woodcraft of Indianapolis,7330 E 86th St,Indianapolis,IN,46256,(317) 578-3400,39.91356250,-86.03813630,0,America/Indiana/Indianapolis,,
320125,Von Tobel,319 N Earl Ave,Lafayette,IN,47904,(765) 448-1525,40.41950630,-86.85996025,0,America/Chicago,,
506054,Quality Supply and Tool,250 N Enterprise Blvd Suite 3 and 4,Lebanon,IN,46052,(765) 297-9162,40.03812519,-86.49531015,0,America/Indiana/Indianapolis,,
476941,Crossroads Fine Woodworking,1121 N Baldwin Ave,Marion,IN,46952,(765) 618-3042,40.57182530,-85.67656530,0,America/Indiana/Indianapolis,,
244336,Von Tobel,321 US-20,Michigan City,IN,46360,(219) 879-8484,41.67927683,-86.88871424,0,America/Indiana/Knox,,
371477,"Hahn Systems, LLC",7147 Ricker Road,New Haven,IN,46774,(260) 489-0746,41.14983285,-84.98514630,0,America/Indiana/Indianapolis,,
293467,New Palestine Hardware,4083 Arbor Ln,New Palestine,IN,46163,(317) 861-4597,39.72400525,-85.90400897,0,America/Indiana/Indianapolis,,
390600,Sherwin-Williams Paint Store,14795 Sunny Dell Ln,Noblesville,IN,46062,(317) 815-9054,40.00292950,-86.06989375,0,America/Indiana/Indianapolis,,
334244,"Stoll Bros. Lumber, Inc. - ODON",509 S East St,Odon,IN,47562,(812) 636-4053,38.83659480,-86.98699355,0,America/Indiana/Vincennes,,
371453,"Flagg, A Wilsonart Company",2111 Future Dr,Sellersburg,IN,47172,(844) 287-3883,38.37097845,-85.76470715,0,America/New_York,,
273915,"Shelbyville Paint, Flooring \u0026 More",235 E Broadway St,Shelbyville,IN,46176,(317) 392-4176,39.52206889,-85.77330815,0,America/Indiana/Indianapolis,,
330222,Alpha Building Center,0855 N ST RD 5,Shipshewana,IN,46565,(260) 768-4410,41.66023585,-85.57962030,0,America/Indiana/Indianapolis,,
371545,Johnson's Workbench,51315 State Hwy 933,South Bend,IN,46637,(574) 277-8350,41.74781430,-86.25149600,0,America/Indiana/Indianapolis,,
371542,JC Licht Benjamin Moore Paint \u0026 Decor Store St. John,10033 Wicker Ave,St John,IN,46373,(219) 365-2211,41.43668775,-87.46914960,0,America/Chicago,,
244330,Von Tobel,256 Washington St,Valparaiso,IN,46383,(219) 462-6184,41.46518325,-87.06103398,0,America/Indiana/Knox,,
413221,McHolland Services LLC,2481 IN-32,Winchester,IN,47394,(765) 595-8180,40.17134545,-84.92932845,0,America/Indiana/Indianapolis,,
385795,Sherwin-Williams Paint Store,3839 N Woodlawn Blvd,Bel Aire,KS,67220,(316) 684-4500,37.75379065,-97.26304140,0,America/Chicago,,
81029,Big Tool Store,4640 East 63rd Street South,Derby,KS,67037,(316) 788-6500,37.57747616,-97.28211594,0,America/Chicago,,
371811,Woodcraft of Kansas City,8645 Bluejacket,Lenexa,KS,66214,(913) 599-2800,38.97278420,-94.71053690,0,America/Chicago,,
371673,Rockler Woodworking and Hardware,15340 West 119th Street,Olathe,KS,66062,(913) 815-2002,38.91466690,-94.76360795,1,America/Chicago,,
390668,Sherwin-Williams Paint Store,1705 N Wabash Ave,Wichita,KS,67214,(316) 265-6291,37.71430385,-97.32568355,0,America/Chicago,,
390669,Sherwin-Williams Paint Store,832 N Webb Rd Ste 100,Wichita,KS,67206,(316) 687-2412,37.69840190,-97.22568445,0,America/Chicago,,
385813,Sherwin-Williams Paint Store,827 U.S. 31 W Bypass,Bowling Green,KY,42101,(270) 842-9414,36.98573015,-86.43239835,0,America/Chicago,,
385970,Sherwin-Williams Paint Store,2551 Regency Rd Ste 107,Lexington,KY,40503,(859) 277-2570,38.00167105,-84.52520750,0,America/New_York,,
371812,Woodcraft of Lexington,3028 Blake James Dr,Lexington,KY,40509,(859) 231-9663,38.00779870,-84.43415840,0,America/New_York,,
371335,Bargain Supply Company,844 E Jefferson St,Louisville,KY,40206,(502) 562-5000,38.25142600,-85.73717620,0,America/New_York,,
371556,Lanham Hardwood Flooring Co.,4121 Bishop Ln,Louisville,KY,40218,(502) 969-1345,38.19056475,-85.69082065,0,America/New_York,,
371647,Richelieu LOUISVILLE,2510 Stanley Gault Pkwy,Louisville,KY,40223,(502) 253-0050,38.27478590,-85.51729690,0,America/New_York,,
385974,Sherwin-Williams Paint Store,4107 Browns Ln,Louisville,KY,40220,(502) 451-1574,38.22073000,-85.62512515,0,America/New_York,,
371814,Woodcraft of Louisville,1850 S Hurstbourne Pkwy #148,Louisville,KY,40220,(502) 671-0900,38.22053530,-85.58462930,0,America/New_York,,
371452,"Flagg, A Wilsonart Company",128 Commerce Dr,Nicholasville,KY,40356,(800) 844-2768,37.93760165,-84.54514300,0,America/New_York,,
386056,Sherwin-Williams Paint Store,4223 N Mayo Trail,Pikeville,KY,41501,(606) 437-4355,37.52358635,-82.57354390,0,America/New_York,,
386120,Sherwin-Williams Paint Store,370 S Hwy 27 #11,Somerset,KY,42501,(606) 678-8373,37.08867710,-84.61500870,0,America/New_York,,
371727,Service Lumber \u0026 Supply,1902 Oak Villa Blvd,Baton Rouge,LA,70815,(225) 926-4921,30.46731030,-91.08818750,0,America/Chicago,,
175291,Sherwin-Williams Paint Store,5807 Siegen Ln,Baton Rouge,LA,70809,(225) 293-0203,30.39616910,-91.05678400,0,America/Chicago,,
371355,Brazos Forest Products,6865 Magnolia Beach Rd Suite F,Denham Springs,LA,70706,(225) 271-3560,30.53765295,-90.97341785,0,America/Chicago,,
371633,PMC Machinery,11420 U.S. Hwy 190,Hammond,LA,70401,(225) 567-2000,30.50355125,-90.53657685,0,America/Chicago,,
385908,Sherwin-Williams Paint Store,2434 W Thomas St,Hammond,LA,70401,(985) 345-7001,30.50118815,-90.48843510,0,America/Chicago,,
371409,C \u0026 S Building Supply Inc,1513 N Bertrand Dr,Lafayette,LA,70506,(337) 237-4584,30.22681610,-92.05279145,0,America/Chicago,,
274082,Helm Paint \u0026 Decorating,2077 N Causeway Blvd,Mandeville,LA,70471,(985) 626-0166,30.39733790,-90.08665925,0,America/Chicago,,
274089,Helm Paint \u0026 Decorating,8180 Earhart Blvd,New Orleans,LA,70118,(504) 861-8179,29.96162280,-90.11646965,0,America/Chicago,,
386015,Sherwin-Williams Paint Store,8135 Earhart Blvd,New Orleans,LA,70118,(504) 482-7375,29.96199515,-90.11551555,0,America/Chicago,,
371381,Cape Cod Lumber Co.,225 Groveland St,Abington,MA,02351,(781) 878-0715,42.10342320,-70.96256585,0,America/New_York,,
273740,Drive-In Paint Mart,1238 Bedford St,Abington,MA,02351,(339) 788-9751,42.13797885,-70.95105330,0,America/New_York,,
273709,ColorWorks Paint \u0026 Decorating Center,147 Powder Mill Rd,Acton,MA,01720,(978) 897-3020,42.45529002,-71.43090923,0,America/New_York,,
273715,ColorWorks Paint \u0026 Decorating Center,425 Great Rd #4188,Acton,MA,01720,(978) 263-3374,42.51139930,-71.42155270,0,America/New_York,,
390467,Sherwin-Williams Paint Store,416 Cambridge St,Allston,MA,02134,(617) 782-1504,42.35454550,-71.13402555,0,America/New_York,,
377745,Arlington Coal \u0026 Lumber Co,41 Park Ave,Arlington,MA,02476,(781) 643-8100,42.42505770,-71.18302980,0,America/New_York,,
273697,City Paint Signature Store,1472 Massachusetts Ave,Arlington,MA,02476,(781) 643-0200,42.42520135,-71.18926545,0,America/New_York,,
251385,Aubuchon Hardware,50 Enon St,Beverly,MA,01915,(978) 927-1320,42.58772390,-70.88659470,1,America/New_York,,
275094,Home Decor Group,13 Elliott St,Beverly,MA,01915,(978) 922-1007,42.55547333,-70.87957049,0,America/New_York,,
273738,Drive In Paint Mart,371 Dorchester Ave # 100,Boston,MA,02127,(617) 464-1263,42.33555445,-71.05746950,0,America/New_York,,
274108,Johnson Paint,355 Newbury St,Boston,MA,02115,(617) 536-4244,42.34846340,-71.08759205,0,America/New_York,,
379018,New England Building Supply,174 Hampden St,Boston,MA,02119,(617) 445-5900,42.32724875,-71.07494410,0,America/New_York,,
385811,Sherwin-Williams Paint Store,435 W Broadway,Boston,MA,02127,(617) 268-1802,42.33623130,-71.04732315,0,America/New_York,,
169810,RICHMOND TRUE VALUE HARDWARE,899 Washington St,Braintree,MA,02184,(781) 843-0066,42.20296915,-71.00551163,0,America/New_York,,
390483,Sherwin-Williams Paint Store,244 Grove St,Braintree,MA,02184,(781) 849-0277,42.19141005,-70.98861045,0,America/New_York,,
275253,Benjamin Moore,420 Western Ave,Brighton,MA,02135,(617) 782-8040,42.36234850,-71.14037455,0,America/New_York,,
385822,Sherwin-Williams Paint Store,650 Oak St,Brockton,MA,02301,(508) 559-2020,42.10119885,-71.05376755,0,America/New_York,,
406009,Burlington Lumber Company,4 Adams St,Burlington,MA,01803,(781) 273-1335,42.47143595,-71.21194995,0,America/New_York,,
273717,ColorWorks Paint \u0026 Decorating Store,270 CAMBRIDGE STREET,Burlington,MA,01803,(781) 272-1180,42.51453025,-71.20374585,0,America/New_York,,
273698,City Paint \u0026 Supply Co. Inc,2564 Massachusetts Ave,Cambridge,MA,02140,(617) 547-7290,42.39900401,-71.13363880,0,America/New_York,,
273699,"City Paint \u0026 Supply Co., Inc.",1149 Cambridge St,Cambridge,MA,02139,(617) 547-0050,42.37327375,-71.09629125,0,America/New_York,,
385826,Sherwin-Williams Paint Store,355 Fresh Pond Pkwy,Cambridge,MA,02138,(617) 864-1248,42.38609715,-71.14082860,0,America/New_York,,
371416,Benjamin Moore Drive In Paint Mart Canton,102 Washington St,Canton,MA,02021,(781) 298-7747,42.14025130,-71.14921440,0,America/New_York,,
273716,Colorworks Paint \u0026 Decorating Center,7 Summer St,Chelmsford,MA,01824,(978) 250-9908,42.59381973,-71.34828333,0,America/New_York,,
390495,Sherwin-Williams Paint Store,103 Drum Hill Rd,Chelmsford,MA,01824,(978) 454-5804,42.62377390,-71.36453105,0,America/New_York,,
275096,Home Decor Group,124 Pearl St,Chelsea,MA,02150,(617) 884-4741,42.39052475,-71.03592740,0,America/New_York,,
121693,Hingham Lumber Company,165 Chief Justice Cushing Hwy,Cohasset,MA,02025,(781) 749-4200,42.24114940,-70.83229770,1,America/New_York,,
385856,Sherwin-Williams Paint Store,151 Endicott St Ste 7,Danvers,MA,01923,(978) 777-2057,42.54948905,-70.93978185,0,America/New_York,,
390591,Sherwin-Williams Paint Store,643 State Rd N,Dartmouth,MA,02747,(508) 993-2698,41.63946450,-71.01970860,0,America/New_York,,
275227,Benjamin Moore Drive In Paint Mart,520 Providence Hwy,Dedham,MA,02026,(781) 708-9426,42.24689168,-71.17337266,0,America/New_York,,
385861,Sherwin-Williams Paint Store,888 Providence Hwy,Dedham,MA,02026,(781) 329-0270,42.23442775,-71.17892460,0,America/New_York,,
371417,Drive In Paint Mart,705 Gallivan Blvd,Dorchester,MA,02124,(617) 436-3100,42.28319560,-71.04731860,0,America/New_York,,
390519,Sherwin-Williams Paint Store,10 Village Common Dr,East Falmouth,MA,02536,(508) 548-1770,41.57438320,-70.58340760,0,America/New_York,,
390520,Sherwin-Williams Paint Store,3065 Cranberry Hwy Ste 2,East Wareham,MA,02538,(508) 291-6173,41.75614785,-70.65224615,0,America/New_York,,
275233,Edgartown Hardware Inc,61 Edgartown Rd,Edgartown,MA,02539,(508) 627-4338,41.39026782,-70.53001114,0,America/New_York,,
390530,Sherwin-Williams Paint Store,555 Pleasant St,Fall River,MA,02721,(508) 674-3523,41.69823540,-71.14603230,0,America/New_York,,
274096,Hubbards Paint \u0026 Wallpaper,631 Main St,Falmouth,MA,02540,(508) 548-6233,41.55231475,-70.60553985,0,America/New_York,,
385877,Sherwin-Williams Paint Store,200 Whalon St,Fitchburg,MA,01420,(978) 343-7077,42.55506905,-71.78010160,0,America/New_York,,
371388,Chace Building Supply,129 Washington St,Foxborough,MA,02035,(508) 543-7316,42.07693500,-71.28608505,0,America/New_York,,
400716,Triboro Paint Center Foxboro,10 Foxborough Blvd,Foxborough,MA,02035,(508) 718-2233,42.03754500,-71.23336705,0,America/New_York,,
275098,Home Decor Group,149 Cochituate Rd,Framingham,MA,01701,(508) 309-6995,42.30033055,-71.40788080,0,America/New_York,,
315119,Monnick Supply Company Inc.,759 Waverly Street,Framingham,MA,01702,(508) 875-1810,42.27247555,-71.42928850,0,America/New_York,,
385882,Sherwin-Williams Paint Store,694 Cochituate Rd,Framingham,MA,01701,(508) 872-4244,42.30867790,-71.38491350,0,America/New_York,,
428331,Marathon Tool,1376 W Central St Unit 30,Franklin,MA,02038,(800) 821-4927,42.08178285,-71.45118475,0,America/New_York,,
371475,Grand Banks Building Products,7 Crafts Rd,Gloucester,MA,01930,(978) 281-2421,42.62477310,-70.69611940,0,America/New_York,,
275100,Home Decor Group,6 Railroad Ave,Gloucester,MA,01930,(978) 283-6541,42.61561997,-70.66384567,0,America/New_York,,
385898,Sherwin-Williams Paint Store,6 Arch St,Greenfield,MA,01301,(413) 774-4632,42.59192995,-72.60414050,0,America/New_York,,
385905,Sherwin-Williams Paint Store,458 Russell St Suite 6,Hadley,MA,01035,(413) 253-0274,42.36585810,-72.53670125,0,America/New_York,,
89525,Harwich Paint \u0026 Decorating,181 MA-137,Harwich,MA,02645,(508) 432-3669,41.71073400,-70.02421800,0,America/New_York,,
371495,Hinckley Home Center,138 MA-137,Harwich,MA,02645,(508) 432-8014,41.70758795,-70.02377295,0,America/New_York,,
390548,Sherwin-Williams Paint Store,1421 Orleans-Harwich Rd,Harwich,MA,02645,(774) 209-7003,41.70675385,-70.02255970,0,America/New_York,,
371670,rk MILES,US-5 West,Hatfield,MA,01088,(413) 247-8300,42.37000440,-72.63726195,0,America/New_York,,
260155,Aubuchon Hardware,233 Lincoln Ave,Haverhill,MA,01830,(978) 373-0068,42.76318365,-71.03873649,1,America/New_York,,
385911,Sherwin-Williams Paint Store,400 Lowell Ave Ste 12,Haverhill,MA,01832,(978) 373-1579,42.77435385,-71.11419134,0,America/New_York,,
385917,Sherwin-Williams Paint Store,85 South St,Hingham,MA,02043,(781) 749-6908,42.24182000,-70.89085365,0,America/New_York,,
385923,Sherwin-Williams Paint Store,2221 Northampton St,Holyoke,MA,01040,(413) 533-6673,42.18542505,-72.63272705,0,America/New_York,,
371496,Home Decor Group,221 Washington St,Hudson,MA,01749,(978) 763-6070,42.38003005,-71.56762600,0,America/New_York,,
272486,Hubbard Paint \u0026 Wallpaper,50 Falmouth Rd,Hyannis,MA,02601,(508) 775-1568,41.66511175,-70.28989215,0,America/New_York,,
371596,Northeast Tool Supply,157 Thornton Dr #1,Hyannis,MA,02601,(508) 778-4552,41.68380850,-70.29797310,0,America/New_York,,
371635,Premium Plywood + Specialties,700 Bearses Way,Hyannis,MA,02601,(508) 771-7590,41.66822705,-70.30330380,0,America/New_York,,
169779,Sherwin-Williams Paint Store,276 Falmouth Rd a,Hyannis,MA,02601,(508) 775-2929,41.66406826,-70.29801152,0,America/New_York,,
371553,Koopman Lumber \u0026 Hardware Indian Orchard,476 Oak St,Indian Orchard,MA,01151,(413) 543-4100,42.14689320,-72.49585270,0,America/New_York,,
340375,Tedford's Building Materials And Hardware,10 Brown Square,Ipswich,MA,01938,(978) 356-4387,42.68011950,-70.84153285,0,America/New_York,,
371474,GOODRICH,40 Independence Rd,Kingston,MA,02364,(781) 422-0131,42.01521452,-70.73730311,0,America/New_York,,
371310,Adams Tool \u0026 Nail,765 N Main St,Leominster,MA,01453,(978) 537-1582,42.55665445,-71.77028220,0,America/New_York,,
273712,Colorworks Paint \u0026 Decorating Center,166 Bedford St,Lexington,MA,02420,(781) 862-0045,42.45836885,-71.23771145,0,America/New_York,,
385969,Sherwin-Williams Paint Store,10 Camellia Pl,Lexington,MA,02420,(781) 862-0519,42.45375245,-71.23119135,0,America/New_York,,
275219,Concord Lumber \u0026 Building Center,55 White St,Littleton,MA,01460,(978) 486-9877,42.54743155,-71.47763645,0,America/New_York,,
273713,ColorWorks Paint \u0026 Decorating Center,314 Market St,Lowell,MA,01852,(978) 452-8871,42.64495630,-71.31425135,0,America/New_York,,
275102,Home Decor Group Lynn,45 Boston St,Lynn,MA,01904,(781) 593-7771,42.47631537,-70.95682875,0,America/New_York,,
273942,Town Line Wallpaper \u0026 Paint Inc,483 Broadway,Malden,MA,02148,(781) 324-9255,42.43774535,-71.03418645,0,America/New_York,,
371465,Gilbert \u0026 Cole Building Products,42 Bessom St,Marblehead,MA,01945,(781) 631-0222,42.50106795,-70.86115300,0,America/New_York,,
315120,Monnick Supply Company Inc.,135 Maple Street,Marlboro,MA,01752,(508) 624-7070,42.34285045,-71.54312470,0,America/New_York,,
371497,Home Decor Group,576 Boston Post Rd E,Marlborough,MA,01752,(508) 481-2546,42.34880085,-71.50742805,0,America/New_York,,
385985,Sherwin-Williams Paint Store,222 E Main St Ste 6 # F-G,Marlborough,MA,01752,(508) 357-6379,42.35255480,-71.53605160,0,America/New_York,,
292097,Botello Lumber,26 Bowdoin Rd,Mashpee,MA,02649,(508) 477-3132,41.63154305,-70.46086900,0,America/New_York,,
385987,Sherwin-Williams Paint Store,413 Nathan Ellis Hwy,Mashpee,MA,02649,(774) 327-6102,41.61636365,-70.51801235,0,America/New_York,,
378117,Mahoney's Building Supply,1 Industrial Dr,Mattapoisett,MA,02739,(508) 758-6921,41.67701270,-70.81532075,0,America/New_York,,
371498,Home Decor Group - Medford,440 Salem St,Medford,MA,02155,(781) 596-0345,42.42310680,-71.09160445,0,America/New_York,,
385993,Sherwin-Williams Paint Store,59 Hicks Ave,Medford,MA,02155,(781) 396-5544,42.40223395,-71.10180025,0,America/New_York,,
390582,Sherwin-Williams Paint Store,630 Fellsway,Medford,MA,02155,(781) 396-1171,42.40695720,-71.08373620,0,America/New_York,,
273714,Colorworks Paint \u0026 Decorating Center,397 Main St,Melrose,MA,02176,(781) 662-4701,42.45407267,-71.06563106,0,America/New_York,,
272733,Wilmot's Decorating Center,149 Everett St,Middleborough,MA,02346,(508) 947-3370,41.90554665,-70.92059495,0,America/New_York,,
163194,Marine Home Center,134 Orange St,Nantucket,MA,02554,(508) 228-0900,41.27476762,-70.09211148,0,America/New_York,,
275104,Home Decor Group,198 W Central St,Natick,MA,01760,(774) 231-1090,42.28201305,-71.38395410,0,America/New_York,,
371499,Home Decor Group,1424 Highland Ave,Needham,MA,02492,(339) 298-3193,42.28192715,-71.23579170,0,America/New_York,,
272730,Wilmot's Decorating Centers - New Bedford,1193 Ashley Blvd,New Bedford,MA,02745,(508) 985-0042,41.69281350,-70.93537500,0,America/New_York,,
273866,Port Paint N' Paper,201 Merrimac St,Newburyport,MA,01950,(978) 462-7252,42.81473711,-70.87920673,0,America/New_York,,
371543,"Johnson Paint, a Ring's End brand",50 Needham St,Newton Highlands,MA,02461,(617) 546-5004,42.31549965,-71.20996535,0,America/New_York,,
275287,White Street Paint \u0026 Wallpaper,1013 Osgood St,North Andover,MA,01845,(978) 688-4442,42.71429515,-71.11630870,0,America/New_York,,
386020,Sherwin-Williams Paint Store,652 E Washington St Unit 7,North Attleborough,MA,02760,(508) 695-4287,41.97181400,-71.34680910,0,America/New_York,,
275310,Triboro Paint Center Inc.,11 Robert F Toner Blvd,North Attleborough,MA,02763,(508) 699-8037,41.96967111,-71.30087566,0,America/New_York,,
454716,Dartmouth Building Supply,958 Reed Road,North Dartmouth,MA,02747,(800) 335-8388,41.65996000,-71.03784300,0,America/New_York,,
292109,Moynihan Lumber,164 Chestnut St,North Reading,MA,01864,(781) 944-8500,42.56947650,-71.09375120,0,America/New_York,,
173517,Reading Lumber,110 Main St,North Reading,MA,01864,(978) 664-5757,42.57716976,-71.11161165,0,America/New_York,,
238136,Richelieu,51 Concord St,North Reading,MA,01864,(978) 664-0982,42.56139170,-71.12266330,0,America/New_York,,
386025,Sherwin-Williams Paint Store,312 King St,Northampton,MA,01060,(413) 584-8789,42.33403945,-72.63613280,0,America/New_York,,
123966,Hamshaw Lumber Co,68 New Athol Road,Orange,MA,01364,(978) 544-8211,42.58446977,-72.27291184,0,America/New_York,,
371597,Northeast Tool Supply,19 Lots Hollow Rd,Orleans,MA,02653,(508) 240-0764,41.77784395,-69.99872205,0,America/New_York,,
386038,Sherwin-Williams Paint Store,136 MA-6A Unit A7-A8,Orleans,MA,02653,(508) 240-0537,41.78627255,-69.99488205,0,America/New_York,,
275106,Home Decor Group,515 Lowell St,Peabody,MA,01960,(978) 535-5100,42.54492030,-70.97960675,0,America/New_York,,
386049,Sherwin-Williams Paint Store,254 Church St #7,Pembroke,MA,02359,(781) 829-4425,42.10790470,-70.76159170,0,America/New_York,,
386058,Sherwin-Williams Paint Store,929 Dalton Ave,Pittsfield,MA,01201,(413) 443-6042,42.46912900,-73.20085260,0,America/New_York,,
400713,"Johnson Paint, A Ring's End Brand",58 Shops at 5 Way,Plymouth,MA,02360,(508) 209-5533,41.88046370,-70.64547300,0,America/New_York,,
386062,Sherwin-Williams Paint Store,84 Long Pond Rd,Plymouth,MA,02360,(508) 746-0890,41.92850310,-70.65648090,0,America/New_York,,
88977,Curry Ace Paint \u0026 Hardware,370 Copeland St,Quincy,MA,02169,(617) 472-8250,42.24507692,-71.03097116,1,America/Chicago,,
169782,Sherwin-Williams Paint Store,100 Mayor Thomas J McGrath Hwy,Quincy,MA,02169,(617) 847-8925,42.25246923,-70.99721116,0,America/New_York,,
386074,Sherwin-Williams Paint Store,325 New State Hwy Ste 9,Raynham,MA,02767,(508) 821-4010,41.90537885,-71.05277840,0,America/New_York,,
390630,Sherwin-Williams Paint Store,349 Main St,Reading,MA,01867,(781) 942-0518,42.51848745,-71.10266430,0,America/New_York,,
275261,Home Decor Group,281 Derby St,Salem,MA,01970,(978) 744-1007,42.52000660,-70.89263618,0,America/New_York,,
386094,Sherwin-Williams Paint Store,7 Traders Way,Salem,MA,01970,(978) 741-0173,42.50318000,-70.92286855,0,America/New_York,,
173527,Anchor Ace Hardware,267 Cotuit Rd,Sandwich,MA,02563,(508) 477-2502,41.70192670,-70.48489040,1,America/New_York,,
386102,Sherwin-Williams Paint Store,900 Broadway Unit E,Saugus,MA,01906,(781) 233-0670,42.46932495,-71.02454940,0,America/New_York,,
386109,Sherwin-Williams Paint Store,1275 Fall River Ave,Seekonk,MA,02771,(508) 336-7885,41.79000310,-71.32207455,0,America/New_York,,
122197,Herrington's,21 Berkshire School Rd,Sheffield,MA,01257,(413) 229-8777,42.10655900,-73.35702000,0,America/New_York,,
386114,Sherwin-Williams Paint Store,163 Boston Turnpike,Shrewsbury,MA,01545,(508) 831-1374,42.27518890,-71.74730140,0,America/New_York,,
273928,Supreme Paint \u0026 Wallpaper,729 Broadway,Somerville,MA,02144,(617) 625-3325,42.40040880,-71.11317685,0,America/New_York,,
274097,Hubbard Paint \u0026 Wallpaper,109 Theophilus F Smith Rd,South Dennis,MA,02660,(508) 398-3600,41.69203090,-70.14258195,0,America/New_York,,
88373,Anchor Ace Hardware,1305 MA-28,South Yarmouth,MA,02664,(508) 398-3691,41.66676600,-70.18815400,1,America/New_York,,
386130,Sherwin-Williams Paint Store,670 Boston Rd,Springfield,MA,01119,(413) 783-6182,42.13607085,-72.52261505,0,America/New_York,,
390657,Sherwin-Williams Paint Store,57 Main St,Sturbridge,MA,01566,(508) 347-3662,42.08716305,-72.06253445,0,America/New_York,,
386138,Sherwin-Williams Paint Store,10 Galaxy Pass Ste C,Sutton,MA,01590,(774) 708-7002,42.16180805,-71.73594010,0,America/New_York,,
275263,Home Decor Group,450 Paradise Rd,Swampscott,MA,01907,(781) 596-0345,42.48222000,-70.90312325,0,America/New_York,,
275290,Island Color Center Inc,20 Lagoon Pond Rd,Vineyard Haven,MA,02568,(508) 693-0374,41.45355251,-70.60189659,0,America/New_York,,
371773,Vineyard Home Center,454 State Rd,Vineyard Haven,MA,02568,(508) 693-3227,41.44509065,-70.61728520,0,America/New_York,,
386159,Sherwin-Williams Paint Store,403 High Plain St,Walpole,MA,02081,(508) 668-3054,42.14060690,-71.22087420,0,America/New_York,,
371851,Woodcraft of Boston / Walpole,3 Walpole Park S,Walpole,MA,02081,(508) 668-2413,42.11382995,-71.24199730,0,America/New_York,,
274106,Johnson Paint,14 Warren St,Waltham,MA,02453,(781) 891-7199,42.37515625,-71.21030440,0,America/New_York,,
371577,"McEllin Co., Inc.",17 Water St,Waltham,MA,02453,(781) 647-9322,42.37438875,-71.23982460,0,America/New_York,,
390664,Sherwin-Williams Paint Store,933 Main St,Waltham,MA,02451,(781) 899-0105,42.37657695,-71.24864925,0,America/New_York,,
274716,Coolidge Hardware Inc,622 Mt Auburn St,Watertown,MA,02472,(617) 924-6122,42.37135040,-71.15821165,0,America/New_York,,
275265,Home Decor Group Wellesley,266 Washington St,Wellesley,MA,02481,(781) 694-8360,42.31291420,-71.27362305,0,America/New_York,,
386177,Sherwin-Williams Paint Store,835 Memorial Ave,West Springfield,MA,01089,(413) 731-0195,42.09503755,-72.61103585,0,America/New_York,,
371852,Woodcraft of West Springfield,373 Memorial Ave,West Springfield,MA,01089,(413) 827-0244,42.09556625,-72.60228799,0,America/New_York,,
386178,Sherwin-Williams Paint Store,50 E Main St #4,Westborough,MA,01581,(508) 366-1372,42.27341010,-71.61177015,0,America/New_York,,
371671,rk MILES,385 Cole Ave,Williamstown,MA,01267,(413) 458-8121,42.72042265,-73.18951205,0,America/New_York,,
386188,Sherwin-Williams Paint Store,188 Main St,Wilmington,MA,01887,(978) 658-3411,42.55872180,-71.18168780,0,America/New_York,,
274102,Johnson Paint,116 Cummings Park Dr,Woburn,MA,01801,(781) 376-9191,42.49972960,-71.12180535,0,America/New_York,,
390675,Sherwin-Williams Paint Store,313 Montvale Ave,Woburn,MA,01801,(781) 933-0562,42.47930320,-71.12008355,0,America/New_York,,
292113,Star Sales \u0026 Distributing Corporation,29 Commerce Way,Woburn,MA,01801,(781) 933-8830,42.50803315,-71.13042735,0,America/New_York,,
371853,Woodcraft of Boston / Woburn,185 New Boston St,Woburn,MA,01801,(781) 935-6414,42.51222120,-71.14291250,0,America/New_York,,
371501,Home Decor Group,240 Shrewsbury St,Worcester,MA,01604,(508) 365-2973,42.26739620,-71.78336500,0,America/New_York,,
273816,NAL' S Paint Center,315 Brooks St,Worcester,MA,01606,(508) 852-2133,42.32457630,-71.79895125,0,America/New_York,,
386192,Sherwin-Williams Paint Store,47 Milton St,Worcester,MA,01606,(508) 755-8633,42.28694700,-71.80419285,0,America/New_York,,
386193,Sherwin-Williams Paint Store,60 S Ludlow St Ste 3,Worcester,MA,01603,(508) 797-5705,42.23052865,-71.84965510,0,America/New_York,,
371769,US Tool \u0026 Fastener,120 Goddard Memorial Dr,Worcester,MA,01603,(877) 777-4717,42.25140690,-71.86350985,0,America/New_York,,
274147,Maryland Paint \u0026 Decorating,209 Chinquapin Round Rd #100,Annapolis,MD,21401,(410) 280-2225,38.97646495,-76.52423220,0,America/New_York,,
385789,Sherwin-Williams Commercial Paint Store,4625 Falls Rd,Baltimore,MD,21209,(410) 243-7700,39.34517850,-76.64024220,0,America/New_York,,
388871,Sherwin-Williams Paint Store,305 Baltimore Pike,Bel Air,MD,21014,(410) 879-1958,39.53090900,-76.34949000,0,America/New_York,,
244256,Christophers Glen Echo Hardware,7301 Macarthur Blvd,Bethesda,MD,20816,(301) 229-3700,38.96966600,-77.13843800,0,America/New_York,,
390480,Sherwin-Williams Paint Store,4809 Auburn Ave,Bethesda,MD,20814,(301) 654-7955,38.99070875,-77.09946255,0,America/New_York,,
173665,Costello's Ace Hardware of Cockeysville,10912 York Rd Ste 100,Cockeysville,MD,21030,(410) 785-1300,39.48371515,-76.64585220,1,America/New_York,,
390516,Sherwin-Williams Paint Store,1179 Merritt Blvd,Dundalk,MD,21222,(410) 282-4690,39.28119545,-76.50408445,0,America/New_York,,
428336,Sherwin-Williams Paint Store,10740 Town Center Blvd,Dunkirk,MD,20754,(410) 286-9316,38.72319615,-76.65729995,0,America/New_York,,
385866,Sherwin-Williams Paint Store,210 Marlboro Ave Ste 33,Easton,MD,21601,(410) 822-3285,38.77962220,-76.08130585,0,America/New_York,,
385889,Sherwin-Williams Paint Store,260 N Frederick Ave,Gaithersburg,MD,20877,(301) 670-9772,39.14394275,-77.20416845,0,America/New_York,,
277995,Jason Brown Wood Floors,10515 Harford Rd,Glen Arm,MD,21057,(410) 668-9131,39.41897000,-76.50603000,1,America/New_York,,
386021,Sherwin-Williams Paint Store,504 NE Plaza,North East,MD,21901,(410) 287-8803,39.61134540,-75.94841060,0,America/New_York,,
371525,Pro Wood Finishes,14622 Southlawn Ln,Rockville,MD,20850,(301) 424-3033,39.09528875,-77.14119235,0,America/New_York,,
375548,Woodcraft Rockville 101,11910 Parklawn Drive,Rockville,MD,20176,(301) 984-9033,39.05146100,-77.10711550,0,America/New_York,,
273667,Budeke's Paints,9484 Deereco Rd,Timonium,MD,21093,(410) 560-1230,39.45131285,-76.63812070,0,America/New_York,,
385976,Sherwin-Williams Paint Store,2139 Greenspring Dr,Timonium,MD,21093,(410) 252-6440,39.44121640,-76.63148290,0,America/New_York,,
375550,Woodcraft of Baltimore / Timonium,15 W Aylesbury Rd #700,Timonium,MD,21093,(443) 275-1924,39.43479555,-76.62699705,0,America/New_York,,
123957,Hammond Lumber Company,282 Poland Rd,Auburn,ME,04210,(207) 784-4009,44.07672214,-70.24511509,0,America/New_York,,
123954,Hammond Lumber Company,1087 Hammond St,Bangor,ME,04401,(207) 945-9416,44.78857390,-68.81606170,0,America/New_York,,
385790,Sherwin-Williams Paint Store,625 Broadway Ste 3,Bangor,ME,04401,(207) 942-8119,44.82402375,-68.77647745,0,America/New_York,,
307181,Hammond Lumber Company,30 Belmont Ave,Belfast,ME,04915,(207) 338-4080,44.42426062,-69.01716843,0,America/New_York,,
385796,Sherwin-Williams Paint Store,15A Starrett Dr,Belfast,ME,04915,(207) 338-1572,44.42257735,-69.01983690,0,America/New_York,,
89484,Hammond Lumber Company,2 Hammond Drive,Belgrade,ME,04917,(207) 495-3303,44.44617282,-69.83391144,0,America/Chicago,,
385802,Sherwin-Williams Paint Store,420 Alfred Rd Ste 149,Biddeford,ME,04005,(207) 282-9511,43.48266480,-70.47949650,0,America/New_York,,
293458,Hammond Lumber Company,112 Main St,Blue Hill,ME,04614,(207) 374-2814,44.41475680,-68.58629566,0,America/New_York,,
371479,Hancock Lumber,116 Portland Rd,Bridgton,ME,04009,(207) 647-8333,44.04550251,-70.69957471,0,America/New_York,,
371480,Hancock Lumber,158 Church Rd,Brunswick,ME,04011,(207) 725-5540,43.90362710,-69.99744970,0,America/New_York,,
385823,Sherwin-Williams Paint Store,179 Pleasant St,Brunswick,ME,04011,(207) 729-0141,43.91173865,-69.99090085,0,America/New_York,,
293456,Hammond Lumber Company,50 Union St,Camden,ME,04843,(207) 236-3371,44.20559926,-69.06731899,0,America/New_York,,
371478,Hammond Lumber Company,511 Main St,Damariscotta,ME,04543,(207) 386-6199,44.03838930,-69.51055855,0,America/New_York,,
385854,Sherwin-Williams Paint Store,505 Main St,Damariscotta,ME,04543,(207) 563-2630,44.03727265,-69.51083760,0,America/New_York,,
307183,Hammond Lumber Company,261 State St,Ellsworth,ME,04605,(207) 667-7134,44.54839492,-68.42432345,0,America/New_York,,
385871,Sherwin-Williams Paint Store,43 Downeast Hwy,Ellsworth,ME,04605,(207) 667-2150,44.53014030,-68.40278860,0,America/New_York,,
371481,Hancock Lumber,95 York St,Kennebunk,ME,04043,(207) 985-6565,43.37352280,-70.55401100,0,America/New_York,,
390570,Sherwin-Williams Paint Store,1168 Lisbon St,Lewiston,ME,04240,(207) 784-2939,44.07849375,-70.18989550,0,America/New_York,,
371502,"Homeport Supply, LLC","597 Route 1, Suite 1",Newcastle,ME,04553,(207) 563-3770,44.02697815,-69.56372475,0,America/New_York,,
175654,Eldredge Lumber \u0026 Hardware,145 Presumpscot St,Portland,ME,04103,(207) 770-3004,43.68771577,-70.25911511,0,America/Chicago,,
123956,Hammond Lumber Company,300 Riverside St,Portland,ME,04103,(207) 771-8880,43.68671576,-70.32911523,0,America/New_York,,
274135,Maine Paint,1037 Forest Ave,Portland,ME,04103,(207) 797-4609,43.68182247,-70.28939195,0,America/New_York,,
386086,Sherwin-Williams Paint Store,96 Park St,Rockland,ME,04841,(207) 596-6224,44.10144940,-69.11503480,0,America/New_York,,
371482,Hancock Lumber,941 Portland Rd,Saco,ME,04072,(207) 571-7250,43.54709370,-70.41105365,0,America/New_York,,
274141,Maine Paint,35 Scamman St,Saco,ME,04072,(207) 284-7111,43.50106102,-70.44553590,0,America/New_York,,
292145,Eldredge Lumber,1787 Main St,Sanford,ME,04073,(207) 490-6304,43.40230250,-70.71345735,0,America/New_York,,
386103,Sherwin-Williams Paint Store,166 US-1,Scarborough,ME,04074,(207) 883-8380,43.59577150,-70.32510450,0,America/New_York,,
274137,Maine Paint,153 Ocean St,South Portland,ME,04106,(207) 767-3338,43.63708135,-70.25300760,0,America/New_York,,
371713,Rockler Woodworking and Hardware,"200 Gorham Road, Suite 1100A",South Portland,ME,04106,(207) 761-4402,43.63336201,-70.32511550,1,America/New_York,,
371724,Seacoast Floor Supply,5 Wallace Ave,South Portland,ME,04106,(207) 899-1794,43.61357675,-70.30417290,0,America/New_York,,
386122,Sherwin-Williams Paint Store,180 Waterman Dr,South Portland,ME,04106,(207) 799-8147,43.63703245,-70.25461850,0,America/New_York,,
386133,Sherwin-Williams Paint Store,544 Main St,Springvale,ME,04083,(207) 324-4767,43.46099765,-70.79315005,0,America/New_York,,
386144,Sherwin-Williams Paint Store,86 Topsham Fair Mall Rd,Topsham,ME,04086,(207) 721-0158,43.93595120,-69.98107180,0,America/New_York,,
386169,Sherwin-Williams Paint Store,343 Main St,Waterville,ME,04901,(207) 873-0552,44.56816270,-69.63712285,0,America/New_York,,
386172,Sherwin-Williams Paint Store,1521 Post Rd,Wells,ME,04090,(207) 646-6798,43.32121405,-70.58043800,0,America/New_York,,
220103,Bath Industrial Sales,56 New Meadows Rd,West Bath,ME,04530,(207) 443-9754,43.91267195,-69.86671145,0,America/Chicago,,
390667,Sherwin-Williams Paint Store,100 Larrabee Rd Ste 300,Westbrook,ME,04092,(207) 856-6766,43.67692400,-70.33513135,0,America/New_York,,
371483,Hancock Lumber,403 Roosevelt Trail,Windham,ME,04062,(207) 892-6711,43.80173435,-70.40334770,0,America/New_York,,
386189,Sherwin-Williams Paint Store,859 Roosevelt Trail,Windham,ME,04062,(207) 892-0100,43.84472070,-70.44619260,0,America/New_York,,
274139,Maine Paint,412 US-1,Yarmouth,ME,04096,(207) 846-1278,43.79732804,-70.18834178,0,America/New_York,,
41195,Eldredge Lbr \u0026 Hardware Inc,627 US-1,York,ME,03909,(207) 363-2004,43.15729100,-70.65378200,1,America/New_York,,
390677,Sherwin-Williams Paint Store,317 US-1 Ste A,York,ME,03909,(207) 351-1036,43.14584825,-70.67817210,0,America/New_York,,
88037,Ace Barnes Hardware Inc,2105 W Stadium Blvd,Ann Arbor,MI,48103,(734) 665-7555,42.27226926,-83.77737614,0,America/Chicago,,
272681,Anderson Paint Company,2386 W Stadium Blvd,Ann Arbor,MI,48103,(734) 995-4411,42.27790300,-83.77879350,0,America/Detroit,,
371449,"Colony Hardware - Ann Arbor, MI",3920 Varsity Dr,Ann Arbor,MI,48108,(734) 389-1000,42.23046530,-83.72665965,0,America/Detroit,,
385779,Sherwin-Williams Paint Store,3410 Washtenaw Ave,Ann Arbor,MI,48104,(734) 677-5564,42.25541655,-83.69167090,0,America/Detroit,,
390469,Sherwin-Williams Paint Store,5204 Jackson Rd Ste D,Ann Arbor,MI,48103,(734) 761-2488,42.28805190,-83.83187335,0,America/Detroit,,
385793,Sherwin-Williams Paint Store,357 W Dickman Rd,Battle Creek,MI,49037,(269) 962-6106,42.31851075,-85.19600975,0,America/Detroit,,
385803,Sherwin-Williams Paint Store,210 N Michigan Ave Ste 1,Big Rapids,MI,49307,(231) 796-8492,43.69965445,-85.48099180,0,America/Detroit,,
336564,Glenn Wing Power Tools,33656 Woodward Ave,Birmingham,MI,48009,(248) 644-0444,42.53640365,-83.20338905,0,America/Detroit,,
385805,Sherwin-Williams Paint Store,2362 Franklin Rd,Bloomfield Hills,MI,48302,(248) 858-7095,42.60448780,-83.28816430,0,America/Detroit,,
385818,Sherwin-Williams Paint Store,5757 Whitmore Lake Rd Ste 200,Brighton,MI,48116,(810) 229-1690,42.51953530,-83.75814655,0,America/Detroit,,
371637,Byron Center RepcoLite Paints,860 84th St SW Suite 2,Byron Center,MI,49315,(616) 729-1033,42.81161585,-85.68474495,1,America/Detroit,,
385825,Sherwin-Williams Paint Store,6030 Clyde Park Ave SW Ste E,Byron Center,MI,49315,(616) 551-2644,42.85479505,-85.68231315,0,America/Detroit,,
371791,Woodcraft of Canton,42102 Ford Rd,Canton,MI,48187,(734) 981-6808,42.32424355,-83.45724440,0,America/Detroit,,
371544,Johnson's Workbench,563 N Cochran Ave,Charlotte,MI,48813,(517) 543-1660,42.57100150,-84.83719630,0,America/Detroit,,
88790,Chelsea Lumber Company,1 Old Barn Cir,Chelsea,MI,48118,(734) 475-9126,42.30097693,-84.02625138,0,America/Chicago,,
274341,Benjamin Moore The Paint Centers,6425 Sashabaw Rd,Clarkston,MI,48346,(248) 922-7666,42.73216645,-83.38030715,0,America/Detroit,,
390531,Sherwin-Williams Paint Store,24040 Orchard Lake Rd,Farmington Hills,MI,48336,(248) 476-5448,42.46893665,-83.35641670,0,America/Detroit,,
275319,Benjamin Moore The Paint Centers - Fenton,17095 Silver Pkwy,Fenton,MI,48430,(810) 215-1083,42.79529475,-83.73716440,0,America/Detroit,,
335314,Benjamin Moore The Paint Centers - Flint,4205 Miller Rd #12,Flint,MI,48507,(810) 285-8587,42.98048451,-83.75904501,0,America/Detroit,,
385879,Sherwin-Williams Paint Store,4167 24th Ave,Fort Gratiot Twp,MI,48059,(810) 385-5011,43.03039505,-82.45710895,0,America/Detroit,,
340201,The TOOL Haus,645 N State St,Gladwin,MI,48624,(989) 426-4949,43.98611230,-84.48532555,0,America/Detroit,,
274338,Benjamin Moore The Paint Centers,3075 E Hill Rd,Grand Blanc,MI,48439,(810) 771-4399,42.94478225,-83.64956190,0,America/Detroit,,
332480,D Baker \u0026 Son Lumber,720 Pennoyer Ave,Grand Haven,MI,49417,(616) 842-4740,43.05857890,-86.22341650,0,America/Detroit,,
220176,Colony Hardware Corporation,640 44th St SW #4,Grand Rapids,MI,49548,(616) 241-3448,42.88307026,-85.67921404,0,America/Chicago,,
330297,Modern Hardware Inc,1500 Kalamazoo Ave SE,Grand Rapids,MI,49507,(616) 241-2655,42.93596775,-85.63977345,0,America/Detroit,,
385897,Sherwin-Williams Paint Store,4182 Plainfield Ave NE,Grand Rapids,MI,49525,(616) 363-6646,43.03829030,-85.61021140,0,America/Detroit,,
371804,Woodcraft of Grand Rapids,2914 Broadmoor Ave SE,Grand Rapids,MI,49512,(616) 957-9663,42.91044030,-85.58244595,0,America/Detroit,,
105414,Meyer Ace Hardware,1030 S State St,Harbor Springs,MI,49740,(231) 526-6288,45.43876780,-84.98992650,0,America/Chicago,,
339688,Lakewood RepcoLite Paints,701 E Lakewood Blvd,Holland,MI,49424,(616) 393-0025,42.80537665,-86.07934270,1,America/Detroit,,
385933,Sherwin-Williams Paint Store,440 Swartz Ct,Ionia,MI,48846,(616) 527-1630,42.96249935,-85.07313635,0,America/Detroit,,
385936,Sherwin-Williams Paint Store,7488 Church Ct,Jenison,MI,49428,(616) 667-3310,42.90504365,-85.78859110,0,America/Detroit,,
385939,Sherwin-Williams Paint Store,5212 E ML Ave,Kalamazoo,MI,49048,(269) 343-1285,42.26618850,-85.52786515,0,America/Detroit,,
385963,Sherwin-Williams Paint Store,3300 W Saginaw St,Lansing,MI,48917,(517) 323-7474,42.74143430,-84.59467275,0,America/Detroit,,
314834,Marsh Power Tools Inc.,20579 Middlebelt Road,Livonia,MI,48152,(248) 476-7744,42.44081120,-83.33703000,0,America/Detroit,,
371444,Colony Hardware Corporation,1605 Progress Dr,Madison Heights,MI,48071,(800) 327-0985,42.47967755,-83.08922175,0,America/Detroit,,
385998,Sherwin-Williams Paint Store,215 S Saginaw Rd,Midland,MI,48640,(989) 631-1911,43.62553580,-84.22528960,0,America/Detroit,,
371648,Richelieu DETROIT,237 N River Rd Suite 2,Mt Clemens,MI,48043,(586) 264-1240,42.60087840,-82.85950320,0,America/Detroit,,
386026,Sherwin-Williams Paint Store,5791 Harvey St Ste E,Norton Shores,MI,49444,(231) 798-8563,43.14815950,-86.20686680,0,America/Detroit,,
371696,Rockler Woodworking and Hardware,43291 Crescent Blvd.,Novi,MI,48375,(248) 543-5110,42.48314440,-83.47336715,1,America/Detroit,,
390606,Sherwin-Williams Paint Store,1850 W Grand River Ave,Okemos,MI,48864,(517) 381-0374,42.72061800,-84.41692015,0,America/Detroit,,
476949,Sherwin-Williams Paint Store,1737 E M 21,Owosso,MI,48867,(989) 729-7709,42.99780490,-84.17663580,0,America/Detroit,,
158002,Meyer Ace Hardware,1371 US-31,Petoskey,MI,49770,(231) 347-7390,45.39026230,-84.90703810,0,America/Chicago,,
390617,Sherwin-Williams Paint Store,910 Spring St #2,Petoskey,MI,49770,(231) 347-2984,45.36657150,-84.97311265,0,America/Detroit,,
386064,Sherwin-Williams Paint Store,5343 S Westnedge Ave,Portage,MI,49002,(269) 342-6151,42.23884585,-85.58886460,0,America/Detroit,,
274201,Benjamin Moore PaintOutlets.com,1982 Star-Batt Dr,Rochester Hills,MI,48309,(248) 598-0311,42.64921175,-83.17038450,0,America/Detroit,,
129557,Chelsea Lumber Company,600 E Michigan Ave,Saline,MI,48176,(734) 429-5494,42.17169093,-83.76813725,0,America/Detroit,,
274195,Benjamin Moore PaintOutlets.com,47595 Van Dyke Ave,Shelby Township,MI,48317,(248) 598-0311,42.64526150,-83.03380200,0,America/Detroit,,
386123,Sherwin-Williams Paint Store,29093 Southfield Rd,Southfield,MI,48076,(248) 569-0890,42.50318930,-83.22363315,0,America/Detroit,,
371845,Woodcraft of Sterling Heights,39245 Van Dyke Ave,Sterling Heights,MI,48313,(586) 268-1919,42.58194805,-83.03113035,0,America/Detroit,,
371303,"AB's Gloves \u0026 Abrasives, Inc.",1227 S Centerville Rd,Sturgis,MI,49091,(269) 651-6771,41.78677210,-85.42994460,0,America/Detroit,,
88250,Ace Hardware Traverse City,734 W Front St,Traverse City,MI,49684,(231) 946-2140,44.76430760,-85.63618030,0,America/Chicago,,
386147,Sherwin-Williams Paint Store,1204 S Garfield Ave,Traverse City,MI,49686,(231) 947-9810,44.74572635,-85.59592890,0,America/Detroit,,
386148,Sherwin-Williams Paint Store,3460 West Rd,Trenton,MI,48183,(734) 675-2066,42.14201575,-83.21080410,0,America/Detroit,,
371399,Colony- Tool Rental and Repair,2324 Morrissey Ave,Warren,MI,48091,(967) 858-6578,42.46686335,-83.07913970,0,America/Detroit,,
385780,Sherwin-Williams Paint Store,15415 Cedar Ave,Apple Valley,MN,55124,(952) 953-6366,44.72607410,-93.21858375,0,America/Chicago,,
274018,Hirshfield's Baxter,7447 Clearwater Rd N,Baxter,MN,56425,(218) 824-0642,46.36164635,-94.24573505,0,America/Chicago,,
200965,Acme Tools,2025 30th St NW,Bemidji,MN,56601,(218) 444-8665,47.49854020,-94.91070330,1,America/Chicago,,
275190,Hirshfield's Blaine Contractor Service Center,10059 Flanders Ct NE,Blaine,MN,55449,(763) 398-3900,45.15216985,-93.19327350,0,America/Chicago,,
506056,Woodcraft of Minneapolis,9125 Lyndale Ave S,Bloomington,MN,55420,(952) 884-3634,44.83770035,-93.28786425,0,America/Chicago,,
385764,Farrell Equipment \u0026 Supply - Burnsville,3401 Hwy 13 W,Burnsville,MN,55337,(952) 895-5613,44.77583780,-93.26842150,0,America/Chicago,,
385771,Rockler Woodworking and Hardware - Burnsville,2020 County Rd 42 W,Burnsville,MN,55337,(952) 892-7999,44.77583780,-93.26842150,1,America/Chicago,,
385845,Sherwin-Williams Paint Store,4110 Central Ave NE Ste 215,Columbia Heights,MN,55421,(763) 781-9929,45.04356210,-93.24782435,0,America/Chicago,,
121386,Acme Tools,4332 Grand Ave,Duluth,MN,55807,(218) 628-3523,46.74764766,-92.15521510,1,America/Chicago,,
421694,Acme Tools,1271 Town Centre Dr,Eagan,MN,55123,(651) 877-2263,44.83304824,-93.15880007,1,America/Chicago,,
385878,Sherwin-Williams Paint Store,608 W Broadway Ave,Forest Lake,MN,55025,(651) 982-4889,45.27897800,-92.99217630,0,America/Chicago,,
292180,Olson Trading Post Inc,80860 110th St,Glenville,MN,56036,(507) 448-3302,43.51438500,-93.25147400,0,America/Chicago,,
385762,Al's Taping Tools \u0026 Spray Equipment,815 Tower Dr,Hamel,MN,55340,(763) 559-8169,45.04430540,-93.54396540,0,America/Chicago,,
385913,Sherwin-Williams Paint Store,4767 Miller Trunk Hwy,Hermantown,MN,55811,(218) 722-7413,46.82047435,-92.18268660,0,America/Chicago,,
385772,Rockler Woodworking and Hardware - Maplewood,1872 Beam Ave,Maplewood,MN,55109,(651) 773-5285,45.02735680,-93.02099275,1,America/Chicago,,
385982,Sherwin-Williams Paint Store,1898 Beam Ave Ste A,Maplewood,MN,55109,(651) 770-0088,45.02735520,-93.02047945,0,America/Chicago,,
275084,Hirshfield's Minneapolis Contractor Service Center,725 2nd Ave N,Minneapolis,MN,55405,(612) 377-9970,44.97852385,-93.28895045,0,America/Chicago,,
90694,Settergren's of Linden Hills,2813 W 43rd St,Minneapolis,MN,55410,(612) 920-2813,44.92447360,-93.31551529,0,America/Chicago,,
385773,Rockler Woodworking and Hardware - Minnetonka,12995 Ridgedale Dr,Minnetonka,MN,55305,(952) 542-0111,44.96625465,-93.44540050,1,America/Chicago,,
339028,Lloyd True Value Lbr \u0026 Sply,1860 Commerce Dr,North Mankato,MN,56003,(507) 625-4500,44.17903270,-94.04176730,0,America/Chicago,,
385774,The Pinske Edge,119 Main St,Plato,MN,55370,(320) 238-2196,44.77234910,-94.03883390,0,America/Chicago,,
121387,Acme Tools,4150 Berkshire Ln N,Plymouth,MN,55446,(763) 559-8665,45.03133738,-93.45478153,1,America/Chicago,,
407999,Acme Tools,808 Apache Ln SW,Rochester,MN,55902,(507) 801-2263,44.00571530,-92.47311530,1,America/Chicago,,
385765,Farrell Equipment \u0026 Supply - Rochester,945 37th Ave NW,Rochester,MN,55901,(507) 252-0234,44.03691310,-92.52125260,0,America/Chicago,,
386084,Sherwin-Williams Paint Store,19 7th St NE,Rochester,MN,55906,(507) 288-8913,44.03071495,-92.46185255,0,America/Chicago,,
386088,Sherwin-Williams Paint Store,2722 Lincoln Dr,Roseville,MN,55113,(651) 604-9970,45.02322925,-93.16790450,0,America/Chicago,,
385766,Hardware Distributors Ltd,5 Industrial Blvd,Sauk Rapids,MN,56379,(320) 255-9850,45.59512725,-94.14342705,0,America/Chicago,,
275076,Hirshfield's Savage Contractor Service Center,3981 W 143rd St,Savage,MN,55378,(952) 890-7881,44.74468250,-93.33077651,0,America/Chicago,,
271983,Abbott Paint \u0026 Carpet Stillwater,1672 Greeley St S,Stillwater,MN,55082,(651) 439-9695,45.04159870,-92.82132830,0,America/Chicago,,
390655,Sherwin-Williams Paint Store,14450 60th St N,Stillwater,MN,55082,(651) 430-2351,45.03662525,-92.81377770,0,America/Chicago,,
390662,Sherwin-Williams Paint Store,5486 Mountain Iron Dr,Virginia,MN,55792,(218) 749-1750,47.51647745,-92.56160910,0,America/Chicago,,
275072,Hirshfield's West St. Paul,2024 S Robert St,West St Paul,MN,55118,(651) 451-4046,44.88519985,-93.07999675,0,America/Chicago,,
385768,Perkins Lumber Co. Inc.,100 10th St NW,Willmar,MN,56201,(320) 235-3242,45.12255690,-95.05687435,0,America/Chicago,,
371401,Compi Distributors Inc,2855 Haag Rd,Arnold,MO,63010,(636) 296-1111,38.43596185,-90.35098285,0,America/Chicago,,
390475,Sherwin-Williams Paint Store,15539 Manchester Rd,Ballwin,MO,63011,(636) 256-8700,38.59334000,-90.56959930,0,America/Chicago,,
371679,Rockler Woodworking and Hardware,11977 Saint Charles Rock Rd Ste 110,Bridgeton,MO,63044,(314) 209-1116,38.74859360,-90.42061815,1,America/Chicago,,
392852,High Brothers Do it Best Lbr,259 Old South 5,Camdenton,MO,65020,(573) 346-5663,37.98761845,-92.70794135,1,America/Chicago,,
385841,Sherwin-Williams Paint Store,6717 Clayton Rd,Clayton,MO,63117,(314) 721-3060,38.63495470,-90.31674950,0,America/Chicago,,
390501,Sherwin-Williams Paint Store,502 Business Loop 70,Columbia,MO,65203,(573) 443-2481,38.96536690,-92.34498175,0,America/Chicago,,
275438,Reineke Decorating Center,12017 Manchester Rd,Des Peres,MO,63131,(314) 821-1616,38.60261180,-90.43624520,0,America/Chicago,,
273972,Flanagan Paint \u0026 Supply - Benjamin Moore Paint,15878 Clayton Rd,Ellisville,MO,63011,(636) 391-8448,38.60425770,-90.58434095,0,America/Chicago,,
371383,"Cardwell Lumber, Inc.",5927 Bus 50 W,Jefferson City,MO,65109,(573) 893-2836,38.58376830,-92.30768750,0,America/Chicago,,
371721,Schutte Lumber Company,3001 Southwest Blvd,Kansas City,MO,64108,(816) 753-6262,39.07428700,-94.60424565,0,America/Chicago,,
371333,Ballew Saw \u0026 Tool,325 S Kimbrough Ave,Springfield,MO,65806,(800) 288-7483,37.20719545,-93.28706410,0,America/Chicago,,
386131,Sherwin-Williams Paint Store,535 E St Louis St,Springfield,MO,65806,(417) 862-7483,37.20939735,-93.28710305,0,America/Chicago,,
386132,Sherwin-Williams Paint Store,3027 S Kimbrough Ave,Springfield,MO,65807,(417) 882-6429,37.15902950,-93.28595765,0,America/Chicago,,
386091,Sherwin-Williams Paint Store,1340 S 5th St,St Charles,MO,63301,(636) 724-1612,38.77143930,-90.49209815,0,America/Chicago,,
371338,Beaver Industrial Supply,2111 January Ave,St. Louis,MO,63110,(314) 773-5999,38.61701800,-90.28360660,0,America/Chicago,,
386134,Sherwin-Williams Paint Store,2590 Lemay Ferry Rd,St. Louis,MO,63125,(314) 487-3770,38.51900985,-90.30578540,0,America/Chicago,,
81385,Woodcraft of St. Louis - Maryland Heights,2077 Congressional Drive,St. Louis,MO,63146,(314) 993-0413,38.69736340,-90.43943148,0,America/Chicago,,
385900,Sherwin-Williams Paint Store,1668 George Abraham Blvd,Greenville,MS,38703,(662) 335-2631,33.37244380,-91.03705465,0,America/Chicago,,
385902,Sherwin-Williams Paint Store,619 W Park Ave,Greenwood,MS,38930,(662) 453-4651,33.52789820,-90.19863185,0,America/Chicago,,
476952,OS Lumber \u0026 Supply,1611 Government St,Ocean Springs,MS,39564,(228) 875-4112,30.41398605,-88.82055280,0,America/Chicago,,
386033,Sherwin-Williams Paint Store,6409 Washington Ave,Ocean Springs,MS,39564,(228) 875-1840,30.43486635,-88.83063450,0,America/Chicago,,
386041,Sherwin-Williams Paint Store,1681 James Kimmons Dr,Oxford,MS,38655,(662) 233-8000,34.38697530,-89.50068915,0,America/Chicago,,
90742,Sneed's Ace Hardware,1400 University Ave,Oxford,MS,38655,(662) 234-3232,34.36344010,-89.51753270,0,America/Chicago,,
371322,Ameitech/South,210 Industrial Dr,Ridgeland,MS,39157,(601) 853-0830,32.42260145,-90.14107260,0,America/Chicago,,
390649,Sherwin-Williams Paint Store,836 Goodman Rd E,Southaven,MS,38671,(662) 349-9714,34.96308830,-89.97489065,0,America/Chicago,,
386151,Sherwin-Williams Paint Store,526 W Main St,Tupelo,MS,38804,(662) 842-4882,34.25784290,-88.70998295,0,America/Chicago,,
177016,Kenyon Noble Lumber \u0026 Hardware,4949 Jackrabbit Ln,Belgrade,MT,59714,(406) 388-6400,45.74297495,-111.18631822,0,America/Denver,,
371302,A\u0026H Turf \u0026 Specialties Inc,468 Moore Ln,Billings,MT,59101,(406) 245-8466,45.76098575,-108.54126740,0,America/Denver,,
170052,Sherwin-Williams Commercial Paint Store,2051 Rosebud Dr,Billings,MT,59102,(406) 655-9801,45.75908120,-108.56809820,0,America/Chicago,,
89795,Kenyon Noble Lumber and Hardware,1243 W Oak St,Bozeman,MT,59715,(406) 586-2384,45.69396749,-111.05347182,0,America/Chicago,,
393195,Johnson Madison Lumber Company,815 10th St N,Great Falls,MT,59401,(406) 771-0222,47.51486770,-111.28955380,0,America/Denver,,
371738,Superior Sharpening \u0026 Machine,1301 Orange Ave,Helena,MT,59601,(406) 449-0919,46.61021935,-112.01869010,0,America/Denver,,
390557,Sherwin-Williams Paint Store,53 1st Ave E N,Kalispell,MT,59901,(406) 752-5588,48.20020810,-114.31070970,0,America/Denver,,
393620,Western Building Center Kalispell,1745 3rd Ave E,Kalispell,MT,59901,(406) 755-6411,48.18311230,-114.30273710,0,America/Denver,,
386000,Sherwin-Williams Paint Store,320 S Haynes Ave,Miles City,MT,59301,(406) 232-3267,46.40473090,-105.82219505,0,America/Denver,,
371352,Boyce Lumber \u0026 Design Center,1410 S Russell St,Missoula,MT,59801,(406) 728-7100,46.85854045,-114.01771105,0,America/Denver,,
170057,Sherwin-Williams Paint Store,1428 S Reserve St,Missoula,MT,59801,(406) 543-5950,46.85815270,-114.03874370,0,America/Chicago,,
339277,Western Building Center Whitefish,6130 U.S. 93 S,Whitefish,MT,59937,(406) 862-2545,48.39657365,-114.33591778,0,America/Denver,,
385783,Sherwin-Williams Paint Store,417 Airport Rd,Arden,NC,28704,(828) 650-6414,35.44616815,-82.53134920,0,America/New_York,,
385799,Sherwin-Williams Paint Store,6644 Wilkinson Blvd,Belmont,NC,28012,(704) 901-7768,35.25197265,-81.03459970,0,America/New_York,,
390486,Sherwin-Williams Paint Store,1266 Asheville Hwy STE 9,Brevard,NC,28712,(828) 883-8728,35.25953985,-82.71456540,0,America/New_York,,
383679,Benjamin Moore - Prism Paint + Design,1248 NW Maynard Rd,Cary,NC,27513,(919) 650-3035,35.78546105,-78.80933590,0,America/New_York,,
371550,Klingspor's Woodworking Shop,107 Edinburgh S Dr #151,Cary,NC,27511,(919) 876-0707,35.73689960,-78.79854570,0,America/New_York,,
371682,Rockler Woodworking and Hardware,314 Crossroads Blvd.,Cary,NC,27518,(919) 208-2030,35.75959175,-78.73880785,1,America/New_York,,
385831,Sherwin-Williams Paint Store,992 Kildaire Farm Rd,Cary,NC,27511,(919) 469-8530,35.77196330,-78.78327340,0,America/New_York,,
383680,Benjamin Moore - Prism Paint + Design,245 S Elliott Rd A,Chapel Hill,NC,27514,(919) 904-7044,35.93253550,-79.02624900,0,America/New_York,,
175194,Sherwin-Williams Paint Store,1507 E Franklin St,Chapel Hill,NC,27514,(919) 968-4435,35.93115887,-79.03411295,0,America/New_York,,
88556,Blackhawk Hardware,4225 Parkroad Shopping Center,Charlotte,NC,28209,(704) 525-2682,35.17502558,-80.84807613,0,America/New_York,,
275283,Hunter Coatings Benjamin Moore,9315 Monroe Rd suite f,Charlotte,NC,28270,(704) 321-5990,35.14444735,-80.74146795,0,America/New_York,,
371564,LeNeave Woodworking Machinery \u0026 Supply,4408 S Tryon St,Charlotte,NC,28217,(704) 523-3187,35.18552070,-80.88595900,0,America/New_York,,
371640,Richelieu CHARLOTTE,1327 Wood Branch Dr unit p,Charlotte,NC,28273,(704) 599-8817,35.12524845,-80.92669025,0,America/New_York,,
371683,Rockler Woodworking and Hardware,5335 Ballantyne Commons Pkwy Ste 30,Charlotte,NC,28277,(704) 815-6260,35.06376390,-80.77335070,1,America/New_York,,
175197,Sherwin-Williams Paint Store,1408 East Blvd ste a,Charlotte,NC,28203,(704) 333-2685,35.19977550,-80.84443890,0,America/New_York,,
385834,Sherwin-Williams Paint Store,10701 McMullen Creek Pkwy Ste A,Charlotte,NC,28226,(704) 341-8422,35.08849470,-80.85729005,0,America/New_York,,
385835,Sherwin-Williams Paint Store,4903 South Blvd Ste A,Charlotte,NC,28217,(704) 525-2262,35.17169945,-80.87555345,0,America/New_York,,
385836,Sherwin-Williams Paint Store,8405 Old Statesville Rd,Charlotte,NC,28269,(704) 921-9808,35.33639510,-80.82544925,0,America/New_York,,
385842,Sherwin-Williams Paint Store,2662 Lewisville Clemmons Rd,Clemmons,NC,27012,(336) 766-6635,36.02485505,-80.38257330,0,America/New_York,,
371743,Talbert Building Supply,3701 Dillon Industrial Dr,Clemmons,NC,27012,(336) 766-6481,35.99721855,-80.38451565,0,America/New_York,,
390503,Sherwin-Williams Paint Store,18206 Manhatten Pkwy,Cornelius,NC,28031,(704) 895-4501,35.48011215,-80.88630275,0,America/New_York,,
385863,Sherwin-Williams Paint Store,3616 Witherspoon Blvd #101,Durham,NC,27707,(919) 401-5158,35.94937450,-78.99018850,0,America/New_York,,
390517,Sherwin-Williams Paint Store,3148 Hillsborough Rd,Durham,NC,27705,(919) 383-8529,36.01746210,-78.94008260,0,America/New_York,,
385875,Sherwin-Williams Paint Store,454 N McPherson Church Rd,Fayetteville,NC,28303,(910) 867-6152,35.07338355,-78.95226925,0,America/New_York,,
371549,Klingspor's Woodworking Shop Of Asheville,270 Rutledge Rd a,Fletcher,NC,28732,(828) 687-3940,35.44528110,-82.52632575,0,America/New_York,,
371751,The Hardwood Store of North Carolina,100 Railroad Ave,Gibsonville,NC,27249,(336) 449-9627,36.10520290,-79.54342030,0,America/New_York,,
371643,Richelieu GREENSBORO,2600 Greengate Dr,Greensboro,NC,27406,(336) 841-5100,36.02540525,-79.79928835,0,America/New_York,,
175206,Sherwin-Williams Paint Store,500 Summit Ave,Greensboro,NC,27405,(336) 273-9429,36.07865911,-79.78291307,0,America/New_York,,
385899,Sherwin-Williams Paint Store,2109 Roseland St,Greensboro,NC,27408,(336) 273-8481,36.10198950,-79.78602500,0,America/New_York,,
390540,Sherwin-Williams Paint Store,603A College Rd,Greensboro,NC,27410,(336) 292-8131,36.08677950,-79.88933810,0,America/New_York,,
390541,Sherwin-Williams Paint Store,303 E Arlington Blvd,Greenville,NC,27858,(252) 756-6108,35.58745235,-77.37233270,0,America/New_York,,
385912,Sherwin-Williams Paint Store,320 S Main St,Hendersonville,NC,28792,(828) 693-6918,35.31176535,-82.45878695,0,America/New_York,,
371551,Klingspor's Woodworking Shop,856 21st St Dr SE,Hickory,NC,28602,(828) 326-9663,35.71787120,-81.28730785,0,America/New_York,,
385915,Sherwin-Williams Paint Store,210 1st Ave NE,Hickory,NC,28601,(828) 322-3407,35.73295230,-81.33532945,0,America/New_York,,
385916,Sherwin-Williams Paint Store,127 Westchester Dr,High Point,NC,27262,(336) 869-7186,35.98237310,-80.02572075,0,America/New_York,,
385921,Sherwin-Williams Paint Store,301 Village Walk Dr,Holly Springs,NC,27540,(919) 577-6491,35.64096255,-78.83875850,0,America/New_York,,
385934,Sherwin-Williams Paint Store,4310 Henderson Dr,Jacksonville,NC,28546,(910) 455-0271,34.79522445,-77.41229620,0,America/New_York,,
385941,Sherwin-Williams Paint Store,2315 Coldwater Ridge Dr,Kannapolis,NC,28083,(704) 794-6679,35.46840190,-80.59168010,0,America/New_York,,
385945,Sherwin-Williams Paint Store,936 NC-66,Kernersville,NC,27284,(336) 993-0282,36.10722505,-80.06244660,0,America/New_York,,
330568,Benjamin Moore,3722 N Croatan Hwy Ste B,Kitty Hawk,NC,27949,(252) 715-5980,36.06272536,-75.69787711,0,America/New_York,,
90629,Saines Hardware \u0026 Garden Center,127 Spake Rd,Lincolnton,NC,28092,(704) 735-3911,35.46605811,-81.27046133,0,America/Chicago,,
371792,Woodcraft of Charlotte,1725 Windsor Square Dr,Matthews,NC,28105,(704) 847-8300,35.13436175,-80.71106930,0,America/New_York,,
386002,Sherwin-Williams Paint Store,1743 US-601,Mocksville,NC,27028,(336) 751-0234,35.92692085,-80.59429860,0,America/New_York,,
386004,Sherwin-Williams Paint Store,1203 Skyway Dr,Monroe,NC,28110,(704) 283-1523,34.99326945,-80.54924695,0,America/New_York,,
371754,"The Moulding Source, Inc.",184 Azalea Rd,Mooresville,NC,28115,(704) 658-1111,35.59373835,-80.77778510,0,America/New_York,,
186600564,"The Wood Shop Tools and Wood, LLC",919 Broad St.,New Bern,NC,28560,(252) 631-2024,35.107758,-77.048607,0,,festool,https://festool.locally.com/stores/festool
386024,Sherwin-Williams Paint Store,324 Wilkesboro Ave,North Wilkesboro,NC,28659,(336) 667-2218,36.15598505,-81.14582910,0,America/New_York,,
386032,Sherwin-Williams Paint Store,6855 Beach Dr SW #1,Ocean Isle Beach,NC,28469,(910) 575-0025,33.89890200,-78.46631200,0,America/New_York,,
274222,Benjamin Moore - Prism Paint + Design,2904 Wake Forest Rd,Raleigh,NC,27609,(919) 877-9099,35.82057220,-78.62298435,0,America/New_York,,
386073,Sherwin-Williams Paint Store,2414 Wake Forest Rd,Raleigh,NC,27608,(919) 856-8552,35.81456515,-78.62594885,0,America/New_York,,
371834,Woodcraft Raleigh,4317 Pleasant Valley Rd,Raleigh,NC,27612,(919) 781-1911,35.85875295,-78.70801425,0,America/New_York,,
386076,Sherwin-Williams Paint Store,620 S Scales St,Reidsville,NC,27320,(336) 342-5816,36.35396820,-79.66505370,0,America/New_York,,
371744,Talbert Building Supply,1101 Old Durham Rd,Roxboro,NC,27573,(336) 599-1135,36.36384200,-78.97862655,0,America/New_York,,
371752,The Hardwood Store of North Carolina,175 Lane Pkwy,Salisbury,NC,28146,(336) 449-9627,35.60715555,-80.52110125,0,America/New_York,,
386097,Sherwin-Williams Paint Store,2105 S Horner Blvd,Sanford,NC,27330,(919) 774-4718,35.46323555,-79.14897570,0,America/New_York,,
371716,"Rod's Roundup, Inc.",1610 E Dixon Blvd,Shelby,NC,28152,(704) 482-7431,35.27263960,-81.51019370,0,America/New_York,,
175221,Sherwin-Williams Paint Store,705 SW Broad St,Southern Pines,NC,28387,(910) 692-6450,35.16855762,-79.39913009,0,America/New_York,,
386165,Sherwin-Williams Paint Store,680 Carolina Ave,Washington,NC,27889,(252) 946-1056,35.55141405,-77.05855055,0,America/New_York,,
386185,Sherwin-Williams Paint Store,25 S Kerr Ave,Wilmington,NC,28403,(910) 799-1170,34.24144125,-77.88837335,0,America/New_York,,
386186,Sherwin-Williams Paint Store,7336 Market St Ste 1,Wilmington,NC,28411,(910) 686-5310,34.27640060,-77.81450820,0,America/New_York,,
371576,MB Stone Care \u0026 Supply,2301 Industrial Park Dr,Wilson,NC,27893,(888) 509-5831,35.70151720,-77.88942135,0,America/New_York,,
371552,Klingspor's Woodworking Shop,532 Hanes Mall Blvd,Winston-Salem,NC,27103,(336) 768-9663,36.06397150,-80.30206900,0,America/New_York,,
386190,Sherwin-Williams Paint Store,4803 Country Club Rd,Winston-Salem,NC,27104,(336) 306-8149,36.08103135,-80.34106450,0,America/New_York,,
390673,Sherwin-Williams Paint Store,1017 Hanes Mall Blvd,Winston-Salem,NC,27103,(336) 768-4540,36.06536065,-80.31569760,0,America/New_York,,
390674,Sherwin-Williams Paint Store,113 Oakwood Dr,Winston-Salem,NC,27103,(336) 748-9495,36.09089840,-80.28124840,0,America/New_York,,
386191,Sherwin-Williams Paint Store,2323 Elaines Way Ste C,Winterville,NC,28590,(252) 355-2732,35.53646190,-77.40812385,0,America/New_York,,
164569,Acme Tools,3840 E Rosser Ave,Bismarck,ND,58501,(701) 258-1267,46.81157670,-100.73191650,1,America/Chicago,,
385758,Acme Equipment,680 36th St S,Fargo,ND,58103,(701) 799-7000,46.86768300,-96.84001000,1,America/Chicago,,
121385,Acme Tools,920 36th St S,Fargo,ND,58103,(701) 476-4600,46.86690094,-96.83990902,1,America/Chicago,,
196418,Acme Equipment,3401 Gateway Dr,Grand Forks,ND,58203,(701) 355-5022,47.93217580,-97.07861705,1,America/Chicago,,
88315,Acme Tools,1705 13th Ave N,Grand Forks,ND,58203,(701) 746-6481,47.93189586,-97.05041423,1,America/Chicago,,
385896,Sherwin-Williams Paint Store,3013 32nd Ave S,Grand Forks,ND,58201,(701) 772-4837,47.88765270,-97.07163740,0,America/Chicago,,
121384,Acme Tools,700 20th Ave SE,Minot,ND,58701,(701) 839-2263,48.21075790,-101.28258166,1,America/Chicago,,
158348,Acme Tools,4960 US-85,Williston,ND,58801,(855) 648-2263,48.13423570,-103.72228650,1,America/Chicago,,
371487,Hardwood Heaven,645 N 66th St,Lincoln,NE,68505,(402) 858-6125,40.81923915,-96.63107095,0,America/Chicago,,
385972,Sherwin-Williams Paint Store,235 N 46th St,Lincoln,NE,68503,(402) 466-2313,40.81499785,-96.65649320,0,America/Chicago,,
273608,Color Store,13743 Industrial Rd,Omaha,NE,68137,(402) 697-4999,41.21717200,-96.13070645,0,America/Chicago,,
375547,Oharco,8109 F St,Omaha,NE,68127,(402) 342-4489,41.21895295,-96.04013160,0,America/Chicago,,
386035,Sherwin-Williams Paint Store,3131 N 120th St,Omaha,NE,68164,(402) 445-0365,41.28786625,-96.09998130,0,America/Chicago,,
316750,"Stan Houston Equipment Company, Inc",4240 South 50th Street,Omaha,NE,68117,(531) 365-3803,41.21697645,-95.99286115,0,America/Chicago,,
371828,Woodcraft of Omaha,14605 Wright St,Omaha,NE,68144,(402) 330-5444,41.23283625,-96.14319810,0,America/Chicago,,
371618,"P.J. Currier Lumber Co, Inc.",48 NH-101A,Amherst,NH,03031,(603) 673-3130,42.81449257,-71.59620072,0,America/New_York,,
363398,Belletetes of Andover,24 Ten Penny Ln,Andover,NH,03216,(603) 735-5544,43.43396970,-71.86659450,0,America/New_York,,
371494,Highland Hardwoods,407 NH-125,Brentwood,NH,03833,(603) 679-1230,43.01077180,-71.07364280,0,America/New_York,,
390499,Sherwin-Williams Paint Store,180 Washington St,Claremont,NH,03743,(603) 542-2081,43.37371835,-72.32787230,0,America/New_York,,
390513,Sherwin-Williams Paint Store,121 W Broadway,Derry,NH,03038,(603) 434-0884,42.87458620,-71.33658275,0,America/New_York,,
334220,Middleton Building Supply,58 Old Rochester Rd,Dover,NH,03820,(603) 742-8200,43.23090460,-70.89890530,0,America/New_York,,
371439,Exeter Lumber,120 Portsmouth Ave,Exeter,NH,03833,(603) 772-5933,42.98939480,-70.93373990,0,America/New_York,,
313101,Gilford Home Center,32 Gilford East Drive,Gilford,NH,03249,(603) 524-1692,43.56598635,-71.42438110,0,America/New_York,,
273958,Wicked Awesome Wallpaper \u0026 Paint,848 LAFAYETTE ROAD,Hampton,NH,03842,(603) 929-1717,42.95254640,-70.83293620,0,America/New_York,,
385925,Sherwin-Williams Paint Store,1134 Hooksett Rd Ste 301,Hooksett,NH,03106,(603) 627-5910,43.03224460,-71.43622185,0,America/New_York,,
314741,Lucy Hardware,239 Route 16,Intervale,NH,03845,(603) 356-0757,44.09042660,-71.15031010,0,America/New_York,,
89486,Hamshaw Lumber Inc,3 Bradco St,Keene,NH,03431,(603) 352-6506,42.91507031,-72.29481184,0,America/New_York,,
385953,Sherwin-Williams Paint Store,309 S Main St,Laconia,NH,03246,(603) 524-1835,43.52231520,-71.46577270,0,America/New_York,,
387753,KNH Supply Inc,30 Depot Street,Lancaster,NH,03584,(603) 788-8112,44.49603430,-71.57060010,0,America/New_York,,
88514,Benson Lumber \u0026 Hardware Londonderry,20 Orchard View Dr,Londonderry,NH,03053,(603) 432-9863,42.86064020,-71.35515860,1,America/New_York,,
174803,Queen City Ace Paint \u0026 Hardware,875 Hanover St,Manchester,NH,03104,(603) 668-4155,42.98529000,-71.42761720,0,America/Chicago,,
385980,Sherwin-Williams Paint Store,100 Cahill Ave Ste 3,Manchester,NH,03103,(603) 626-6999,42.96266850,-71.44446895,0,America/New_York,,
371586,Middleton Building Supply,157 Main St,Meredith,NH,03253,(800) 639-0800,43.65112781,-71.50134061,0,America/New_York,,
281208,Milford Lumber Co Inc,72 Mont Vernon St,Milford,NH,03055,(603) 673-3331,42.83786089,-71.65307170,0,America/New_York,,
90200,Nashua Ace Hardware,129 W Pearl St,Nashua,NH,03060,(603) 882-9491,42.75977006,-71.46751171,0,America/Chicago,,
386012,Sherwin-Williams Paint Store,650 Amherst St Unit 1,Nashua,NH,03063,(603) 598-8002,42.80286260,-71.54263770,0,America/New_York,,
390593,Sherwin-Williams Paint Store,176 Daniel Webster Hwy,Nashua,NH,03060,(603) 888-0063,42.71850085,-71.44197305,0,America/New_York,,
371821,Woodcraft of Portsmouth,25 Fox Run Rd,Newington,NH,03801,(603) 433-6116,43.10063090,-70.80836665,0,America/New_York,,
371341,Belletetes of Pembroke,129 Sheep Davis Rd,Pembroke,NH,03275,(603) 224-7483,43.19544860,-71.47974880,0,America/New_York,,
365055,Belletetes of Peterborough,188 Concord St,Peterborough,NH,03458,(603) 924-9436,42.89079580,-71.94540165,0,America/New_York,,
386061,Sherwin-Williams Paint Store,5 Plaistow Rd Ste 5C,Plaistow,NH,03865,(603) 378-0316,42.81633665,-71.10219040,0,America/New_York,,
274491,White Street Paint \u0026 Wallpaper,NH-125,Plaistow,NH,03865,(603) 382-9214,42.83691400,-71.09504550,0,America/New_York,,
274104,Johnson Paint,1976 Woodbury Ave,Portsmouth,NH,03801,(603) 319-8919,43.09319935,-70.79405855,0,America/New_York,,
371436,Selectwood,275 Constitution Ave,Portsmouth,NH,03801,(603) 436-9663,43.03641940,-70.79165565,0,America/New_York,,
390627,Sherwin-Williams Paint Store,738 Islington St,Portsmouth,NH,03801,(603) 431-6611,43.06952180,-70.77127920,0,America/New_York,,
371707,Rockler Woodworking and Hardware,290 South Broadway Street Suite 3A,Salem,NH,03079,(603) 898-5941,42.75800195,-71.21405275,1,America/New_York,,
386093,Sherwin-Williams Paint Store,517 S Broadway #1,Salem,NH,03079,(603) 893-8681,42.74310005,-71.19841105,0,America/New_York,,
274368,White Street Paint \u0026 Wallpaper,419 S Broadway,Salem,NH,03079,(603) 890-5345,42.74865930,-71.20282695,0,America/New_York,,
386106,Sherwin-Williams Paint Store,308 Lafayette Rd,Seabrook,NH,03874,(603) 474-0129,42.88396960,-70.86791215,0,America/New_York,,
371723,Seacoast Floor Supply,22 Exeter Rd A,South Hampton,NH,03827,(603) 944-4653,42.89649990,-70.92470015,0,America/New_York,,
371500,Home Decor Group,28 Portsmouth Ave STE 10,Stratham,NH,03885,(603) 580-2881,42.99942070,-70.92146570,0,America/New_York,,
386136,Sherwin-Williams Paint Store,42 Portsmouth Ave,Stratham,NH,03885,(603) 772-6602,43.00179930,-70.91965750,0,America/New_York,,
274484,LaValley Building Supply,40 Meadow Access Ln,Walpole,NH,03608,(603) 445-5544,43.10857585,-72.42673085,0,America/New_York,,
428330,Lavalley Building Supply,99 NH-9,West Chesterfield,NH,03466,(603) 256-6844,42.88551370,-72.54295470,0,America/New_York,,
371561,LaValley Building Supply,5 Airport Rd,West Lebanon,NH,03784,(603) 298-5641,43.62993765,-72.31866790,0,America/New_York,,
273796,Lebanon Paint \u0026 Decorating,51 Main St,West Lebanon,NH,03784,(603) 298-8596,43.64731573,-72.31051170,0,America/New_York,,
386175,Sherwin-Williams Paint Store,7 Martin Dr,West Lebanon,NH,03784,(603) 298-8710,43.62550925,-72.32201250,0,America/New_York,,
371484,Hancock Lumber,100 Pine Hill Rd,Wolfeboro Falls,NH,03896,(603) 569-1381,43.60101710,-71.21125260,0,America/New_York,,
385777,Sherwin-Williams Paint Store,674 White Horse Pike 6 7,Absecon,NJ,08201,(609) 645-2143,39.43456100,-74.51380035,0,America/New_York,,
371528,Jaeger Lumber,800 12th Ave,Belmar,NJ,07719,(732) 681-1900,40.17815375,-74.02869410,0,America/New_York,,
385804,Sherwin-Williams Paint Store,324 Bloomfield Ave,Bloomfield,NJ,07003,(973) 429-7009,40.78543035,-74.19365050,0,America/New_York,,
371364,Burlington Design Center,2144 Route 130 North,Bordentown,NJ,08505,(609) 447-0538,40.11043190,-74.77279855,0,America/New_York,,
385817,Sherwin-Williams Paint Store,990 Cedar Bridge Ave,Brick Township,NJ,08723,(732) 477-6262,40.05400495,-74.13756460,0,America/New_York,,
385828,Sherwin-Williams Paint Store,110 N Main St Ste 100,Cape May Court House,NJ,08210,(609) 465-9034,39.08534260,-74.82045620,0,America/New_York,,
237783,Dreyer’s Lumber \u0026 Hardware,20 Watchung Ave,Chatham,NJ,07928,(973) 635-5151,40.73059520,-74.37991510,0,America/New_York,,
371365,Burlington Design Center,2806 US-130,Cinnaminson,NJ,08077,(856) 499-2429,40.00761150,-74.97039475,0,America/New_York,,
371361,Builders' General Supply,1177 Inman Ave,Edison,NJ,08820,(888) 757-6600,40.59571290,-74.37064695,0,America/New_York,,
273754,Eagle Paint \u0026 Wallpaper Co,114 W Palisade Ave,Englewood,NJ,07631,(201) 568-6051,40.89623640,-73.97950380,0,America/New_York,,
371741,SMI Flooring Distributors,295 US-46,Fairfield,NJ,07004,(973) 358-6401,40.88440070,-74.30595460,0,America/New_York,,
390535,Sherwin-Williams Paint Store,15 Reaville Ave,Flemington,NJ,08822,(908) 237-9702,40.50043330,-74.85799595,0,America/New_York,,
385884,Sherwin-Williams Paint Store,3440 US-9 Ste 2,Freehold,NJ,07728,(732) 577-0902,40.22966020,-74.27304550,0,America/New_York,,
400710,Alfred Kopp Woodworking,17A Slacktown Rd,Frenchtown,NJ,08825,(908) 875-9557,40.51388375,-74.98093520,0,America/New_York,,
390539,Sherwin-Williams Paint Store,68-72 US-22,Green Brook Township,NJ,08812,(732) 752-1234,40.60747725,-74.46932705,0,America/New_York,,
390545,Sherwin-Williams Paint Store,1420 Kings Hwy,Haddon Heights,NJ,08035,(856) 547-5900,39.88144790,-75.07771130,0,America/New_York,,
390554,Sherwin-Williams Paint Store,540 New Friendship Rd,Howell Township,NJ,07731,(732) 370-2288,40.13873015,-74.22625910,0,America/New_York,,
371595,Niece Lumber Building Supplies,2 Elm St,Lambertville,NJ,08530,(609) 397-1200,40.37328805,-74.94807060,0,America/New_York,,
385961,Sherwin-Williams Paint Store,706 US-9,Lanoka Harbor,NJ,08734,(609) 339-2064,39.86293060,-74.17330880,0,America/New_York,,
385965,Sherwin-Williams Paint Store,2958 US-1,Lawrence Township,NJ,08648,(609) 882-6426,40.27442475,-74.70498120,0,America/New_York,,
371646,Richelieu LINCOLN PARK,132 Beaverbrook Rd,Lincoln Park,NJ,07035,(973) 317-1400,40.92931170,-74.31226475,0,America/New_York,,
220133,Builders' General Supply Co. Little Silver,15 Sycamore Ave,Little Silver,NJ,07739,(800) 570-7227,40.32696607,-74.04231213,0,America/Chicago,,
371739,Supplies Master,585 Broadway,Long Branch,NJ,07740,(732) 263-0002,40.29999695,-74.00244910,0,America/New_York,,
371529,Jaeger Lumber,133 Main St,Madison,NJ,07940,(973) 377-1000,40.75609845,-74.41307035,0,America/New_York,,
390577,Sherwin-Williams Paint Store,601 NJ-72 Unit 1,Manahawkin,NJ,08050,(609) 597-7790,39.68155410,-74.24265810,0,America/New_York,,
371856,Woodhaven Lumber \u0026 Millwork,725 E Bay Ave,Manahawkin,NJ,08050,(609) 597-1118,39.68401355,-74.23529350,0,America/New_York,,
390578,Sherwin-Williams Paint Store,1802 Springfield Ave,Maplewood,NJ,07040,(973) 763-1418,40.72135360,-74.26664890,0,America/New_York,,
390579,Sherwin-Williams Paint Store,740 Rte 70 W,Marlton,NJ,08053,(856) 810-1747,39.89508140,-74.93892440,0,America/New_York,,
390583,Sherwin-Williams Paint Store,712 Stokes Rd,Medford,NJ,08055,(609) 953-6760,39.86662965,-74.80938160,0,America/New_York,,
390547,Sherwin-Williams Paint Store,541 NJ-33 Ste 5,Mercerville,NJ,08619,(609) 890-1272,40.23170400,-74.68225625,0,America/New_York,,
371695,Rockler Woodworking and Hardware,1165 Nixon Drive,Moorestown,NJ,08057,(856) 380-4150,39.94066760,-74.96379485,1,America/New_York,,
275396,Morristown Lumber \u0026 Supply Co,103 Ridgedale Ave,Morristown,NJ,07960,(973) 539-3700,40.80144050,-74.46522150,0,America/New_York,,
274706,Burlington Design Center,3019 Marne Hwy,Mt Laurel Township,NJ,08054,(856) 778-7772,39.97879445,-74.87024070,0,America/New_York,,
386018,Sherwin-Williams Paint Store,15 Hampton House Rd,Newton,NJ,07860,(973) 383-6255,41.05815270,-74.75266510,0,America/New_York,,
371431,Dykes Lumber Company,6001 Tonnelle Ave,North Bergen,NJ,07047,(201) 867-0391,40.79489495,-74.02717110,0,America/New_York,,
390602,Sherwin-Williams Paint Store,510 Milltown Rd,North Brunswick Township,NJ,08902,(732) 214-9302,40.46476940,-74.45067480,0,America/New_York,,
273824,Norton Paint,632 NJ-17,Paramus,NJ,07652,(201) 447-4747,40.94461196,-74.07028066,0,America/New_York,,
390613,Sherwin-Williams Paint Store,176 NJ-17 Ste 1,Paramus,NJ,07652,(201) 967-1600,40.92985135,-74.07024096,0,America/New_York,,
386044,Sherwin-Williams Paint Store,440 US-46,Parsippany-Troy Hills,NJ,07054,(973) 575-6000,40.86051915,-74.36307410,0,America/New_York,,
371306,ABBOT PAINT,35 8th St,Passaic,NJ,07055,(973) 756-2600,40.85873735,-74.11082205,0,America/New_York,,
390625,Sherwin-Williams Paint Store,904 Richmond Ave,Point Pleasant Beach,NJ,08742,(732) 892-0796,40.08767815,-74.04882760,0,America/New_York,,
371857,Woodhaven Lumber \u0026 Millwork,1303 Richmond Ave,Point Pleasant Beach,NJ,08742,(732) 295-8800,40.08412620,-74.04913135,0,America/New_York,,
390629,Sherwin-Williams Paint Store,301 N Harrison St Suite 220,Princeton,NJ,08540,(609) 921-7007,40.36367415,-74.65086365,0,America/New_York,,
237827,Colony Hardware (Formerly A.W. Meyer),589 Broad Ave,Ridgefield,NJ,07657,(201) 945-5500,40.83110000,-74.01419900,0,America/New_York,,
90319,Palmer ACE Hardware,940 Kinderkamack Rd,River Edge,NJ,07661,(201) 262-0900,40.94067077,-74.03021213,1,America/New_York,,
386085,Sherwin-Williams Paint Store,377 US-46,Rockaway,NJ,07866,(973) 366-8302,40.88819595,-74.52705265,0,America/New_York,,
386105,Sherwin-Williams Paint Store,2204 NJ-35 Ste 3,Sea Girt,NJ,08750,(732) 292-0032,40.13466120,-74.06303530,0,America/New_York,,
386111,Sherwin-Williams Paint Store,415 Egg Harbor Rd #2A,Sewell,NJ,08080,(856) 218-9700,39.74857480,-75.07558640,0,America/New_York,,
371590,Monmouth Building Center,777 Shrewsbury Ave,Shrewsbury,NJ,07702,(732) 747-5220,40.32129390,-74.07173795,0,America/New_York,,
386119,Sherwin-Williams Paint Store,600 New Rd,Somers Point,NJ,08244,(609) 653-1836,39.32030645,-74.60273305,0,America/New_York,,
90681,Seashore Ace Home \u0026 Outdoor Living,260 96th St,Stone Harbor,NJ,08247,(609) 368-3191,39.05434640,-74.75971122,1,America/Chicago,,
281032,Builders' General Supply,893 NJ-37,Toms River,NJ,08755,(888) 473-0303,40.01649447,-74.23655189,0,America/New_York,,
386143,Sherwin-Williams Paint Store,1727 NJ-37 E,Toms River,NJ,08753,(732) 270-5200,39.95164243,-74.16230302,0,America/New_York,,
390660,Sherwin-Williams Paint Store,452 NJ-37 Ste 1,Toms River,NJ,08753,(732) 506-0700,39.95349787,-74.16870125,0,America/New_York,,
371530,Jaeger Lumber,40 Depot St,Verona,NJ,07044,(973) 239-1500,40.83636870,-74.25325915,0,America/New_York,,
371726,Seela's Paint \u0026 Wallpaper Co,1164 Hamburg Tpke,Wayne,NJ,07470,(973) 694-3384,40.96120835,-74.24182895,0,America/New_York,,
390670,Sherwin-Williams Paint Store,4901 Park Blvd,Wildwood,NJ,08260,(609) 522-2426,38.98551640,-74.82702515,0,America/New_York,,
386183,Sherwin-Williams Paint Store,328 Berlin - Cross Keys Rd,Williamstown,NJ,08094,(856) 740-5272,39.72189465,-75.01934675,0,America/New_York,,
371315,Albuquerque Exotic Woods,2528 Juan Tabo Blvd NE,Albuquerque,NM,87112,(505) 299-6945,35.11282465,-106.51517655,0,America/Denver,,
274566,Guiry's - Diamond Vogel Paint Store,1016 3rd St NW,Albuquerque,NM,87102,(505) 243-1000,35.09450190,-106.64810415,0,America/Denver,,
486561,Sherwin Williams - ABQ Commercial,816 1st St NW,Albuquerque,NM,87102,(505) 243-6677,35.09121840,-106.64626900,0,America/Denver,,
486564,Sherwin Williams - Eubank,1653A Eubank Blvd NE,Albuquerque,NM,87112,(505) 294-8807,35.09988455,-106.53338545,0,America/Denver,,
371367,Bush Precision Tool,7265 Quay Rd AC,Tucumcari,NM,88401,(505) 620-7825,35.31420050,-103.50389150,0,America/Denver,,
273682,Carson Paint Mart,2350 S Carson St,Carson City,NV,89701,(775) 461-0998,39.14553800,-119.76888280,0,America/Los_Angeles,,
371809,Woodcraft of Las Vegas,5220 W Charleston Blvd #1345,Las Vegas,NV,89146,(702) 550-6101,36.15962100,-115.21260900,0,America/Los_Angeles,,
371562,Lee Valley Express,4995 Aircenter Cir #4,Reno,NV,89502,(888) 983-1865,39.48029665,-119.76581690,0,America/Los_Angeles,,
428332,Reno Fasteners,570 Kietzke Ln,Reno,NV,89502,(775) 516-6050,39.52251635,-119.78858900,0,America/Los_Angeles,,
273893,Reno Paint Mart,201 E Moana Ln,Reno,NV,89502,(775) 826-2900,39.49289690,-119.79360570,0,America/Los_Angeles,,
439231,Sherwin-Williams Paint Store,80 E Patriot Blvd,Reno,NV,89511,(775) 399-7220,39.45174505,-119.77615590,0,America/Los_Angeles,,
371574,Mastercraft Hardwood Lumber Inc,1460 Linda Way,Sparks,NV,89431,(775) 209-9095,39.52346095,-119.74703885,0,America/Los_Angeles,,
383682,Herzog’s Paint Center of Albany,1343 Central Ave,Albany,NY,12205,(518) 465-1526,42.70316840,-73.81550755,0,America/New_York,,
272933,"Whiting's Wallpaper \u0026 Paints, LLC",9 N Fulton St,Auburn,NY,13021,(315) 253-5231,42.93411115,-76.55955745,0,America/New_York,,
486560,Genesee Lumber,76 Franklin St,Batavia,NY,14020,(585) 343-0777,42.99476555,-78.19698390,0,America/New_York,,
385792,Sherwin-Williams Paint Store,121 Liberty St,Bath,NY,14810,(607) 776-2118,42.33641920,-77.31846675,0,America/New_York,,
414233,Sherwin-Williams Paint Store,3 Lewis St,Binghamton,NY,13901,(607) 722-2357,42.10325530,-75.91179990,0,America/New_York,,
220214,Dynamite Tool Co Inc,1551 Smithtown Ave,Bohemia,NY,11716,(800) 640-8665,40.78173170,-73.10992670,0,America/Chicago,,
385816,Sherwin-Williams Paint Store,1 Starr Ridge Rd Ste 3,Brewster,NY,10509,(845) 278-1826,41.39233015,-73.59539345,0,America/New_York,,
385821,Sherwin-Williams Paint Store,4756 Lake Rd S Suite 5,Brockport,NY,14420,(585) 637-1525,43.19930850,-77.94286150,0,America/New_York,,
371304,Abbot Paint \u0026 Varnish,238 Eagle St,Brooklyn,NY,11222,(718) 349-2112,40.73535215,-73.95062275,0,America/New_York,,
371307,"Abbot Paint \u0026 Varnish, Co.",157 50th St,Brooklyn,NY,11232,(718) 439-2823,40.64975250,-74.01757050,0,America/New_York,,
371426,Dykes Lumber Company,167 6th St,Brooklyn,NY,11215,(718) 624-3350,40.67415950,-73.99036250,0,America/New_York,,
371476,G.T. Rentals,310 Nassau Ave,Brooklyn,NY,11222,(718) 782-7887,40.72609370,-73.93769665,0,America/New_York,,
272109,Loconsolo Paints,2211 Avenue U,Brooklyn,NY,11229,(718) 676-1622,40.59953250,-73.94904553,0,America/New_York,,
272249,Loconsolo Paints,2660 Coney Island Ave,Brooklyn,NY,11223,(718) 332-1111,40.59180065,-73.96093740,0,America/New_York,,
272247,"Loconsolo Paints, Benjamin Moore",371 Graham Ave,Brooklyn,NY,11211,(718) 384-6595,40.71571150,-73.94476415,0,America/New_York,,
292239,Mazzone Paint Center,211 Smith St,Brooklyn,NY,11201,(347) 799-1140,40.68454890,-73.99172440,0,America/New_York,,
371623,Paints By George,492 McDonald Ave,Brooklyn,NY,11218,(718) 438-4161,40.64202285,-73.97955160,0,America/New_York,,
371765,Tools For Working Wood,112 26th St,Brooklyn,NY,11232,(718) 499-5877,40.66147000,-74.00168480,0,America/New_York,,
371681,Rockler Woodworking and Hardware,5085 Transit Road,Buffalo,NY,14221,(716) 631-8922,42.98541850,-78.69633640,1,America/New_York,,
385770,Riverhead Building Supply - Long Island Corporate Headquarters,250 David Ct,Calverton,NY,11933,(631) 727-1400,40.91511840,-72.79078230,0,America/New_York,,
385827,Sherwin-Williams Paint Store,77 Eastern Blvd,Canandaigua,NY,14424,(585) 394-4549,42.87702450,-77.26651510,0,America/New_York,,
390493,Sherwin-Williams Paint Store,1945 Middle Country Rd,Centereach,NY,11720,(631) 468-3182,40.86006870,-73.07999915,0,America/New_York,,
371434,Herrington's,6 Depot Square,Chatham,NY,12037,(518) 392-9201,42.36229605,-73.59762000,0,America/New_York,,
272928,White's Lumber,945 James St,Clayton,NY,13624,(315) 686-1892,44.22948050,-76.07836325,0,America/New_York,,
272547,Colorize,1750 US-9,Clifton Park,NY,12065,(518) 557-2658,42.87132405,-73.77452370,0,America/New_York,,
428345,Stevens Paint \u0026 Blinds,62 Bridge St,Corning,NY,14830,(607) 962-7112,42.15026450,-77.06058650,0,America/New_York,,
272283,Meldrim's Paint Center,3975 West Rd,Cortland,NY,13045,(607) 756-6162,42.59910880,-76.20424925,0,America/New_York,,
390504,Sherwin-Williams Paint Store,1117 NY-222,Cortland,NY,13045,(607) 753-1563,42.59911585,-76.20181125,0,America/New_York,,
371305,Abbot Long Island,37 Dunton Ave,Deer Park,NY,11729,(631) 667-6200,40.76843855,-73.29353500,0,America/New_York,,
371569,Manhattan Laminates - Deer Park,45 N Industry Court,Deer Park,NY,11729,(800) 762-2929,40.76653585,-73.30128305,0,America/New_York,,
439227,Meldrim's Paint,3950 Broadway,Depew,NY,14043,(716) 899-6162,42.90600655,-78.72656800,0,America/New_York,,
383689,Martin's Woodworking Machinery,4761 NY-14A,Dundee,NY,14837,(607) 678-4374,42.52705631,-76.99057072,0,America/New_York,,
271990,Aboff's Paints,100 Pantigo Pl,East Hampton,NY,11937,(631) 324-3930,40.96826915,-72.17036085,0,America/New_York,,
371657,Riverhead Building Supply,21 Railroad Ave,East Hampton,NY,11937,(631) 324-0300,40.96436365,-72.19354835,0,America/New_York,,
385865,Sherwin-Williams Paint Store,353 Larkfield Rd Unit A,East Northport,NY,11731,(631) 368-0801,40.86977595,-73.32208840,0,America/New_York,,
272633,Purcell's Paint \u0026 Wallpaper,5900 Bridge St,East Syracuse,NY,13057,(315) 446-6475,43.05565550,-76.06574595,0,America/New_York,,
385872,Sherwin-Williams Paint Store,2406 Corning Rd,Elmira,NY,14903,(607) 733-6633,42.14476050,-76.83035450,0,America/New_York,,
385876,Sherwin-Williams Paint Store,6790 E Genesee St,Fayetteville,NY,13066,(315) 449-0190,43.03091965,-76.05290015,0,America/New_York,,
383683,Herzog's Design Center of Fishkill,1083 US-9,Fishkill,NY,12524,(845) 296-0222,41.56219940,-73.90495485,0,America/New_York,,
339656,Wadler Bros. Inc,47293 NY-28,Fleischmanns,NY,12430,(845) 254-5500,42.15543831,-74.53836764,0,America/New_York,,
272543,Gleason Paint Place,65-01 Roosevelt Ave,Flushing,NY,11377,(718) 429-4374,40.74632915,-73.89856930,0,America/New_York,,
272023,Aboff's Paints,3 Brewster St,Glen Cove,NY,11542,(516) 671-6598,40.86499107,-73.63248786,0,America/New_York,,
303201,Brinkmann's,77 Forest Ave,Glen Cove,NY,11542,(516) 676-3300,40.87323000,-73.62369000,1,America/New_York,,
371761,Tool Factory Outlet,2522 NY-17M,Goshen,NY,10924,(845) 294-7900,41.39881835,-74.35696630,0,America/New_York,,
371658,Riverhead Building Supply Store,74500 Main Rd,Greenport,NY,11944,(631) 477-1906,41.09855920,-72.37330220,0,America/New_York,,
371659,Riverhead Building Supply,165 W Montauk Hwy,Hampton Bays,NY,11946,(631) 728-0307,40.87369395,-72.53574360,0,America/New_York,,
371309,Aboff's Paints - Warehouse Commercial Pickup and Delivery Center,59 Gilpin Ave,Hauppauge,NY,11788,(631) 439-0708,40.80509295,-73.22445420,0,America/New_York,,
371339,Beckerle Lumber - Haverstraw,59 Westside Ave,Haverstraw,NY,10927,(845) 942-1492,41.19769445,-73.97418035,0,America/New_York,,
371428,Dykes Lumber Company,12 Saw Mill River Rd,Hawthorne,NY,10532,(914) 347-1400,41.09024035,-73.81863155,0,America/New_York,,
371469,Gold Coast Flooring Supply Nassau \u0026 Suffolk,870 S Oyster Bay Rd,Hicksville,NY,11801,(516) 932-0434,40.76096595,-73.50203465,0,America/New_York,,
122195,Herrington's,312 White Hill Ln,Hillsdale,NY,12529,(518) 325-3131,42.17746691,-73.52564120,0,America/Chicago,,
122196,Herrington's,1 Graham Ave,Hudson,NY,12534,(518) 828-9431,42.24967692,-73.77081209,0,America/New_York,,
371363,Burgoyne Quality Hardware \u0026 Lumber,3093 US-4,Hudson Falls,NY,12839,(518) 747-6344,43.32180740,-73.57372320,0,America/New_York,,
383691,Meldrim's Paint Center,622 Cascadilla St,Ithaca,NY,14850,(607) 645-6162,42.44458620,-76.50832885,0,America/New_York,,
390555,Sherwin-Williams Paint Store,722 S Meadow St Suite 500,Ithaca,NY,14850,(607) 272-8900,42.43086945,-76.50988315,0,America/New_York,,
331319,Brinkmann's - Jamesport,1606 Main Rd,Jamesport,NY,11947,(631) 722-3113,40.95021305,-72.58042765,1,America/New_York,,
371774,Ward Lumber - Hardware \u0026 Building Supplies,697 Glen Rd,Jay,NY,12941,(518) 946-2216,44.36568430,-73.72493965,0,America/New_York,,
383692,Meldrim's Paint Center,786 Main St,Johnson City,NY,13790,(607) 798-0700,42.11617680,-75.98024895,0,America/New_York,,
89564,Herzog's Home and Paint Center,151 Plaza Rd.,Kingston,NY,12401,(845) 338-6300,41.93534687,-74.01386121,1,America/Chicago,,
385946,Sherwin-Williams Paint Store,568 Albany Ave,Kingston,NY,12401,(845) 339-6994,41.94427440,-73.99590995,0,America/New_York,,
385957,Sherwin-Williams Paint Store,279 E Fairmount Ave Suite 12,Lakewood,NY,14750,(716) 763-2144,42.09958425,-79.30705875,0,America/New_York,,
383684,Herzog's Paint Center of Latham,898 Loudon Rd #2,Latham,NY,12110,(518) 782-1590,42.75735205,-73.75850935,0,America/New_York,,
390572,Sherwin-Williams Paint Store,7879 Oswego Rd,Liverpool,NY,13090,(315) 715-0300,43.15262865,-76.22930220,0,America/New_York,,
272544,Janovic Paint \u0026 Decorating Center Long Island City,30-35 Thomson Ave,Long Island City,NY,11101,(347) 418-3480,40.74536380,-73.93577185,0,America/New_York,,
371570,Manhattan Laminates,51-15 35th St,Long Island City,NY,11101,(212) 255-2522,40.73670065,-73.93327345,0,America/New_York,,
272922,Wallauer Paint \u0026 Design,537 US-6,Mahopac,NY,10541,(845) 621-1131,41.36828635,-73.73945915,0,America/New_York,,
272201,KRB Inc,460 Ogden Ave,Mamaroneck,NY,10543,(914) 698-4000,40.94804085,-73.74408425,0,America/New_York,,
385992,Sherwin-Williams Paint Store,3170A Rte 112,Medford,NY,11763,(631) 732-1205,40.83822990,-72.99719810,0,America/New_York,,
385995,Sherwin-Williams Paint Store,610 Broadhollow Rd Unit 3D,Melville,NY,11747,(631) 752-1392,40.75977715,-73.42333190,0,America/New_York,,
122194,Herrington's,11 Dutchess Ave,Millerton,NY,12546,(518) 789-3611,41.95460687,-73.51061204,0,America/New_York,,
371660,Riverhead Building Supply,303 Roslyn Rd,Mineola,NY,11501,(516) 747-8090,40.75230305,-73.63499645,0,America/New_York,,
386001,Sherwin-Williams Paint Store,111 E Jericho Turnpike Fl 1,Mineola,NY,11501,(516) 747-0228,40.75241940,-73.63055525,0,America/New_York,,
272919,Wallauer Paint \u0026 Design,1948 E Main St,Mohegan Lake,NY,10547,(914) 528-6111,41.31919647,-73.85781967,0,America/New_York,,
196666,Wallauer Paint \u0026 Design,52 College Ave,Nanuet,NY,10954,(845) 623-6150,41.09366733,-74.00761213,0,America/New_York,,
196503,Curtis Lumber,8448 Seneca Tpke,New Hartford,NY,13413,(315) 735-4475,43.08150030,-75.32451000,0,America/Chicago,,
386014,Sherwin-Williams Paint Store,1300 Jericho Turnpike Frnt 1A,New Hyde Park,NY,11040,(516) 326-4305,40.73286050,-73.68228270,0,America/New_York,,
371537,Janovic Paint,159 W 72nd St,New York,NY,10023,(212) 595-2500,40.77845845,-73.98067295,0,America/New_York,,
371532,Janovic Paint \u0026 Decorating Center Chelsea,215 7th Ave,New York,NY,10011,(212) 645-5454,40.74359540,-73.99564735,0,America/New_York,,
371533,Janovic Paint \u0026 Decorating Center Gramercy Park,196 3rd Ave,New York,NY,10003,(212) 777-3030,40.73574715,-73.98578125,0,America/New_York,,
371534,Janovic Paint \u0026 Decorating Center Hell's Kitchen,766 10th Ave,New York,NY,10019,(212) 245-3241,40.76596160,-73.99053215,0,America/New_York,,
371535,Janovic Paint \u0026 Decorating Center SoHo,55 Thompson St,New York,NY,10012,(212) 627-1100,40.72395420,-74.00375630,0,America/New_York,,
371536,Janovic Paint \u0026 Decorating Center Upper East Side,1180 3rd Ave,New York,NY,10065,(212) 772-1400,40.76770400,-73.96243600,0,America/New_York,,
371538,Janovic Paint \u0026 Decorating Center Uptown West,2625 Broadway,New York,NY,10025,(212) 531-2300,40.79697350,-73.97058950,0,America/New_York,,
371539,Janovic Paint \u0026 Decorating Center Yorkville,1491 3rd Ave,New York,NY,10028,(212) 289-6300,40.77750180,-73.95449550,0,America/New_York,,
371594,New York Floor \u0026 Paint Supplies,1473 5th Ave,New York,NY,10035,(212) 369-7200,40.80236150,-73.94490465,0,America/New_York,,
386016,Sherwin-Williams Paint Store,1404 NY-300 Suite 4,Newburgh,NY,12550,(845) 564-2539,41.52009995,-74.06865050,0,America/New_York,,
476946,Wallauer Paint,179 S Plank Rd,Newburgh,NY,12550,(845) 562-0757,41.52406440,-74.06664860,0,America/New_York,,
386010,Sherwin-Williams Paint Store,301 Meadow Dr,North Tonawanda,NY,14120,(716) 692-0427,43.05079205,-78.87473850,0,America/New_York,,
371662,Riverhead Building Supply,219 Laurel Ave,Northport,NY,11768,(631) 261-8700,40.89376100,-73.33840305,0,America/New_York,,
386037,Sherwin-Williams Paint Store,729 NY-28 # 8,Oneonta,NY,13820,(607) 433-0721,42.44773105,-75.05368530,0,America/New_York,,
371340,Beckerle Lumber - Orangeburg,219 NY-303,Orangeburg,NY,10962,(845) 359-4633,41.04217030,-73.94514035,0,America/New_York,,
272921,Wallauer Paint \u0026 Design,27 Pleasantville Rd,Ossining,NY,10562,(914) 941-1900,41.16496890,-73.84719650,0,America/New_York,,
272021,Aboff's Paints,298 Medford Ave,Patchogue,NY,11772,(631) 475-4800,40.77798480,-73.00853250,0,America/New_York,,
175276,Sherwin-Williams Paint Store,206 E Main St,Patchogue,NY,11772,(631) 758-2354,40.76556679,-73.00951196,0,America/New_York,,
390615,Sherwin-Williams Paint Store,1837 Main St,Peekskill,NY,10566,(914) 737-6674,41.29517380,-73.89411550,0,America/New_York,,
390623,Sherwin-Williams Paint Store,488 State Rte 3,Plattsburgh,NY,12901,(518) 561-1590,44.69695125,-73.49582610,0,America/New_York,,
173573,Wallauer Hardware,143 N Main St,Port Chester,NY,10573,(914) 939-7600,41.00296718,-73.66081207,0,America/New_York,,
272447,Aboff's Paints,520 Jefferson Plaza,Port Jefferson,NY,11777,(631) 473-2360,40.93650735,-73.07648405,0,America/New_York,,
390626,Sherwin-Williams Paint Store,5060 Nesconset Hwy,Port Jefferson Station,NY,11776,(631) 331-3330,40.91969605,-73.05365315,0,America/New_York,,
386063,Sherwin-Williams Paint Store,59 Shore Rd,Port Washington,NY,11050,(516) 883-1395,40.83716775,-73.70103080,0,America/New_York,,
272577,Herzog's Paint Center of Poughkeepsie,409 Manchester Rd,Poughkeepsie,NY,12603,(845) 471-0133,41.68316630,-73.86118325,0,America/New_York,,
386066,Sherwin-Williams Paint Store,684 Dutchess Turnpike,Poughkeepsie,NY,12603,(845) 486-4640,41.69771830,-73.88426465,0,America/New_York,,
371429,Dykes Lumber Company,43-01 9th St,Queens,NY,11101,(718) 784-3920,40.75212360,-73.94951720,0,America/New_York,,
371653,Richelieu Hardware,60-01 31st Ave,Queens,NY,11377,(718) 371-0450,40.75789270,-73.90238400,0,America/New_York,,
272549,Colorize,63 Quaker Rd #5,Queensbury,NY,12804,(518) 741-7001,43.33227695,-73.66774660,0,America/New_York,,
439230,Sherwin-Williams Paint Store,736 Glen St Ste 208,Queensbury,NY,12804,(518) 792-3586,43.32850305,-73.66890160,0,America/New_York,,
371775,Warren Cutlery Corporation,3584 NY-9G,Rhinebeck,NY,12572,(845) 876-3444,41.95450170,-73.89205925,0,America/New_York,,
271998,Aboff's Paints,1086 Old Country Rd,Riverhead,NY,11901,(631) 727-1150,40.93263895,-72.67587260,0,America/New_York,,
371663,Riverhead Building Supply,1093 Pulaski St,Riverhead,NY,11901,(631) 727-3650,40.91927240,-72.68256120,0,America/New_York,,
386081,Sherwin-Williams Paint Store,1704 Old Country Rd,Riverhead,NY,11901,(631) 727-1616,40.92481205,-72.70040375,0,America/New_York,,
386083,Sherwin-Williams Paint Store,158 Monroe Ave,Rochester,NY,14607,(585) 232-2845,43.15092775,-77.60095790,0,America/New_York,,
390634,Sherwin-Williams Paint Store,951 Jefferson Rd,Rochester,NY,14623,(585) 272-7880,43.08667770,-77.61364545,0,America/New_York,,
371837,Woodcraft of Rochester,1100 W Jefferson Rd,Rochester,NY,14623,(585) 292-9690,43.08842830,-77.60747810,0,America/New_York,,
371777,Willis Paint Place \u0026 Design Center,35 Mineola Ave,Roslyn Heights,NY,11577,(516) 621-3772,40.79074750,-73.65337190,0,America/New_York,,
90649,Saratoga Quality Hardware Inc,110 Excelsior Ave,Saratoga Springs,NY,12866,(518) 584-9180,43.09010706,-73.76957121,0,America/Chicago,,
386101,Sherwin-Williams Paint Store,226 Washington St,Saratoga Springs,NY,12866,(518) 584-6220,43.07966435,-73.79842245,0,America/New_York,,
88629,Brinkmann's,226 Railroad Ave,Sayville,NY,11782,(631) 567-6879,40.73878110,-73.08453370,1,America/Chicago,,
272548,Colorize,480 Balltown Rd,Schenectady,NY,12304,(518) 579-2488,42.77724415,-73.89060460,0,America/New_York,,
371466,Seaford Paint Place \u0026 Design Center,3748 Merrick Rd,Seaford,NY,11783,(516) 785-0332,40.66512685,-73.49226435,0,America/New_York,,
386113,Sherwin-Williams Paint Store,800 Montauk Hwy Ste 7,Shirley,NY,11967,(631) 281-9641,40.80021900,-72.86878770,0,America/New_York,,
272037,Aboff's Paints,395C Middle Country Rd,Smithtown,NY,11787,(631) 265-2409,40.85712120,-73.16783205,0,America/New_York,,
272828,Ring's End,386 Smith Ridge Rd,South Salem,NY,10590,(914) 533-2517,41.21271810,-73.51715950,0,America/New_York,,
272025,Aboff's Paints,31 NY-27A,Southampton,NY,11968,(631) 283-6116,40.88663478,-72.38761987,0,America/New_York,,
371600,One Source Tool Supply Inc,341 County Rd 39A # 1,Southampton,NY,11968,(631) 283-8700,40.90029295,-72.38734265,0,America/New_York,,
371664,Riverhead Building Supply,40 Powell Ave,Southampton,NY,11968,(631) 283-2000,40.89518055,-72.38709620,0,America/New_York,,
390648,Sherwin-Williams Paint Store,635 County Rd 39A,Southampton,NY,11968,(631) 287-4352,40.89734034,-72.36355068,0,America/New_York,,
175278,Sherwin-Williams Paint Store,240 Page Ave Ste 102,Staten Island,NY,10307,(718) 984-2605,40.51806638,-74.23591216,0,America/New_York,,
390654,Sherwin-Williams Paint Store,1462 Hylan Blvd,Staten Island,NY,10305,(718) 668-2682,40.59254860,-74.08694100,0,America/New_York,,
371599,On Time Supply,405 Spook Rock Rd,Suffern,NY,10901,(845) 352-8600,41.11299920,-74.10180940,0,America/New_York,,
371554,"Koster's Wood Floor Store, LLC",2027 Teall Ave,Syracuse,NY,13206,(315) 434-9663,43.07976860,-76.12389840,0,America/New_York,,
386139,Sherwin-Williams Paint Store,2380 Erie Blvd E,Syracuse,NY,13224,(315) 446-1762,43.05292880,-76.10630740,0,America/New_York,,
371430,Dykes Lumber Company,284 NY-59,Tallman,NY,10982,(845) 357-6000,41.11163850,-74.10183700,0,America/New_York,,
272248,Loconsolo Paints,1057 Morris Park Ave,The Bronx,NY,10461,(718) 747-8699,40.84912835,-73.85446035,0,America/New_York,,
371411,Custom Millwork Supply,378 Franklin St,Tonawanda,NY,14150,(716) 693-1800,43.00606920,-78.88337985,0,America/New_York,,
371400,Colorize - Your local Benjamin Moore Store,112 N Greenbush Rd Unit D,Troy,NY,12180,(518) 203-6581,42.69010375,-73.68788060,0,America/New_York,,
272122,Kawer's Tuckahoe Paint \u0026 Glass Inc.,29 Columbus Ave,Tuckahoe,NY,10707,(914) 961-4880,40.95123863,-73.82699720,0,America/New_York,,
383693,Urbanik's Paint,1420 Oriskany St W,Utica,NY,13502,(315) 724-5129,43.11024480,-75.25192975,0,America/New_York,,
414234,Sherwin-Williams Paint Store,3800 Vestal Pkwy E,Vestal,NY,13850,(607) 797-3582,42.09576205,-75.98021335,0,America/New_York,,
428347,Stevens Paint \u0026 Blinds,253 Vestal Parkway E.,Vestal,NY,13850,(607) 444-2260,42.08818955,-76.04731955,0,America/New_York,,
272031,Aboff's Paints,352 Montauk Hwy,Wainscott,NY,11975,(631) 537-9700,40.94813365,-72.24613965,0,America/New_York,,
386158,Sherwin-Williams Paint Store,338 Montauk Hwy,Wainscott,NY,11975,(631) 537-0304,40.94921710,-72.24326520,0,America/New_York,,
199781,Ace Tool Repair Inc,2201 Wantagh Ave,Wantagh,NY,11793,(516) 783-8899,40.66661640,-73.51077410,0,America/Chicago,,
386160,Sherwin-Williams Paint Store,1847 South Rd,Wappingers Falls,NY,12590,(845) 297-1166,41.61496000,-73.91537705,0,America/New_York,,
339394,Water Mill Building Supply,1110 Montauk Hwy,Water Mill,NY,11976,(631) 726-4493,40.91837090,-72.34579625,0,America/New_York,,
272931,White's Lumber,231 N Rutland St,Watertown,NY,13601,(315) 788-6200,43.97421455,-75.89771390,0,America/New_York,,
390665,Sherwin-Williams Paint Store,191 W Main St Suite 2,Webster,NY,14580,(585) 872-8000,43.21166830,-77.43854070,0,America/New_York,,
390666,Sherwin-Williams Paint Store,125 Bolivar Rd,Wellsville,NY,14895,(585) 593-4340,42.12511675,-77.96195990,0,America/New_York,,
272033,Aboff's Paints,360 Hempstead Turnpike,West Hempstead,NY,11552,(516) 481-6464,40.70521144,-73.65164306,0,America/New_York,,
386174,Sherwin-Williams Paint Store,329 Hempstead Turnpike,West Hempstead,NY,11552,(516) 292-0170,40.70479185,-73.65133740,0,America/New_York,,
272454,Aboff's Paints,58 Riverhead Rd Suite B,Westhampton Beach,NY,11978,(631) 288-6605,40.82537300,-72.64664500,0,America/New_York,,
91191,Westhampton Hardware,223A Montauk Hwy,Westhampton Beach,NY,11978,(631) 288-1544,40.82166881,-72.64211902,1,America/Chicago,,
173574,Wallauer Hardware,30 Virginia Rd,White Plains,NY,10603,(914) 948-4000,41.05516726,-73.76871209,0,America/New_York,,
371467,The Paint Place of Williston Park,263 Hillside Ave.,Williston Park,NY,11596,(516) 746-4515,40.75443810,-73.64999555,0,America/New_York,,
371316,Allstate Paint Place,177 McLean Ave,Yonkers,NY,10705,(914) 963-0035,40.91492665,-73.88998470,0,America/New_York,,
371757,Tool Nut,247 Mahopac Ave,Yorktown Heights,NY,10598,(914) 621-0200,41.34045700,-73.76665875,0,America/New_York,,
393521,Lugbill Supply Center,1396 S Defiance St,Archbold,OH,43502,(419) 445-0815,41.50762005,-84.30515740,0,America/New_York,,
385788,Sherwin-Williams Commercial Paint Store,1502 Lear Industrial Pkwy #3,Avon,OH,44011,(440) 937-0574,41.46787385,-81.99306745,0,America/New_York,,
385798,Sherwin-Williams Paint Store,316 S Main St,Bellefontaine,OH,43311,(937) 592-0839,40.35750990,-83.76057085,0,America/New_York,,
175311,Sherwin-Williams Commercial Paint Store,2872 Center Rd,Brunswick,OH,44212,(330) 225-9729,41.23796756,-81.78931340,0,America/New_York,,
390492,Sherwin-Williams Paint Store,901 N Main St,Celina,OH,45822,(419) 586-2033,40.55870305,-84.57160320,0,America/New_York,,
422467,Cincinnati Color Company,7755 Five Mile Rd,Cincinnati,OH,45230,(513) 698-1090,39.07544420,-84.35320160,0,America/New_York,,
371588,Edward B Mueller Company,101 E Benson St,Cincinnati,OH,45215,(513) 761-6777,39.22198400,-84.43989065,0,America/New_York,,
371684,Rockler Woodworking and Hardware,333 E Kemper Rd,Cincinnati,OH,45246,(513) 671-7711,39.28729195,-84.46344170,1,America/New_York,,
385840,Sherwin-Williams Paint Store,10869 Montgomery Rd E,Cincinnati,OH,45242,(513) 247-0048,39.26105950,-84.33911695,0,America/New_York,,
390498,Sherwin-Williams Paint Store,7712 Montgomery Rd Unit A,Cincinnati,OH,45236,(513) 791-1537,39.19566185,-84.38540350,0,America/New_York,,
415316,Sherwin-Williams Paint Store,5501 Bridgetown Rd,Cincinnati,OH,45248,(513) 598-1400,39.15746500,-84.63019000,0,America/New_York,,
371794,Woodcraft of Cincinnati,11711 Princeton Pike #271,Cincinnati,OH,45246,(513) 407-8371,39.28944710,-84.46822915,0,America/New_York,,
371625,Panel Town \u0026 Floors,1063 Dublin Rd,Columbus,OH,43215,(614) 488-0334,39.97207645,-83.04398445,0,America/New_York,,
385846,Sherwin-Williams Paint Store,4788 W Broad St,Columbus,OH,43228,(614) 878-1017,39.95373495,-83.12980170,0,America/New_York,,
371797,Woodcraft of Columbus,1077 Bethel Rd,Columbus,OH,43220,(614) 273-0488,40.06292520,-83.04809200,0,America/New_York,,
390511,Sherwin-Williams Paint Store,70 Walnut St,Dayton,OH,45402,(937) 223-8284,39.75787210,-84.18129030,0,America/New_York,,
371799,Woodcraft of Dayton,175E E Alex Bell Rd,Dayton,OH,45459,(937) 438-1282,39.64451185,-84.15315115,0,America/New_York,,
371451,"Flagg, A Wilsonart Company",9195 Seward Rd,Fairfield,OH,45014,(800) 736-3524,39.33138940,-84.49314705,0,America/New_York,,
385885,Sherwin-Williams Paint Store,1122 Oak Harbor Rd,Fremont,OH,43420,(419) 355-9311,41.35932535,-83.13841170,0,America/New_York,,
390537,Sherwin-Williams Paint Store,1241 N Hamilton Rd,Gahanna,OH,43230,(614) 472-2520,40.05069490,-82.86473720,0,America/New_York,,
390544,Sherwin-Williams Paint Store,2043 Stringtown Rd,Grove City,OH,43123,(614) 875-7249,39.87756785,-83.05769975,0,America/New_York,,
385907,Sherwin-Williams Paint Store,6570 Walden Ponds Cir,Hamilton,OH,45011,(513) 737-1109,39.39177195,-84.51697210,0,America/New_York,,
390546,Sherwin-Williams Paint Store,758 NW Washington Blvd,Hamilton,OH,45013,(513) 894-8345,39.42868900,-84.59495770,0,America/New_York,,
68902,Hartville Hardware,1315 Edison St NW,Hartville,OH,44632,(330) 877-3631,40.97251671,-81.36285133,1,America/Detroit,,
506052,Sherwin-Williams Paint Store,1472 N High St #500,Hillsboro,OH,45133,(937) 393-3418,39.22946250,-83.60931740,0,America/New_York,,
371634,"Power Tool Sales \u0026 Service, Inc.",6713 Angola Rd,Holland,OH,43528,(419) 868-8665,41.62429835,-83.70163145,0,America/New_York,,
385920,Sherwin-Williams Paint Store,6843 Airport Hwy,Holland,OH,43528,(419) 867-0137,41.61134870,-83.70494535,0,America/New_York,,
385944,Sherwin-Williams Paint Store,901 E Columbus St,Kenton,OH,43326,(419) 674-4322,40.65170500,-83.59488985,0,America/New_York,,
390565,Sherwin-Williams Paint Store,14711 Madison Ave,Lakewood,OH,44107,(216) 221-2313,41.47705590,-81.80010080,0,America/New_York,,
390566,Sherwin-Williams Paint Store,1850 N Memorial Dr,Lancaster,OH,43130,(740) 653-4821,39.73291125,-82.61948555,0,America/New_York,,
385968,Sherwin-Williams Paint Store,1297 Cameron Ave,Lewis Center,OH,43035,(614) 880-0505,40.15240855,-82.99908200,0,America/New_York,,
385971,Sherwin-Williams Paint Store,572 W Market St,Lima,OH,45801,(419) 222-7045,40.74021875,-84.11292970,0,America/New_York,,
390580,Sherwin-Williams Paint Store,761 Beta Dr Ste L,Mayfield,OH,44143,(440) 461-3310,41.54147105,-81.44349105,0,America/New_York,,
339873,PaintCLE Benjamin Moore,3833 Pearl Rd,Medina,OH,44256,(330) 721-0005,41.17038465,-81.85995000,0,America/New_York,,
390584,Sherwin-Williams Paint Store,855 N Court St,Medina,OH,44256,(330) 725-5771,41.14998460,-81.86489585,0,America/New_York,,
385997,Sherwin-Williams Paint Store,2758 Lyons Rd,Miamisburg,OH,45342,(937) 433-0514,39.62764665,-84.22265880,0,America/New_York,,
213006,Hartville Hardware \u0026 Lumber - Middlefield,15260 Kinsman Rd,Middlefield,OH,44062,(440) 632-1192,41.46413925,-81.09699175,1,America/Chicago,,
89781,Keim Lumber Company,4465 OH-557,Millersburg,OH,44654,(330) 893-2251,40.50766664,-81.78493134,1,America/Chicago,,
371788,Woodcraft of Cleveland,23226 Broadway Ave,Oakwood,OH,44146,(440) 232-7979,41.36660380,-81.51343025,0,America/New_York,,
339872,PaintCLE Benjamin Moore,20065 Chagrin Blvd,Shaker Heights,OH,44122,(216) 478-9008,41.46492885,-81.53889630,0,America/New_York,,
390646,Sherwin-Williams Paint Store,3143 E Kemper Rd,Sharonville,OH,45241,(513) 771-8572,39.28305210,-84.41801025,0,America/New_York,,
371395,"Cleveland Tool \u0026 Cutter, INC.",14181 Foltz Industrial Pkwy,Strongsville,OH,44149,(440) 238-5770,41.31146920,-81.87049905,0,America/New_York,,
272939,Byrne Paint Company,214 Oliver St,Toledo,OH,43604,(419) 244-4163,41.64286890,-83.54196460,0,America/New_York,,
371557,Lanham Hardwood Flooring Distributor,6354 Gano Rd,West Chester Township,OH,45069,(513) 779-0123,39.30282225,-84.41703670,0,America/New_York,,
386180,Sherwin-Williams Paint Store,27331 Detroit Rd,Westlake,OH,44145,(440) 808-9455,41.46633575,-81.92323835,0,America/New_York,,
334669,PaintCLE Benjamin Moore,2747 SOM Ctr Rd,Willoughby Hills,OH,44094,(216) 415-6454,41.58733790,-81.43926785,0,America/New_York,,
385867,Sherwin-Williams Paint Store,1141 N Kelly Ave,Edmond,OK,73003,(405) 348-2933,35.66615960,-97.49679870,0,America/Chicago,,
319185,WHITTON SUPPLY CO.,1419 W. RENO,OKLAHOMA CITY,OK,73106,(405) 236-5561,35.46475805,-97.53832795,0,America/Chicago,,
371629,"Plunkett Distributing, Inc",4027 Will Rogers Pkwy,Oklahoma City,OK,73108,(405) 768-2024,35.45226725,-97.59025755,0,America/Chicago,,
371697,Rockler Woodworking and Hardware,"4901 N. May Avenue, Suite 200",Oklahoma City,OK,73112,(405) 639-3111,35.52084300,-97.56623700,1,America/Chicago,,
390607,Sherwin-Williams Paint Store,14330 N Pennsylvania Ave,Oklahoma City,OK,73134,(405) 751-3500,35.61613655,-97.54891010,0,America/Chicago,,
371827,Woodcraft of Oklahoma City,9301 N May Ave,Oklahoma City,OK,73120,(405) 748-8844,35.56484685,-97.56845795,0,America/Chicago,,
371850,Woodcraft of Tulsa,6341 E 41st St,Tulsa,OK,74135,(918) 384-0100,36.10476655,-95.90626980,0,America/Chicago,,
273116,Miller Paint,1350 Pacific Blvd SE,Albany,OR,97322,(541) 791-1851,44.63340690,-123.08751525,0,America/Los_Angeles,,
273118,Miller Paint,2205 Ashland St Suite 101,Ashland,OR,97520,(541) 482-4002,42.18578020,-122.67436220,0,America/Los_Angeles,,
273089,Dick's Color Center,7800 SW Beaverton Hwy,Beaverton,OR,97225,(503) 473-8444,45.49328260,-122.74251415,0,America/Los_Angeles,,
371676,Rockler Woodworking and Hardware,11773 SW Beaverton Hillsdale Hwy,Beaverton,OR,97005,(503) 672-7266,45.48773540,-122.79791355,1,America/Los_Angeles,,
390478,Sherwin-Williams Paint Store,12480 SW Center St,Beaverton,OR,97005,(503) 643-4139,45.49343385,-122.80533395,0,America/Los_Angeles,,
273122,Miller Paint,2121 NE Division St,Bend,OR,97701,(541) 382-4171,44.07112740,-121.30633445,0,America/Los_Angeles,,
428334,Sherwin-Williams Paint Store,2620 NE Hwy 20 Ste 230,Bend,OR,97701,(541) 678-6774,44.05573690,-121.26630345,0,America/Los_Angeles,,
273121,Miller Paint,1405 NW 9th St,Corvallis,OR,97330,(541) 758-4458,44.57989145,-123.25918665,0,America/Los_Angeles,,
428335,Sherwin-Williams Paint Store,2495 NW 9th St,Corvallis,OR,97330,(541) 757-1619,44.59253760,-123.25224285,0,America/Los_Angeles,,
292292,Jerry's Home Improvement Center,90015 Prairie Rd,Eugene,OR,97402,(541) 953-2525,44.09739722,-123.16988202,0,America/Los_Angeles,,
273126,Miller Paint,3520 W 11th Ave,Eugene,OR,97402,(541) 431-4444,44.04768540,-123.14389770,0,America/Los_Angeles,,
390527,Sherwin-Williams Paint Store,1054 Green Acres Rd,Eugene,OR,97408,(541) 485-7080,44.09221795,-123.09366795,0,America/Los_Angeles,,
371766,Tree Products Hardwoods LP,150 Seneca Rd,Eugene,OR,97402,(541) 689-8515,44.05812995,-123.14165685,0,America/Los_Angeles,,
385890,Sherwin-Williams Paint Store,3527 US-101,Gearhart,OR,97138,(503) 738-6751,46.02563490,-123.91136470,0,America/Los_Angeles,,
273093,Drake’s Paint \u0026 Supply,1535 NE F St,Grants Pass,OR,97526,(541) 507-9700,42.43536760,-123.31005360,0,America/Los_Angeles,,
68560,Farmers Building \u0026 Feed Supply,1741 Dowell Rd,Grants Pass,OR,97527,(541) 476-0851,42.41933695,-123.36609202,0,America/Boise,,
273131,Miller Paint,1831 E Powell Blvd,Gresham,OR,97080,(503) 666-9018,45.49746245,-122.41259925,0,America/Los_Angeles,,
385903,Sherwin-Williams Paint Store,2332 E Powell Blvd,Gresham,OR,97080,(503) 666-3891,45.49387740,-122.40917800,0,America/Los_Angeles,,
428337,Sherwin-Williams Paint Store,348 SE 10th Ave,Hillsboro,OR,97123,(503) 640-2772,45.51914185,-122.97357485,0,America/Los_Angeles,,
273151,Page Paint Co,1402 12th St,Hood River,OR,97031,(541) 387-2468,45.70007775,-121.52389765,0,America/Los_Angeles,,
385948,Sherwin-Williams Paint Store,4525 S 6th St,Klamath Falls,OR,97603,(541) 884-7704,42.20683650,-121.73300695,0,America/Los_Angeles,,
273088,Dick's Color Center,17364 Lower Boones Ferry Rd,Lake Oswego,OR,97035,(503) 305-8703,45.40003455,-122.73639055,0,America/Los_Angeles,,
273094,Drake's Paint \u0026 Supply,2929 N Pacific Hwy,Medford,OR,97501,(541) 773-3335,42.35056665,-122.89616340,0,America/Los_Angeles,,
371445,Fasteners Inc Tool Outlet,2160 N Pacific Hwy,Medford,OR,97501,(541) 772-0144,42.34734775,-122.88546405,0,America/Los_Angeles,,
385991,Sherwin-Williams Paint Store,2560 Crater Lake Hwy Ste A,Medford,OR,97504,(541) 770-5850,42.35486015,-122.86777210,0,America/Los_Angeles,,
68469,Charles H Day Co,11405 SE 37th Ave,Milwaukie,OR,97222,(503) 232-1659,45.44067445,-122.62482009,0,America/Boise,,
273087,Dick's Color Center,15340 SE McLoughlin Blvd,Milwaukie,OR,97267,(503) 654-1600,45.41210505,-122.62825135,0,America/Los_Angeles,,
439235,Sherwin-Williams Paint Store,18090 SE McLoughlin Blvd,Milwaukie,OR,97267,(503) 659-2091,45.39233995,-122.61285120,0,America/Los_Angeles,,
390598,Sherwin-Williams Paint Store,121 NE Harney St D,Newport,OR,97365,(541) 574-0774,44.63706625,-124.04318325,0,America/Los_Angeles,,
371334,Barbo Machinery \u0026 Supply LLC,14811 NE Airport Way #400,Portland,OR,97230,(503) 232-8158,45.56010075,-122.50924380,0,America/Los_Angeles,,
371407,Crosscut Hardwoods,3065 NW Front Ave,Portland,OR,97210,(503) 224-9663,45.53936230,-122.69139725,0,America/Los_Angeles,,
273090,Dick's Color Center,909 SE Salmon St,Portland,OR,97214,(503) 236-6919,45.51461525,-122.65633400,0,America/Los_Angeles,,
273129,Miller Paint,317 SE Grand Ave,Portland,OR,97214,(503) 233-4491,45.52051175,-122.66137440,0,America/Los_Angeles,,
273136,Miller Paint,1040 NW Murray Rd,Portland,OR,97229,(503) 574-4411,45.52700625,-122.81330025,0,America/Los_Angeles,,
60764,Pearl ACE Hardware,1621 NW Glisan St,Portland,OR,97209,(503) 228-5135,45.52682746,-122.68774201,0,America/Boise,,
273162,Rodda Paint Co. - Clackamas,10309 SE 82nd Ave,Portland,OR,97086,(503) 788-0797,45.44867715,-122.57965300,0,America/Los_Angeles,,
386065,Sherwin-Williams Paint Store,30 NE Broadway,Portland,OR,97232,(503) 288-6477,45.53481250,-122.66602135,0,America/Los_Angeles,,
428343,Sherwin-Williams Paint Store,13555 NW Cornell Rd,Portland,OR,97229,(503) 646-7064,45.52823675,-122.81523425,0,America/Los_Angeles,,
371855,Woodcrafters,212 NE 6th Ave,Portland,OR,97232,(503) 231-0226,45.52458925,-122.65921535,0,America/Los_Angeles,,
428344,Sherwin-Williams Paint Store,1805 Lancaster Dr NE,Salem,OR,97305,(503) 399-0911,44.95149455,-122.98470005,0,America/Los_Angeles,,
273188,Tommy's Paint Pot,980 Lancaster Dr NE,Salem,OR,97301,(503) 371-7027,44.94322571,-122.98104271,0,America/Los_Angeles,,
371347,Bits \u0026 Bits Company,6129 Aviation Way,Silverton,OR,97381,(503) 873-3112,45.01325080,-122.80517760,0,America/Los_Angeles,,
105415,Jerry's Home Improvement Center,2525 Olympic St,Springfield,OR,97477,(541) 736-7000,44.05753400,-122.99101220,0,America/Chicago,,
386128,Sherwin-Williams Paint Store,1520 18th St,Springfield,OR,97477,(541) 747-8592,44.05756880,-122.99840235,0,America/Los_Angeles,,
385763,Dick's Color Center - Tigard,14285 SW Pacific Highway,Tigard,OR,97224,(971) 438-3888,45.41691145,-122.79044040,0,America/Los_Angeles,,
439237,Sherwin-Williams Paint Store,1530 N Pacific Hwy #170,Woodburn,OR,97071,(503) 982-4179,45.15029625,-122.83149650,0,America/Los_Angeles,,
390466,Sherwin-Williams Paint Store,4690 Broadway,Allentown,PA,18104,(610) 395-5632,40.58801710,-75.55833480,0,America/New_York,,
371825,Woodcraft of Allentown,1543 Lehigh St,Allentown,PA,18103,(610) 351-2966,40.57927670,-75.47891740,0,America/New_York,,
175126,Sherwin-Williams Paint Store,3415 Pleasant Valley Blvd #64,Altoona,PA,16602,(814) 943-6161,40.48286633,-78.39861284,0,America/New_York,,
385794,Sherwin-Williams Paint Store,1706 7th Ave,Beaver Falls,PA,15010,(724) 843-5480,40.75821720,-80.31893340,0,America/New_York,,
385800,Sherwin-Williams Paint Store,2866 Street Rd,Bensalem,PA,19020,(215) 639-7575,40.11199570,-74.95500405,0,America/New_York,,
385807,Sherwin-Williams Paint Store,1524 Dekalb Pike Ste A,Blue Bell,PA,19422,(610) 278-6880,40.15395195,-75.30245155,0,America/New_York,,
390488,Sherwin-Williams Paint Store,1096 Washington Pike,Bridgeville,PA,15017,(412) 221-0200,40.36616300,-80.10616145,0,America/New_York,,
371790,Woodcraft of Pittsburgh,102 Four Coins Dr #3,Canonsburg,PA,15317,(724) 916-4403,40.25780575,-80.18196700,0,America/New_York,,
175134,Sherwin-Williams Paint Store,79 Dutilh Rd,Cranberry Twp,PA,16066,(724) 776-0712,40.68596666,-80.10011312,0,America/New_York,,
371801,Woodcraft of Downingtown,417 Boot Rd,Downingtown,PA,19335,(610) 873-5660,40.00298330,-75.68948625,0,America/New_York,,
390515,Sherwin-Williams Paint Store,826 N Easton Rd Ste 2,Doylestown,PA,18902,(215) 345-6486,40.33348240,-75.13028525,0,America/New_York,,
371403,Conestoga Woodworking Supply,1564 Main St #108,East Earl,PA,17519,(717) 445-4669,40.12364120,-76.00415575,0,America/New_York,,
371427,Dykes Lumber Company,15 S 6th St,Easton,PA,18042,(610) 250-0600,40.69045010,-75.21465175,0,America/New_York,,
274073,Gleco Paints and Wall Coverings,924 S 25th St,Easton,PA,18042,(610) 253-5300,40.67685585,-75.24613200,0,America/New_York,,
385870,Sherwin-Williams Paint Store,1621 S Market St,Elizabethtown,PA,17022,(717) 367-1024,40.13902150,-76.58384480,0,America/New_York,,
371750,The Hardwood Mall,537 Squaw Valley Rd,Emlenton,PA,16373,(724) 867-2243,41.17270905,-79.70860039,0,America/New_York,,
371555,Kraft Lumber Inc,1707 Peninsula Dr,Erie,PA,16505,(814) 885-4088,42.09529460,-80.14176515,0,America/New_York,,
390526,Sherwin-Williams Paint Store,1815 Peach St,Erie,PA,16501,(814) 453-4916,42.11767325,-80.07851530,0,America/New_York,,
385895,Sherwin-Williams Paint Store,105 Newberry Pkwy suite a,Etters,PA,17319,(717) 212-7150,40.14660105,-76.81362535,0,America/New_York,,
385873,Sherwin-Williams Paint Store,343 Lincoln Hwy E,Exton,PA,19341,(610) 363-8930,40.02924720,-75.62080915,0,America/New_York,,
390536,Sherwin-Williams Paint Store,729 Bethlehem Pike,Flourtown,PA,19031,(215) 233-0360,40.11416835,-75.21490660,0,America/New_York,,
371720,Saw Sales \u0026 Machinery Company,5160 N Pioneer Rd,Gibsonia,PA,15044,(724) 443-3200,40.61333825,-79.94850790,0,America/New_York,,
385909,Sherwin-Williams Paint Store,280 Main St #108-A,Harleysville,PA,19438,(215) 256-4612,40.27954760,-75.38712060,0,America/New_York,,
371778,Willow House Paints,492 Main St,Harleysville,PA,19438,(215) 256-4774,40.27912195,-75.38755385,0,America/New_York,,
385910,Sherwin-Williams Paint Store,4200 Derry St,Harrisburg,PA,17111,(717) 564-0653,40.26086970,-76.81109030,0,America/New_York,,
371824,Woodcraft of Harrisburg,3831 Union Deposit Rd,Harrisburg,PA,17109,(717) 409-8173,40.27559830,-76.82657240,0,America/New_York,,
390549,Sherwin-Williams Paint Store,1039 W County Line Rd,Hatboro,PA,19040,(215) 675-7445,40.20118235,-75.12081430,0,America/New_York,,
385914,Sherwin-Williams Paint Store,3177 E State St,Hermitage,PA,16148,(724) 347-5573,41.23382990,-80.45123525,0,America/New_York,,
400719,WTB Woodworking LLC,390 Pike Road Units 1 \u0026 2,Huntingdon Valley,PA,19006,(215) 768-1117,40.14594565,-75.02350575,0,America/New_York,,
385938,Sherwin-Williams Paint Store,1226 Scalp Ave,Johnstown,PA,15904,(814) 266-6042,40.27814270,-78.86234685,0,America/New_York,,
385943,Sherwin-Williams Paint Store,747 W Cypress St Ste 1,Kennett Square,PA,19348,(610) 444-4041,39.84359375,-75.72978345,0,America/New_York,,
371392,City Floor Supply,555 E Church Rd Suite B,King of Prussia,PA,19406,(610) 940-5757,40.09252965,-75.33768250,0,America/New_York,,
390562,Sherwin-Williams Paint Store,541 Germantown Pike,Lafayette Hill,PA,19444,(610) 828-5747,40.08650165,-75.25137930,0,America/New_York,,
274077,Grauer's Paint \u0026 Decorating,1941 E Lincoln Hwy,Lancaster,PA,17602,(717) 394-0558,40.03371410,-76.24643945,0,America/New_York,,
385958,Sherwin-Williams Paint Store,1186 Dillerville Rd,Lancaster,PA,17601,(717) 299-4351,40.06206165,-76.31786110,0,America/New_York,,
385959,Sherwin-Williams Paint Store,1602 Lincoln Hwy E,Lancaster,PA,17602,(717) 209-7062,40.03702395,-76.27143515,0,America/New_York,,
385960,Sherwin-Williams Paint Store,1875 Columbia Ave,Lancaster,PA,17603,(717) 394-0571,40.03909535,-76.35628290,0,America/New_York,,
385962,Sherwin-Williams Paint Store,1644 N Broad St,Lansdale,PA,19446,(215) 855-8238,40.25687835,-75.26857125,0,America/New_York,,
385966,Sherwin-Williams Paint Store,1080 W Crestview Dr,Lebanon,PA,17042,(717) 274-2589,40.31816270,-76.42522275,0,America/New_York,,
371523,Industrial Plywood,85 W Charles St,Lewistown,PA,17044,(717) 242-9663,40.59137800,-77.57191175,0,America/New_York,,
191030,PaulB Hardware,50 Wood Corner Rd,Lititz,PA,17543,(717) 738-7350,40.20448740,-76.22111510,0,America/Chicago,,
385975,Sherwin-Williams Paint Store,3071 Leechburg Rd,Lower Burrell,PA,15068,(724) 339-7766,40.58724980,-79.71649930,0,America/New_York,,
287049,Wehrung's Macungie,3580 Brookside Rd,Macungie,PA,18062,(610) 966-5555,40.52007460,-75.54814010,0,America/New_York,,
315822,Paul B Hardware,121 Gettysburg,Mechanicsburg,PA,17055,(717) 516-6699,40.21593900,-76.99827000,0,America/New_York,,
385994,Sherwin-Williams Paint Store,1163 W Baltimore Pike Ste 1,Media,PA,19063,(610) 627-2200,39.91348610,-75.43713620,0,America/New_York,,
339381,Your Building Center,635 S Front St,Milton,PA,17847,(570) 742-9681,41.01140497,-76.85407566,0,America/New_York,,
274072,Gleco Paints and Wall Coverings,3055 PA-940,Mt Pocono,PA,18344,(570) 839-2840,41.12015895,-75.37856935,0,America/New_York,,
390599,Sherwin-Williams Paint Store,2050 S Eagle Rd,Newtown,PA,18940,(215) 579-2946,40.22993705,-74.94158620,0,America/New_York,,
386019,Sherwin-Williams Paint Store,3559 West Chester Pike,Newtown Square,PA,19073,(610) 353-0440,39.98690470,-75.39798380,0,America/New_York,,
386022,Sherwin-Williams Paint Store,8712 Norwin Ave Ste 1,North Huntingdon,PA,15642,(724) 863-7969,40.31887545,-79.69196205,0,America/New_York,,
371575,Maxwell Products Corporation.,425 Industrial Dr,North Wales,PA,19454,(215) 699-2224,40.21791895,-75.28093990,0,America/New_York,,
91169,Wehrung's Lumber \u0026 Home Center,7711 Easton Rd,Ottsville,PA,18942,(610) 847-2066,40.46803663,-75.15931231,0,America/Chicago,,
386042,Sherwin-Williams Paint Store,2447 Nazareth Rd,Palmer Township,PA,18045,(610) 253-6237,40.68971605,-75.25276565,0,America/New_York,,
390612,Sherwin-Williams Paint Store,8 Paoli Shopping Center,Paoli,PA,19301,(610) 644-1420,40.04113135,-75.47811775,0,America/New_York,,
371397,Benjamin Moore Paints,210 W Girard Ave,Philadelphia,PA,19123,(215) 625-8300,39.96936045,-75.14021910,0,America/New_York,,
386052,Sherwin-Williams Paint Store,10775 Bustleton Ave,Philadelphia,PA,19116,(215) 677-3640,40.10925370,-75.02479585,0,America/New_York,,
386053,Sherwin-Williams Paint Store,6814 Rising Sun Ave,Philadelphia,PA,19111,(215) 742-1548,40.05519630,-75.09084710,0,America/New_York,,
386054,Sherwin-Williams Paint Store,7327 Castor Ave,Philadelphia,PA,19152,(215) 725-9880,40.05267700,-75.06422120,0,America/New_York,,
390618,Sherwin-Williams Paint Store,1001 Washington Ave,Philadelphia,PA,19147,(215) 389-4801,39.93725390,-75.16016520,0,America/New_York,,
390619,Sherwin-Williams Paint Store,1010 Nutt Rd ROUTE23,Phoenixville,PA,19460,(610) 933-1131,40.13438710,-75.53946965,0,America/New_York,,
371584,Meyers Company,435 Davidson Rd,Pittsburgh,PA,15239,(412) 793-9100,40.47063185,-79.76583055,0,America/New_York,,
400714,Pittsburgh Spray Equipment Co,3601 Library Rd,Pittsburgh,PA,15234,(866) 979-5110,40.36522745,-80.01706565,0,America/New_York,,
371702,Rockler Woodworking and Hardware,Suite 006B 2000 Park Manor Blvd,Pittsburgh,PA,15205,(412) 364-7751,40.45392605,-80.16980290,1,America/New_York,,
386057,Sherwin-Williams Paint Store,1900 Greentree Rd,Pittsburgh,PA,15220,(412) 531-2706,40.39588780,-80.06738660,0,America/New_York,,
390620,Sherwin-Williams Paint Store,3603 Library Rd,Pittsburgh,PA,15234,(412) 885-1050,40.36492495,-80.01764370,0,America/New_York,,
390621,Sherwin-Williams Paint Store,5434 Centre Ave,Pittsburgh,PA,15232,(412) 687-0399,40.45593245,-79.93673850,0,America/New_York,,
390622,Sherwin-Williams Paint Store,1100 Western Ave,Pittsburgh,PA,15233,(412) 322-2923,40.45162155,-80.02051700,0,America/New_York,,
371733,SK Industrial Corporation,2320 Trumbauersville Rd,Quakertown,PA,18951,(215) 278-6858,40.41913802,-75.38551857,0,America/New_York,,
386070,Sherwin-Williams Paint Store,47 S West End Blvd,Quakertown,PA,18951,(215) 536-4000,40.44280025,-75.35716690,0,America/New_York,,
371524,Industrial Plywood,550 S 5th St,Reading,PA,19602,(610) 376-3343,40.32636790,-75.92876840,0,America/New_York,,
390631,Sherwin-Williams Paint Store,3280 N 5th Street Hwy,Reading,PA,19605,(610) 929-2974,40.37648966,-75.92800132,0,America/New_York,,
386104,Sherwin-Williams Paint Store,377 Center Ave,Schuylkill Haven,PA,17972,(570) 385-5720,40.63724880,-76.17951905,0,America/New_York,,
274074,Gleco Paints and Wall Coverings,417 N 6th Ave,Scranton,PA,18503,(570) 342-7800,41.41257650,-75.67079300,0,America/New_York,,
390643,Sherwin-Williams Paint Store,811 S Washington Ave,Scranton,PA,18505,(570) 342-9276,41.39993260,-75.67217575,0,America/New_York,,
386115,Sherwin-Williams Paint Store,4631 Penn Ave Ste 103,Sinking Spring,PA,19608,(610) 670-1462,40.32693745,-76.03782250,0,America/New_York,,
386090,Sherwin-Williams Paint Store,1144 Northern Blvd,South Abington Township,PA,18411,(570) 586-5666,41.48741195,-75.69671420,0,America/New_York,,
386125,Sherwin-Williams Paint Store,1121 N Bethlehem Pike Ste 10,Spring House,PA,19477,(215) 646-8840,40.19031170,-75.22678120,0,America/New_York,,
386129,Sherwin-Williams Paint Store,326 Baltimore Pike,Springfield,PA,19064,(610) 328-6161,39.92221925,-75.32009930,0,America/New_York,,
390653,Sherwin-Williams Paint Store,1638 N Atherton St,State College,PA,16803,(814) 238-3090,40.80689135,-77.89392840,0,America/New_York,,
371864,Your Building Center,1120 E College Ave,State College,PA,16801,(814) 238-4971,40.80679535,-77.83706675,0,America/New_York,,
390656,Sherwin-Williams Paint Store,205 Applegate Rd Ste 102,Stroudsburg,PA,18360,(570) 424-9263,40.99374690,-75.24913125,0,America/New_York,,
386137,Sherwin-Williams Paint Store,1181 N 4th St,Sunbury,PA,17801,(570) 286-6445,40.87510130,-76.78414125,0,America/New_York,,
385843,Sherwin-Williams Paint Store,430 W Main St Ste 4,Trappe,PA,19426,(610) 454-7881,40.19818075,-75.47642740,0,America/New_York,,
386171,Sherwin-Williams Paint Store,12 W Anthony Wayne Dr,Wayne,PA,19087,(610) 687-3870,40.07250945,-75.43888655,0,America/New_York,,
386173,Sherwin-Williams Paint Store,1003 West Chester Pike,West Chester,PA,19382,(610) 430-3422,39.96830350,-75.57931235,0,America/New_York,,
274076,Grauer's Paint \u0026 Decorating,3315 Penn Ave,West Lawn,PA,19609,(484) 987-2870,40.32600800,-76.00661150,0,America/New_York,,
386182,Sherwin-Williams Paint Store,2241 MacArthur Rd Unit 1,Whitehall,PA,18052,(610) 433-3700,40.63907605,-75.48870095,0,America/New_York,,
371493,Hermance Machine Company,178 Campbell St,Williamsport,PA,17701,(570) 326-9156,41.23580670,-77.01645370,0,America/New_York,,
371413,Derr Flooring Co,525 Davisville Rd,Willow Grove,PA,19090,(215) 657-6300,40.14840350,-75.10825385,0,America/New_York,,
390671,Sherwin-Williams Paint Store,15 E Moreland Rd,Willow Grove,PA,19090,(215) 659-1758,40.14108215,-75.11598075,0,America/New_York,,
386194,Sherwin-Williams Paint Store,2159 White St Ste 25,York,PA,17404,(717) 843-8844,39.96334035,-76.77143935,0,America/New_York,,
371327,Arnold Lumber Company,545 Metacom Ave,Bristol,RI,02809,(401) 253-7322,41.69104080,-71.26436785,0,America/New_York,,
371531,Jamestown Distributors LLC,17 Peckham Dr,Bristol,RI,02809,(401) 396-5130,41.70040620,-71.27290390,0,America/New_York,,
371592,"Mount Hope Paint \u0026 Decorating, LLC",585 Metacom Ave,Bristol,RI,02809,(401) 253-9777,41.69297350,-71.26371620,0,America/New_York,,
371748,The Color House Cranston,1107 Reservoir Ave,Cranston,RI,02910,(401) 943-1155,41.77146665,-71.45363805,0,America/New_York,,
371578,"McEllin Co., Inc.",45 Industrial Rd Unit 209,Cumberland,RI,02864,(401) 333-1807,41.95259330,-71.39612285,0,America/New_York,,
390556,Sherwin-Williams Paint Store,1386 Atwood Ave Unit 7,Johnston,RI,02919,(401) 270-9030,41.81533955,-71.49746940,0,America/New_York,,
371336,Beach Paint,750 Aquidneck Ave,Middletown,RI,02842,(401) 624-8800,41.50848285,-71.28310180,0,America/New_York,,
390586,Sherwin-Williams Paint Store,884 W Main Rd,Middletown,RI,02842,(401) 846-2921,41.52718265,-71.29850890,0,America/New_York,,
274473,The Color House Middletown,679 W Main Rd,Middletown,RI,02842,(401) 849-3500,41.52116435,-71.29870465,0,America/New_York,,
292695,Jerry's Paint and Hardware,116 Point Judith Rd,Narragansett,RI,02882,(401) 783-4666,41.42686860,-71.48052740,0,America/New_York,,
386011,Sherwin-Williams Paint Store,14 Woodruff Ave Ste 8,Narragansett,RI,02882,(401) 789-2233,41.43061145,-71.48265255,0,America/New_York,,
371661,Riverhead Building Supply,6000 Post Rd,North Kingstown,RI,02852,(401) 541-7400,41.63287870,-71.46620755,0,America/New_York,,
274472,The Color House North Kingstown,8190 Post Rd,North Kingstown,RI,02852,(401) 294-6100,41.57523200,-71.46071750,0,America/New_York,,
386023,Sherwin-Williams Paint Store,1873 Mineral Spring Ave,North Providence,RI,02904,(401) 353-4800,41.86100255,-71.46597330,0,America/New_York,,
371527,"JD Lacourse \u0026 Son, Inc.",260 Middle St,Pawtucket,RI,02860,(401) 725-2920,41.88921075,-71.37970980,0,America/New_York,,
386047,Sherwin-Williams Paint Store,285 Newport Ave,Pawtucket,RI,02861,(401) 723-1633,41.86563060,-71.35389950,0,America/New_York,,
272475,Adler's Design Center \u0026 Hardware,173 Wickenden St,Providence,RI,02903,(401) 421-5157,41.81910555,-71.39979610,0,America/New_York,,
386069,Sherwin-Williams Paint Store,509 N Main St,Providence,RI,02904,(401) 331-1790,41.83667990,-71.40822070,0,America/New_York,,
386116,Sherwin-Williams Paint Store,400 Putnam Pike,Smithfield,RI,02917,(401) 231-4670,41.86955850,-71.52916355,0,America/New_York,,
274475,The Color House Smithfield,445 Putnam Pike Unit #9,Smithfield,RI,02917,(401) 424-5700,41.87044161,-71.52955160,0,America/New_York,,
371366,Burns Power Tools \u0026 Sharpening,590 Fish Rd Building #2,Tiverton,RI,02878,(508) 675-0381,41.65293065,-71.18265260,0,America/New_York,,
371329,Arnold Lumber Company,297 Main St,Wakefield,RI,02879,(401) 783-3311,41.43939180,-71.49856500,0,America/New_York,,
274476,The Color House Wakefield,603 Kingstown Rd,Wakefield,RI,02879,(401) 515-2044,41.44070715,-71.48716810,0,America/New_York,,
386163,Sherwin-Williams Paint Store,77 Walnut St,Warwick,RI,02888,(401) 781-6615,41.74977070,-71.43652455,0,America/New_York,,
386164,Sherwin-Williams Paint Store,80 Lambert Lind Hwy Ste 6,Warwick,RI,02886,(401) 738-9113,41.72984355,-71.47612010,0,America/New_York,,
274356,TRIBORO PAINT CENTER,615 Greenwich Ave,Warwick,RI,02886,(401) 326-9600,41.71847790,-71.46470090,0,America/New_York,,
371328,Arnold Lumber Company,124 Oak St,Westerly,RI,02891,(401) 596-2806,41.38411330,-71.81083160,0,America/New_York,,
386179,Sherwin-Williams Paint Store,116 Granite St Ste 4 # Q,Westerly,RI,02891,(401) 596-2110,41.37159105,-71.81897390,0,America/New_York,,
273954,"WESTERLY PAINTS, INC.",85 Franklin St,Westerly,RI,02891,(401) 596-8333,41.36212295,-71.81387535,0,America/New_York,,
390481,Sherwin-Williams Commercial Paint Store,138 Bluffton Rd,Bluffton,SC,29910,(843) 815-4056,32.24528510,-80.85841660,0,America/New_York,,
385809,Sherwin-Williams Paint Store,3109 Boiling Springs Rd,Boiling Springs,SC,29316,(864) 814-3008,35.03936865,-81.97541620,0,America/New_York,,
476955,Sherwin-Williams Paint Store,472 Meeting St Ste F,Charleston,SC,29403,(843) 853-6725,32.79525600,-79.93962095,0,America/New_York,,
431762,Southern Lumber \u0026 Millwork Corp.,2031 King St Ext,Charleston,SC,29405,(843) 744-6281,32.83341965,-79.95594865,0,America/New_York,,
390500,Sherwin-Williams Commercial Paint Store,2529 Forest Dr,Columbia,SC,29204,(803) 256-3427,34.01406610,-81.00979710,0,America/New_York,,
385844,Sherwin-Williams Paint Store,10080 Farrow Rd,Columbia,SC,29203,(803) 754-1976,34.14940070,-80.95268600,0,America/New_York,,
385848,Sherwin-Williams Paint Store,1229 16th Ave,Conway,SC,29526,(843) 248-5779,33.84610825,-79.06155520,0,America/New_York,,
385864,Sherwin-Williams Paint Store,6128 Calhoun Memorial Hwy,Easley,SC,29640,(864) 859-5535,34.82378370,-82.57976420,0,America/New_York,,
385880,Sherwin-Williams Paint Store,1724 Pleasant Rd,Fort Mill,SC,29708,(803) 802-6762,35.03353670,-80.96876865,0,America/New_York,,
371690,Rockler Woodworking and Hardware,"1117 Woodruff Road, Suite B",Greenville,SC,29607,(877) 762-5537,34.83327070,-82.30222920,1,America/New_York,,
168270,Sherwin-Williams Paint Store,306 Wade Hampton Blvd A,Greenville,SC,29609,(864) 232-5608,34.86356707,-82.38356420,0,America/New_York,,
371756,Tool Shed Inc,901 Poinsett Hwy,Greenville,SC,29609,(864) 233-6185,34.87891285,-82.40510770,0,America/New_York,,
371805,Woodcraft of Greenville,1327 Miller Rd K,Greenville,SC,29607,(864) 627-8760,34.82420255,-82.29675605,0,America/New_York,,
390542,Sherwin-Williams Paint Store,110 Montague Ave,Greenwood,SC,29649,(864) 229-6641,34.19815215,-82.17037645,0,America/New_York,,
390551,Sherwin-Williams Paint Store,108 Arrow Rd,Hilton Head Island,SC,29928,(843) 842-4373,32.16069615,-80.76460965,0,America/New_York,,
385932,Sherwin-Williams Paint Store,4160 Dobys Bridge Rd,Indian Land,SC,29707,(803) 802-9805,34.95647015,-80.85503815,0,America/New_York,,
371405,Contractor Nail \u0026 Tool - Johns Island,150 Main Rd B,Johns Island,SC,29455,(843) 763-1414,32.79890020,-80.10926800,0,America/New_York,,
371404,Contractor Nail \u0026 Tool - Mt. Pleasant,1713 Lacannon Ln,Mt Pleasant,SC,29464,(843) 388-9955,32.82180935,-79.83690060,0,America/New_York,,
476956,Sherwin-Williams Paint Store,1178 SC-41,Mt Pleasant,SC,29466,(843) 884-1041,32.86189990,-79.79741440,0,America/New_York,,
476957,Sherwin-Williams Paint Store,3920 US-17,Murrells Inlet,SC,29576,(843) 651-3718,33.56445070,-79.03774775,0,America/New_York,,
476951,Sherwin-Williams Commercial Paint Store,901 Seaboard St,Myrtle Beach,SC,29577,(843) 626-4636,33.70983085,-78.90196750,0,America/New_York,,
476958,Sherwin-Williams Paint Store,414 George Bishop Pkwy,Myrtle Beach,SC,29579,(843) 274-3032,33.71580250,-78.93652700,0,America/New_York,,
386009,Sherwin-Williams Paint Store,950B Hwy 17 N N,North Myrtle Beach,SC,29582,(843) 249-7714,33.83576885,-78.66958280,0,America/New_York,,
476950,Sherwin-Williams Paint Store,2600 Hwy 17 S,North Myrtle Beach,SC,29582,(843) 272-1386,33.80804595,-78.71457710,0,America/New_York,,
371344,Berlin G Myers Lumber Corporation,350 N Main St,Summerville,SC,29483,(843) 873-2010,33.02378220,-80.17309045,0,America/New_York,,
209615357,Sherwin williams- Summerville Carnes,2515 N Main st,Summerville,SC,29486,(843) 867-6046,33.058056,-80.097054,0,,festool,https://festool.locally.com/stores/festool
168273,Sherwin-Williams Paint Store,1706 Old Trolley Rd a,Summerville,SC,29485,(843) 851-8631,32.95853999,-80.16561313,0,America/New_York,,
476947,Sherwin-Williams Paint Store,801 N Main St,Summerville,SC,29483,(843) 875-6057,33.02875520,-80.16794855,0,America/New_York,,
386146,Sherwin-Williams Paint Store,6521 State Park Rd,Travelers Rest,SC,29690,(864) 834-2665,34.96434030,-82.43453325,0,America/New_York,,
371572,"Mann Tool and Supply, Inc",802 Chris Dr,West Columbia,SC,29169,(803) 252-7777,33.99343705,-81.10685955,0,America/New_York,,
316749,Stan Houston Equipment Company,39213 133rd Street,Aberdeen,SD,57401,(605) 262-3727,45.45821608,-98.38040605,0,America/Chicago,,
316746,Stan Houston Equipment,1210 Deadwood Avenue,Rapid City,SD,57702,(605) 348-1155,44.09700715,-103.26448170,0,America/Denver,,
220544,Stan Houston Equipment Co.,3020 W 12th St,Sioux Falls,SD,57104,(605) 336-3727,43.54537134,-96.76691585,0,America/Chicago,,
385784,Sherwin-Williams Paint Store,5405 Airline Rd,Arlington,TN,38002,(901) 867-9589,35.27370540,-89.66736160,0,America/Chicago,,
371758,The Woodwork Shop Inc,8370 Wolf Lake Dr # 101,Bartlett,TN,38133,(901) 755-7355,35.21010225,-89.78393255,0,America/Chicago,,
389408,Winell Lee Lumber,9421 Old Baxter Rd,Baxter,TN,38544,(931) 858-3020,36.13326192,-85.66808812,0,America/Chicago,,
400718,Winell Lee Moulding \u0026 Hardwood,10325 Old Baxter Rd,Baxter,TN,38544,(931) 372-9663,36.12851640,-85.67874580,0,America/Chicago,,
371678,Rockler Woodworking and Hardware,1622 Galleria Blvd.,Brentwood,TN,37027,(629) 257-5480,35.96825865,-86.80850285,1,America/Chicago,,
385820,Sherwin-Williams Paint Store,1410 W State St,Bristol,TN,37620,(423) 968-3191,36.59507635,-82.19859630,0,America/New_York,,
390494,Sherwin-Williams Paint Store,5256A Brainerd Rd,Chattanooga,TN,37411,(423) 894-4765,35.01073125,-85.22329870,0,America/New_York,,
371793,Woodcraft of Chattanooga,5824 Brainerd Rd,Chattanooga,TN,37411,(423) 710-8001,35.01126935,-85.21119250,0,America/New_York,,
371585,Middle Tennessee Lumber Co.,230 Salem Rd,Clarksville,TN,37040,(931) 542-6631,36.47809025,-87.36903095,0,America/Chicago,,
170720,Sherwin-Williams Paint Store,7845 Trinity Rd #107,Cordova,TN,38018,(901) 309-3391,35.14065757,-89.80141471,0,America/Chicago,,
401002,Middle Tennessee Lumber Co,2670 TN-46,Dickson,TN,37055,(615) 446-3461,36.07700480,-87.38778990,0,America/Chicago,,
385869,Sherwin-Williams Paint Store,417 W Elk Ave,Elizabethton,TN,37643,(423) 543-7282,36.35189240,-82.23267600,0,America/New_York,,
385883,Sherwin-Williams Paint Store,1010 Murfreesboro Rd #198,Franklin,TN,37064,(615) 790-6682,35.91558680,-86.83841900,0,America/Chicago,,
371819,Woodcraft of Nashville,209 S Royal Oaks Blvd #164,Franklin,TN,37064,(615) 599-9638,35.91373795,-86.83302780,0,America/Chicago,,
371593,Nashville Plywood Co,625 Jamison Dr,Gallatin,TN,37066,(615) 320-7877,36.38025850,-86.42875565,0,America/Chicago,,
273252,CHATTANOOGA PAINT \u0026 DECORATING,5529 Hixson Pike,Hixson,TN,37343,(423) 843-9286,35.14603730,-85.22294650,0,America/New_York,,
385837,Sherwin-Williams Paint Store,5112 Hixson Pike Ste B,Hixson,TN,37343,(423) 877-0571,35.13551980,-85.23853365,0,America/New_York,,
385949,Sherwin-Williams Paint Store,10867 Hardin Valley Rd,Knoxville,TN,37932,(865) 694-2750,35.94493595,-84.16467435,0,America/New_York,,
385950,Sherwin-Williams Paint Store,11110 Kingston Pike #105,Knoxville,TN,37934,(865) 966-8777,35.88764135,-84.14865465,0,America/New_York,,
385951,Sherwin-Williams Paint Store,2305 Callahan Dr,Knoxville,TN,37912,(865) 938-7110,36.01064985,-84.01962380,0,America/New_York,,
390561,Sherwin-Williams Paint Store,5614 Kingston Pike #105,Knoxville,TN,37919,(865) 450-5048,35.93384480,-83.99609120,0,America/New_York,,
371808,Woodcraft of Knoxville,8023 Kingston Pike,Knoxville,TN,37919,(865) 539-9330,35.92653470,-84.04715845,0,America/New_York,,
385967,Sherwin-Williams Paint Store,212 N Cumberland St,Lebanon,TN,37087,(615) 444-3708,36.20967555,-86.29123230,0,America/Chicago,,
385986,Sherwin-Williams Paint Store,915 Turner St,Maryville,TN,37801,(865) 983-2031,35.75329890,-83.99700915,0,America/New_York,,
385996,Sherwin-Williams Paint Store,5035 Southern Ave,Memphis,TN,38117,(901) 682-5151,35.11169165,-89.89442410,0,America/Chicago,,
390585,Sherwin-Williams Paint Store,6995 Stage Rd Ste 101,Memphis,TN,38133,(901) 385-0312,35.20432460,-89.83001840,0,America/Chicago,,
273287,Hoover Paint Store,518 Pleasant Grove Rd,Mt. Juliet,TN,37122,(615) 235-3060,36.17783930,-86.51722540,0,America/Chicago,,
386005,Sherwin-Williams Paint Store,2000 Herschel Dr,Mt. Juliet,TN,37122,(615) 758-6454,36.16939345,-86.51620190,0,America/Chicago,,
275269,Hoover Paint Store,830 Memorial Blvd,Murfreesboro,TN,37129,(615) 893-5756,35.85543445,-86.39429780,0,America/Chicago,,
386006,Sherwin-Williams Paint Store,3284 Franklin Rd D,Murfreesboro,TN,37128,(615) 890-6278,35.84530030,-86.45629615,0,America/Chicago,,
390594,Sherwin-Williams Paint Store,15124 Old Hickory Blvd,Nashville,TN,37211,(615) 331-8216,36.04557185,-86.71594760,0,America/Chicago,,
386029,Sherwin-Williams Paint Store,122 S Illinois Ave,Oak Ridge,TN,37830,(865) 483-7442,36.00806200,-84.26605205,0,America/New_York,,
386110,Sherwin-Williams Paint Store,306 E Main St,Sevierville,TN,37862,(865) 428-1295,35.86810625,-83.55949745,0,America/New_York,,
386150,Sherwin-Williams Paint Store,108 W Lauderdale St,Tullahoma,TN,37388,(931) 455-3276,35.36140760,-86.20991275,0,America/Chicago,,
371308,Abilene Fastener Supply Inc,1641 S Treadaway Blvd,Abilene,TX,79602,(325) 673-9200,32.42866180,-99.72943550,0,America/Chicago,,
476954,Sherwin-Williams Paint Store,4207 I-40,Amarillo,TX,79106,(806) 353-5531,35.19076835,-101.88517150,0,America/Chicago,,
371746,Texas Tool \u0026 Equipment,8521 Canyon Expy,Amarillo,TX,79110,(806) 350-7696,35.12382583,-101.90431943,0,America/Chicago,,
371675,Rockler Woodworking and Hardware,3810 S Cooper St,Arlington,TX,76015,(817) 417-0070,32.68296870,-97.13481165,1,America/Chicago,,
385785,Sherwin-Williams Paint Store,5865 S Cooper St,Arlington,TX,76017,(817) 472-7373,32.65149150,-97.13441570,0,America/Chicago,,
371354,Brazos Forest Products,600B Industrial Blvd,Austin,TX,78745,(800) 777-7712,30.21774930,-97.75873210,0,America/Chicago,,
390472,Sherwin-Williams Paint Store,7925 Burnet Rd,Austin,TX,78757,(512) 454-5829,30.35680785,-97.73025915,0,America/Chicago,,
390473,Sherwin-Williams Paint Store,500 W William Cannon Dr Ste 408,Austin,TX,78745,(512) 462-1991,30.19668695,-97.78588445,0,America/Chicago,,
390474,Sherwin-Williams Paint Store,6015B S I-35 Frontage Rd,Austin,TX,78744,(512) 912-0910,30.19567720,-97.76546060,0,America/Chicago,,
371747,Texas Toolcraft,1600 W Stassney Ln,Austin,TX,78745,(512) 861-4423,30.21360000,-97.79264705,0,America/Chicago,,
371787,Woodcraft of Austin,10901 N Interstate 35 Frontage Rd,Austin,TX,78753,(512) 407-8787,30.37314550,-97.67737250,0,America/Chicago,,
390477,Sherwin-Williams Paint Store,4876 College St,Beaumont,TX,77707,(409) 842-3389,30.06855950,-94.14562660,0,America/Chicago,,
385797,Sherwin-Williams Paint Store,5233 Bellaire Blvd,Bellaire,TX,77401,(713) 666-7270,29.70505095,-95.47194505,0,America/Chicago,,
390482,Sherwin-Williams Paint Store,1420 S Main St,Boerne,TX,78006,(830) 816-8844,29.77520025,-98.72454175,0,America/Chicago,,
385824,Sherwin-Williams Paint Store,3816 S Texas Ave,Bryan,TX,77802,(979) 846-4745,30.63692630,-96.34596710,0,America/Chicago,,
385847,Sherwin-Williams Paint Store,203 Longmire Rd,Conroe,TX,77304,(936) 756-8856,30.31846965,-95.47724500,0,America/Chicago,,
371385,Central Hardwoods,1959 W Northwest Hwy,Dallas,TX,75220,(972) 241-3571,32.86992730,-96.91165880,0,America/Chicago,,
371641,Richelieu DALLAS,9249 King James Dr,Dallas,TX,75247,(972) 484-8980,32.83643965,-96.88034865,0,America/Chicago,,
385851,Sherwin-Williams Paint Store,11226 Leo Ln,Dallas,TX,75229,(972) 243-5871,32.89169750,-96.88535570,0,America/Chicago,,
385852,Sherwin-Williams Paint Store,2506 Florence St,Dallas,TX,75204,(214) 821-9400,32.78625850,-96.79023305,0,America/Chicago,,
390508,Sherwin-Williams Paint Store,3412 Oak Lawn Ave,Dallas,TX,75219,(214) 526-3858,32.81116535,-96.80601125,0,America/Chicago,,
274348,Texas Paint \u0026 Wallpaper,4410 Ross Ave,Dallas,TX,75204,(214) 824-4574,32.80218155,-96.78042915,0,America/Chicago,,
371626,The Historic Phillips Forest Products,13431 US-82,De Kalb,TX,75559,(903) 667-4151,33.51673535,-94.64105875,0,America/Chicago,,
390514,Sherwin-Williams Paint Store,3482 Gulf Fwy,Dickinson,TX,77539,(281) 337-4285,29.44899910,-95.07872105,0,America/Chicago,,
371632,Plywood Co of Fort Worth,2573 Sylvania Cross Dr,Fort Worth,TX,76137,(817) 831-4206,32.81819700,-97.30927050,0,America/Chicago,,
385887,Sherwin-Williams Paint Store,4806 Camp Bowie Blvd,Fort Worth,TX,76107,(817) 989-8000,32.73899610,-97.39183630,0,America/Chicago,,
385888,Sherwin-Williams Paint Store,5042 Trail Lake Dr,Fort Worth,TX,76133,(817) 292-3911,32.67037125,-97.37619910,0,America/Chicago,,
371688,Rockler Woodworking and Hardware,2930 Preston Rd Ste 850,Frisco,TX,75034,(214) 308-6425,33.10382790,-96.80308920,1,America/Chicago,,
371689,Rockler Woodworking and Hardware,584 W I 30 Ste 403,Garland,TX,75043,(469) 329-0971,32.83780890,-96.59793380,1,America/Chicago,,
390538,Sherwin-Williams Paint Store,2423 Williams Dr # 121,Georgetown,TX,78628,(512) 863-2609,30.66066540,-97.68812140,0,America/Chicago,,
371353,Brazos Forest Products,2760 N Great SW Pkwy,Grand Prairie,TX,75050,(800) 772-2777,32.79556975,-97.04547725,0,America/Chicago,,
371627,The Forest Store,652 Palmer Dr,Hooks,TX,75561,(903) 547-1215,33.47359780,-94.30123060,0,America/Chicago,,
371356,Brazos Forest Products,6911 Fairbanks North Houston Rd #110,Houston,TX,77040,(713) 329-5870,29.86894150,-95.52656255,0,America/Chicago,,
371362,Circle Saw,2510 Ella Blvd,Houston,TX,77008,(713) 864-8444,29.80936380,-95.42871470,0,America/Chicago,,
371394,Clark's Hardwood Lumber Co,700 E 5th 1/2 St,Houston,TX,77007,(713) 862-6628,29.77980740,-95.38942355,0,America/Chicago,,
371691,Rockler Woodworking and Hardware,3265 Southwest Hwy,Houston,TX,77027,(713) 622-6567,29.71907039,-95.43456902,1,America/Chicago,,
385926,Sherwin-Williams Paint Store,1409 Montrose Blvd,Houston,TX,77019,(713) 526-2688,29.75423965,-95.39169175,0,America/Chicago,,
385927,Sherwin-Williams Paint Store,21806 State Highway 249,Houston,TX,77070,(832) 717-0660,30.00382775,-95.58387850,0,America/Chicago,,
385928,Sherwin-Williams Paint Store,7613 Katy Fwy,Houston,TX,77024,(713) 957-3463,29.78331630,-95.46631915,0,America/Chicago,,
390552,Sherwin-Williams Paint Store,10611 Jones Rd A,Houston,TX,77065,(281) 890-6247,29.92693955,-95.58536705,0,America/Chicago,,
390553,Sherwin-Williams Paint Store,1207 Gessner Rd,Houston,TX,77055,(713) 464-7435,29.79700420,-95.48302430,0,America/Chicago,,
385931,Sherwin-Williams Paint Store,913 Melbourne Rd,Hurst,TX,76053,(817) 284-7029,32.82559845,-97.19895675,0,America/Chicago,,
371803,Woodcraft of Fort Worth,754 Grapevine Hwy,Hurst,TX,76054,(682) 334-1025,32.86005130,-97.18205490,0,America/Chicago,,
385942,Sherwin-Williams Paint Store,1270 Rock Canyon Dr Ste A,Katy,TX,77450,(281) 392-8588,29.76420900,-95.75248415,0,America/Chicago,,
385947,Sherwin-Williams Paint Store,1315 Northpark Dr,Kingwood,TX,77339,(281) 354-9210,30.06893265,-95.23642515,0,America/Chicago,,
220567,Texas Tool \u0026 Equipment,3102 Avenue A,Lubbock,TX,79404,(806) 763-1641,33.56582650,-101.83665530,0,America/Chicago,,
385984,Sherwin-Williams Paint Store,2406 N U.S. Hwy 281,Marble Falls,TX,78654,(830) 798-0788,30.57822970,-98.27291840,0,America/Chicago,,
385990,Sherwin-Williams Paint Store,310 N Central Expy,McKinney,TX,75070,(972) 542-2306,33.19999910,-96.63700650,0,America/Chicago,,
390581,Sherwin-Williams Paint Store,3150 Eldorado Pkwy,McKinney,TX,75070,(214) 592-0650,33.16828505,-96.66610630,0,America/Chicago,,
390595,Sherwin-Williams Paint Store,364 Landa St,New Braunfels,TX,78130,(830) 625-8558,29.70493090,-98.13730530,0,America/Chicago,,
390614,Sherwin-Williams Paint Store,4950 Spencer Hwy Ste A,Pasadena,TX,77505,(281) 487-8218,29.66481350,-95.16770865,0,America/Chicago,,
371798,Woodcraft of Dallas,601 W Plano Pkwy #145,Plano,TX,75075,(972) 422-2732,33.00957815,-96.71249970,0,America/Chicago,,
371703,Rockler Woodworking and Hardware,800 N Coit 2500,Richardson,TX,75080,(972) 613-8848,32.96014640,-96.76835345,1,America/Chicago,,
386080,Sherwin-Williams Paint Store,7850 W Grand Pkwy S,Richmond,TX,77406,(832) 595-8608,29.66255325,-95.74405160,0,America/Chicago,,
371706,Rockler Woodworking \u0026 Hardware - Round Rock,2701-A Parker Dr Ste 240,Round Rock,TX,78681,(512) 813-7969,30.48297280,-97.68006040,1,America/Chicago,,
371708,Rockler Woodworking and Hardware,309 Northwest Loop 410,San Antonio,TX,78216,(726) 226-0720,29.52158575,-98.49673195,1,America/Chicago,,
390636,Sherwin-Williams Paint Store,1018 S Frio St,San Antonio,TX,78207,(210) 472-3000,29.41564965,-98.50459500,0,America/Chicago,,
390637,Sherwin-Williams Paint Store,1275 SW Loop 410,San Antonio,TX,78227,(210) 675-7511,29.42442995,-98.65140230,0,America/Chicago,,
371840,Woodcraft of San Antonio,13719 San Pedro Ave,San Antonio,TX,78232,(210) 545-5885,29.56712590,-98.48239900,0,America/Chicago,,
371714,Rockler Woodworking and Hardware,21352 Kuykendahl Rd,Spring,TX,77379,(346) 331-4081,30.07883800,-95.51636170,1,America/Chicago,,
386157,Sherwin-Williams Paint Store,525 Lake Air Dr,Waco,TX,76710,(254) 776-0720,31.52507870,-97.18546470,0,America/Chicago,,
173946,Colonial Bldg Supply Inc,530 N 400 W,Centerville,UT,84014,(801) 295-9471,40.92276705,-111.88441833,0,America/Denver,,
435075,Sherwin-Williams Paint Store,1084 Park Ln,Farmington,UT,84025,(801) 451-1919,40.98442850,-111.91205790,0,America/Denver,,
435076,Sherwin-Williams Paint Store,7444 Union Park Ave,Midvale,UT,84047,(801) 566-3175,40.61604445,-111.85920405,0,America/Denver,,
435077,Sherwin-Williams Paint Store,3559 Washington Blvd,Ogden,UT,84403,(801) 399-3369,41.19845205,-111.97140090,0,America/Denver,,
281396,Wheelwright Lumber Co,3127 Midland Dr,Ogden,UT,84401,(801) 627-0850,41.20851100,-112.02133760,0,America/Denver,,
340190,Timberline Tool \u0026 Woodworking,1402 Center St,Orem,UT,84057,(801) 224-2260,40.29748550,-111.72856635,0,America/Denver,,
435078,Sherwin-Williams Paint Store,597 E Parkway Drive,Park City,UT,84098,(435) 649-9275,40.74350300,-111.54683010,0,America/Denver,,
371314,Advanced Hardware Supply,1268 3600 W,Salt Lake City,UT,84104,(801) 975-2670,40.74211005,-111.97810945,0,America/Denver,,
371589,M\u0026M Tool and Machinery,3362 S Main St,Salt Lake City,UT,84115,(866) 485-8200,40.69831905,-111.89161290,0,America/Denver,,
435079,Sherwin-Williams Commercial Paint Store,8825 Sandy Pkwy,Sandy,UT,84070,(801) 561-7117,40.59133835,-111.90383000,0,America/Denver,,
371842,Woodcraft of Salt Lake City/South Valley,8932 State St,Sandy,UT,84070,(801) 566-5652,40.58915905,-111.89170155,0,America/Denver,,
371715,Rockler Woodworking and Hardware,5584 S. Redwood Rd.,Taylorsville,UT,84123,(385) 276-4676,40.64972735,-111.94078260,1,America/Denver,,
435080,Sherwin-Williams Paint Store,5640 S Redwood Rd,Taylorsville,UT,84123,(801) 967-8213,40.64897045,-111.94053415,0,America/Denver,,
385776,Wurth Louis and Company,9826 S Prosperity Rd,West Jordan,UT,84081,(801) 954-0900,40.57302150,-112.04132825,0,America/Denver,,
371772,Vienna Paint \u0026 Decorating of Chantilly,13900 Metrotech Dr,Chantilly,VA,20151,(703) 961-1200,38.89439095,-77.42445234,0,America/New_York,,
330778,Cardinal Home Center,5221 Rockfish Gap Turnpike,Charlottesville,VA,22903,(434) 823-1387,38.05113705,-78.68074530,0,America/New_York,,
371382,Cardinal Home Center Paint \u0026 Decorating,380 Greenbrier Dr,Charlottesville,VA,22901,(434) 964-1701,38.07148000,-78.48561755,0,America/New_York,,
371753,The Lester Group - Christiansburg,2000 Roanoke St,Christiansburg,VA,24073,(540) 257-7002,37.13533615,-80.37275180,0,America/New_York,,
385850,Sherwin-Williams Paint Store,4119 Cheshire Station Plaza,Dale City,VA,22193,(703) 670-3960,38.64656320,-77.33317240,0,America/New_York,,
385857,Sherwin-Williams Paint Store,232 Mt Cross Rd,Danville,VA,24540,(434) 792-4934,36.59133840,-79.42288310,0,America/New_York,,
371687,Rockler Woodworking and Hardware,12975 Fair Lakes Shopping Center Street,Fairfax,VA,22033,(571) 435-8030,38.85836045,-77.38944335,1,America/New_York,,
385886,Sherwin-Williams Paint Store,200 N Commerce Ave,Front Royal,VA,22630,(540) 636-1126,38.92181835,-78.19140100,0,America/New_York,,
385892,Sherwin-Williams Paint Store,1079 Virginia Center Pkwy,Glen Allen,VA,23059,(804) 264-6156,37.66520590,-77.45974725,0,America/New_York,,
371835,Woodcraft of Richmond,9862 W Broad St,Glen Allen,VA,23060,(804) 355-3945,37.64438240,-77.56546015,0,America/New_York,,
371412,Derr Flooring Co,13850 Park Center Rd,Herndon,VA,20171,(703) 787-9800,38.93302040,-77.42545340,0,America/New_York,,
371810,Woodcraft of Leesburg,1067 Edwards Ferry Rd NE,Leesburg,VA,20176,(703) 737-7880,39.11242320,-77.53316925,0,America/New_York,,
371457,Fries Beall \u0026 Sharp Inc,7371 Lockport Pl,Lorton,VA,22079,(703) 550-1100,38.71628495,-77.19748040,0,America/New_York,,
270349,Taylor Brothers,905 Graves Mill Rd,Lynchburg,VA,24502,(434) 237-8100,37.37532950,-79.22286005,0,America/New_York,,
371415,Diversified Educational Systems,205 E Washington St,Middleburg,VA,20117,(800) 409-8641,38.96992280,-77.73248725,0,America/New_York,,
385999,Sherwin-Williams Paint Store,13220 Hull Street Rd,Midlothian,VA,23112,(804) 745-5172,37.41865965,-77.64040100,0,America/New_York,,
371822,Woodcraft of Virginia Beach (Norfolk),5802 E Virginia Beach Blvd Suite #152,Norfolk,VA,23502,(757) 466-1166,36.85802480,-76.20736270,0,America/New_York,,
371704,Rockler Woodworking and Hardware,11639 W Broad St,Richmond,VA,23233,(804) 549-4020,37.65199185,-77.61792890,1,America/New_York,,
386078,Sherwin-Williams Paint Store,3171 Lauderdale Dr,Richmond,VA,23233,(804) 364-7100,37.63981760,-77.63084105,0,America/New_York,,
386079,Sherwin-Williams Paint Store,6564 W Broad St,Richmond,VA,23230,(804) 285-8231,37.59951750,-77.51369600,0,America/New_York,,
390633,Sherwin-Williams Paint Store,2313 W Cary St,Richmond,VA,23220,(804) 355-9556,37.54942775,-77.47107785,0,America/New_York,,
386082,Sherwin-Williams Paint Store,3574 Electric Rd #22-24,Roanoke,VA,24018,(540) 989-2715,37.22605915,-79.99688310,0,America/New_York,,
371836,Woodcraft of Roanoke,1445 Towne Square Blvd NW,Roanoke,VA,24012,(540) 366-7144,37.31982120,-79.96511725,0,America/New_York,,
371844,Woodcraft of Washington DC Area,5248 Port Royal Rd,Springfield,VA,22151,(703) 912-6727,38.80897510,-77.22171495,0,America/New_York,,
390661,Sherwin-Williams Paint Store,128 Branch Rd SE,Vienna,VA,22180,(703) 938-6618,38.90645325,-77.25725190,0,America/New_York,,
386155,Sherwin-Williams Paint Store,620 S Military Hwy,Virginia Beach,VA,23464,(757) 420-9563,36.82537005,-76.20978425,0,America/New_York,,
390663,Sherwin-Williams Paint Store,1727 Laskin Rd,Virginia Beach,VA,23454,(757) 491-4124,36.84982560,-76.02414100,0,America/New_York,,
371579,McFarland's Mill Inc.,587 Round Hill Road,Winchester,VA,22602,(540) 667-2272,39.18942020,-78.22563300,0,America/New_York,,
142846,Bethel Mills,40 Marsh Meadow Rd,Bethel,VT,05032,(802) 234-9951,43.83371818,-72.63611901,0,America/New_York,,
196657,Oakes Lumber and Hardware,975 Lower Plain,Bradford,VT,05033,(802) 222-5280,43.97937060,-72.11907015,0,America/Chicago,,
385981,Sherwin-Williams Paint Store,263 Depot St UNIT 1,Manchester Center,VT,05255,(802) 362-2833,43.17373981,-73.04529063,0,America/New_York,,
41212,r.k. MILES,618 Depot St,Manchester Center,VT,05255,(802) 362-1952,43.17243707,-73.04621120,0,America/New_York,,
371665,rk MILES,88 Exchange St,Middlebury,VT,05753,(800) 564-2721,44.01993760,-73.16887445,0,America/New_York,,
390589,Sherwin-Williams Paint Store,62 River St,Montpelier,VT,05602,(802) 223-3457,44.24931675,-72.56523455,0,America/New_York,,
371667,rk MILES,207 Portland St,Morristown,VT,05661,(802) 888-4501,44.56482085,-72.59877740,0,America/New_York,,
390647,Sherwin-Williams Paint Store,1242 Shelburne Rd,South Burlington,VT,05403,(802) 863-0368,44.43541895,-73.20954580,0,America/New_York,,
334004,W G Russell Supply Corp,9 Gregory Dr,South Burlington,VT,05403,(802) 863-1177,44.45604545,-73.13819520,0,America/New_York,,
390650,Sherwin-Williams Paint Store,246 River St RT106,Springfield,VT,05156,(802) 885-2424,43.31724760,-72.44948480,0,America/New_York,,
371668,rk MILES,785 Sylvan Park Rd,Stowe,VT,05672,(802) 253-8516,44.45388065,-72.69481720,0,America/New_York,,
371669,rk MILES,154 Carroll Rd,Waitsfield,VT,05673,(802) 496-2424,44.18895215,-72.83505760,0,America/New_York,,
371332,Baker Lumber Co,1113 VA Cutoff Rd,White River Junction,VT,05001,(802) 291-9102,43.64872465,-72.34550505,0,America/New_York,,
273201,Vermont Paint Co,17 Adams Dr,Williston,VT,05495,(802) 863-1098,44.45909800,-73.13515150,0,America/New_York,,
408787,Sherwin-Williams Paint Store,512 W Market St,Aberdeen,WA,98520,(360) 532-9394,46.97261540,-123.82433210,0,America/Los_Angeles,,
274206,Painters Alley Benjamin Moore,712 Commercial Ave,Anacortes,WA,98221,(360) 293-3162,48.51623255,-122.61285675,0,America/Los_Angeles,,
371621,Painters Alley - Benjamin Moore,17306 Smokey Point Dr,Arlington,WA,98223,(360) 386-9005,48.15339490,-122.18725755,0,America/Los_Angeles,,
371638,Richelieu SEATTLE,508 8th St SW,Auburn,WA,98001,(253) 218-0360,47.30044006,-122.23610345,0,America/Los_Angeles,,
274216,Peninsula Paint Centers- Benjamin Moore,937 Hildebrand Ln NE #100,Bainbridge Island,WA,98110,(206) 842-2227,47.63379010,-122.51721815,0,America/Los_Angeles,,
371418,Dunn Lumber - Bellevue,2350 140th Ave NE,Bellevue,WA,98005,(425) 643-4400,47.63110130,-122.15298955,0,America/Los_Angeles,,
371433,Eastside Saw \u0026 Sales,12880 Bel-Red Rd #1,Bellevue,WA,98005,(425) 454-7627,47.62181190,-122.16845620,0,America/Los_Angeles,,
274021,Mallory Paint Store - Benjamin Moore,12021 Northup Way STE 201,Bellevue,WA,98005,(425) 454-7509,47.63088888,-122.17984087,0,America/Los_Angeles,,
274040,Miller Paint,13800 Bel-Red Rd,Bellevue,WA,98005,(425) 289-0096,47.62406940,-122.15689425,0,America/Los_Angeles,,
274258,Rodda Paint Co.,1900 132nd Ave NE,Bellevue,WA,98005,(425) 451-1666,47.62637340,-122.16373680,0,America/Los_Angeles,,
371779,Windsor Plywood,1208 Iowa St,Bellingham,WA,98229,(360) 676-1025,48.75606310,-122.45780970,0,America/Los_Angeles,,
385812,Sherwin-Williams Paint Store,20619 Bothell Everett Hwy,Bothell,WA,98012,(425) 485-4109,47.81088265,-122.20558630,0,America/Los_Angeles,,
274211,Peninsula Paint Centers- Benjamin Moore,5373 Auto Center Way #103,Bremerton,WA,98312,(360) 373-5999,47.56783180,-122.68477725,0,America/Los_Angeles,,
371419,Dunn Lumber - Everett,425 E Casino Rd,Everett,WA,98208,(425) 353-0663,47.92228325,-122.22608235,0,America/Los_Angeles,,
274203,Painters Alley Benjamin Moore,1796 E Main St #102,Freeland,WA,98249,(360) 331-0828,48.00868000,-122.52006155,0,America/Los_Angeles,,
274213,Peninsula Paint Centers- Benjamin Moore,5500 Olympic Dr Ste C202,Gig Harbor,WA,98335,(253) 858-6362,47.30762765,-122.57653330,0,America/Los_Angeles,,
371781,Windsor Plywood,311 N Van Buren Ct,Kennewick,WA,99336,(509) 582-9663,46.21289800,-119.21484790,0,America/Los_Angeles,,
371420,Dunn Lumber - Kirkland,11835 120th Ave NE,Kirkland,WA,98034,(425) 823-4455,47.70671125,-122.18228360,0,America/Los_Angeles,,
371622,Painters Alley Benjamin Moore,631 WA-9,Lake Stevens,WA,98258,(425) 322-4820,48.00236915,-122.10464250,0,America/Los_Angeles,,
428338,Sherwin-Williams Paint Store,303 91st Ave NE Ste A109,Lake Stevens,WA,98258,(425) 334-1010,48.00040660,-122.10683880,0,America/Los_Angeles,,
385973,Sherwin-Williams Paint Store,1110 Ocean Beach Hwy,Longview,WA,98632,(360) 423-4450,46.14680565,-122.93050070,0,America/Los_Angeles,,
371421,Dunn Lumber - Lynnwood,16920 Hwy 99,Lynnwood,WA,98037,(425) 742-4646,47.84520905,-122.29628230,0,America/Los_Angeles,,
274052,Miller Paint,5009 196th St SW,Lynnwood,WA,98036,(425) 672-2551,47.82155520,-122.30085780,0,America/Los_Angeles,,
385977,Sherwin-Williams Paint Store,4201 196th St SW Ste 100\u0026,Lynnwood,WA,98036,(425) 775-2550,47.82149925,-122.28972560,0,America/Los_Angeles,,
428340,Sherwin-Williams Paint Store,1526 Riverside Dr,Mount Vernon,WA,98273,(360) 424-4489,48.43473395,-122.33465200,0,America/Los_Angeles,,
371422,Dunn Lumber - Normandy Park,17635 1st Ave S,Normandy Park,WA,98148,(206) 242-1010,47.44401870,-122.33526015,0,America/Los_Angeles,,
274205,Painters Alley Benjamin Moore,31570 State Rte 20 Suite 101,Oak Harbor,WA,98277,(360) 279-0723,48.28941875,-122.65743155,0,America/Los_Angeles,,
386034,Sherwin-Williams Paint Store,3949 Martin Way E,Olympia,WA,98506,(360) 456-3450,47.04729140,-122.83662965,0,America/Los_Angeles,,
386045,Sherwin-Williams Paint Store,5109 Rd 68 C,Pasco,WA,99301,(509) 545-0591,46.27355250,-119.18253650,0,America/Los_Angeles,,
371435,"Edensaw Woods, Ltd.",211 Seton Rd,Port Townsend,WA,98368,(800) 745-3336,48.08327485,-122.81259330,0,America/Los_Angeles,,
274208,Peninsula Paint Centers- Benjamin Moore,20530 Viking Ave NW,Poulsbo,WA,98370,(360) 779-6995,47.74918730,-122.65386855,0,America/Los_Angeles,,
386067,Sherwin-Williams Paint Store,18836 WA-305,Poulsbo,WA,98370,(360) 598-1717,47.73435200,-122.63585170,0,America/Los_Angeles,,
371423,Dunn Lumber - Renton,120 Factory Ave N,Renton,WA,98057,(425) 255-3429,47.48530645,-122.19762600,0,America/Los_Angeles,,
371408,Crosscut Hardwoods,4100 1st Ave S,Seattle,WA,98134,(206) 623-0334,47.56703890,-122.33371395,0,America/Los_Angeles,,
371424,Dunn Lumber - Lake Union,3801 Latona Ave NE,Seattle,WA,98105,(206) 632-2129,47.65416790,-122.32624055,0,America/Los_Angeles,,
13850,Fisheries Supply,1900 N Northlake Way,Seattle,WA,98103,(206) 632-4462,47.64733781,-122.33455200,1,America/Los_Angeles,,
274019,Mallory Paint Store - Benjamin Moore,1106 N 80th St,Seattle,WA,98103,(206) 523-2000,47.68717585,-122.34407685,0,America/Los_Angeles,,
274027,Mallory Paint Store - Benjamin Moore,2933 4th Ave S,Seattle,WA,98134,(206) 467-6000,47.57667990,-122.32963230,0,America/Los_Angeles,,
274039,Miller Paint,1500 Leary Wy NW,Seattle,WA,98107,(206) 784-7878,47.66413100,-122.37663195,0,America/Los_Angeles,,
274044,Miller Paint,6101 Airport Way S,Seattle,WA,98108,(206) 767-3140,47.54807225,-122.31542190,0,America/Los_Angeles,,
371712,Rockler Woodworking and Hardware,832 NE Northgate Way,Seattle,WA,98037,(206) 634-3222,47.70935570,-122.31990155,1,America/Los_Angeles,,
274286,Rodda Paint Co.,7906 Aurora Ave N,Seattle,WA,98103,(206) 547-7405,47.68647675,-122.34416180,0,America/Los_Angeles,,
386108,Sherwin-Williams Paint Store,2909 NE Blakeley St,Seattle,WA,98105,(206) 729-5779,47.66555605,-122.29661200,0,America/Los_Angeles,,
390644,Sherwin-Williams Paint Store,1436 Leary Wy NW,Seattle,WA,98107,(206) 789-5190,47.66397250,-122.37528190,0,America/Los_Angeles,,
439232,Sherwin-Williams Paint Store,7305 Delridge Wy SW,Seattle,WA,98106,(206) 762-3117,47.53734905,-122.36197595,0,America/Los_Angeles,,
375549,Woodcraft Seattle 307,5963 Corson Ave S,Seattle,WA,98037,(206) 767-6394,47.54813135,-122.32210175,0,America/Los_Angeles,,
225456,Thomas Building Center,301 W Washington St,Sequim,WA,98382,(360) 683-3393,48.07939900,-123.10827300,0,America/Boise,,
220209,Dunn Lumber - Shoreline,1108 N 185th St,Shoreline,WA,98133,(206) 542-2164,47.76397826,-122.34512005,0,America/Chicago,,
386118,Sherwin-Williams Paint Store,602 2nd St,Snohomish,WA,98290,(360) 568-7796,47.91296235,-122.08942620,0,America/Los_Angeles,,
274031,Mallory Paint Store - Benjamin Moore,512 W Indiana Ave,Spokane,WA,99205,(509) 328-5544,47.67511860,-117.41955740,0,America/Los_Angeles,,
274053,Miller Paint,7228 N Division St,Spokane,WA,99228,(509) 319-3510,47.72316175,-117.41075915,0,America/Los_Angeles,,
183608,Spokane Power Tool \u0026 Equipment,801 E Spokane Falls Blvd,Spokane,WA,99202,(509) 489-4202,47.66213630,-117.39743230,0,America/Los_Angeles,,
274033,Mallory Paint Store - Benjamin Moore,6818 E Sprague Ave STE 101,Spokane Valley,WA,99212,(509) 474-0243,47.65638975,-117.31271795,0,America/Los_Angeles,,
273141,Miller Paint,14115 E Sprague Ave,Spokane Valley,WA,99216,(509) 321-5397,47.65755970,-117.21470755,0,America/Los_Angeles,,
371719,Rustic Wood Floor Supply - Spokane,10020 E Montgomery Ave # A,Spokane Valley,WA,99206,(509) 921-5585,47.67833400,-117.26959700,0,America/Los_Angeles,,
371826,Woodcraft of Spokane,212 N Sullivan Rd c,Spokane Valley,WA,99037,(509) 891-0110,47.65929945,-117.19558570,0,America/Los_Angeles,,
274207,Painters Alley Benjamin Moore,8700 271st St NW,Stanwood,WA,98292,(360) 939-0580,48.24197425,-122.35064695,0,America/Los_Angeles,,
371737,Sumner Woodworker Store,908 Cherry Ave,Sumner,WA,98390,(253) 891-9413,47.20247945,-122.24302470,0,America/Los_Angeles,,
371325,"Architectural Woods, L.P.",801 E 25th St,Tacoma,WA,98421,(253) 383-5484,47.24071400,-122.42264665,0,America/Los_Angeles,,
274060,Miller Paint,5252 S Washington St,Tacoma,WA,98409,(253) 473-0221,47.20940068,-122.48433362,0,America/Los_Angeles,,
386140,Sherwin-Williams Paint Store,4806 Center St Ste A,Tacoma,WA,98409,(253) 460-1354,47.23353040,-122.50191125,0,America/Los_Angeles,,
274061,Miller Paint,2607 NE Andresen Rd,Vancouver,WA,98661,(360) 254-3434,45.64123685,-122.60001280,0,America/Los_Angeles,,
439236,Sherwin-Williams Paint Store,2200 NE Andresen Rd Ste D,Vancouver,WA,98661,(360) 696-0676,45.63838580,-122.60102240,0,America/Los_Angeles,,
371437,Emerson Hardwood Floors,14071 NE 200th St,Woodinville,WA,98072,(425) 482-1223,47.77033300,-122.15283120,0,America/Los_Angeles,,
274332,Standard Paint and Flooring,409 W Yakima Ave,Yakima,WA,98902,(509) 453-3171,46.60103985,-120.51362228,0,America/Los_Angeles,,
371440,Farrell Equipment \u0026 Supply - Appleton,3920 E Endeavor Dr,Appleton,WI,54915,(920) 903-1985,44.23800695,-88.34939620,0,America/Chicago,,
385781,Sherwin-Williams Paint Store,1023 W College Ave,Appleton,WI,54914,(920) 734-1471,44.26150795,-88.42173855,0,America/Chicago,,
385782,Sherwin-Williams Paint Store,1140 N Westhill Blvd,Appleton,WI,54914,(920) 733-2481,44.27148625,-88.46039540,0,America/Chicago,,
371785,Woodcraft Appleton,4731 W Michaels Dr,Appleton,WI,54913,(920) 730-9663,44.26693520,-88.47765870,0,America/Chicago,,
390470,Sherwin-Williams Commercial Paint Store,1053 Waube Ln,Ashwaubenon,WI,54304,(920) 339-6150,44.46934020,-88.08865540,0,America/Chicago,,
385791,Sherwin-Williams Paint Store,614 WI-136,Baraboo,WI,53913,(608) 356-2125,43.46508765,-89.76961690,0,America/Chicago,,
371680,Rockler Woodworking and Hardware,17300 W Bluemound Rd Ste 50,Brookfield,WI,53045,(414) 302-1472,43.03776265,-88.12842605,1,America/Chicago,,
312766,Farrell Equip't - Eau Claire,1510 N Hastings Way,Eau Claire,WI,54703,(715) 835-4334,44.82961000,-91.50521000,0,America/Chicago,,
390521,Sherwin-Williams Paint Store,2930 E Hamilton Ave,Eau Claire,WI,54701,(715) 832-3950,44.78609310,-91.45899480,0,America/Chicago,,
371442,Farrell Equipment \u0026 Supply - Milwaukee,10061 S 54th St,Franklin,WI,53132,(414) 246-4491,42.86230925,-87.98588380,0,America/Chicago,,
330532,"Bay Verte Machinery, Inc.",975 Parkview Rd,Green Bay,WI,54304,(920) 336-7440,44.46606385,-88.08637240,0,America/Chicago,,
385935,Sherwin-Williams Paint Store,1504 Refset Dr Ste 180,Janesville,WI,53545,(608) 754-3396,42.71162185,-89.00458985,0,America/Chicago,,
371463,Geneva Paint Store,794 S Wells St,Lake Geneva,WI,53147,(262) 248-9170,42.58236385,-88.42504650,0,America/Chicago,,
385954,Sherwin-Williams Paint Store,240 N Edwards Blvd,Lake Geneva,WI,53147,(262) 249-1242,42.59247255,-88.41531970,0,America/Chicago,,
371441,Farrell Equipment \u0026 Supply - Madison,6809 Mangrove Ln,Madison,WI,53713,(608) 222-5372,43.04232085,-89.35729465,0,America/Chicago,,
385979,Sherwin-Williams Paint Store,2030 S Stoughton Rd,Madison,WI,53716,(608) 226-0602,43.06817825,-89.31062955,0,America/Chicago,,
390575,Sherwin-Williams Paint Store,6701 Odana Rd,Madison,WI,53719,(608) 833-8300,43.05624060,-89.49715995,0,America/Chicago,,
90218,"Neu's Hardware Tools Paint (Neu's Building Center, Inc.)",N95W16915 Falls Pkwy,Menomonee Falls,WI,53051,(262) 251-6550,43.18997076,-88.12071444,0,America/Chicago,,
331261,Bliffert Hardware,1014 E Chambers St,Milwaukee,WI,53212,(414) 264-5700,43.07206200,-87.91030000,0,America/Chicago,,
390588,Sherwin-Williams Paint Store,4278 S 27th St,Milwaukee,WI,53221,(414) 281-9800,42.96726300,-87.94794100,0,America/Chicago,,
371816,Woodcraft of Madison,6594 Monona Dr,Monona,WI,53716,(608) 273-8868,43.04626295,-89.32153680,0,America/Chicago,,
371818,Woodcraft of Milwaukee,14115 W Greenfield Ave,New Berlin,WI,53151,(262) 785-6770,43.01570240,-88.08882180,0,America/Chicago,,
386036,Sherwin-Williams Paint Store,9394 US HIGHWAY 16,Onalaska,WI,54650,(608) 781-5050,43.87371657,-91.18943060,0,America/Chicago,,
414232,Sherwin-Williams Paint Store,7667 91st Ave,Pleasant Prairie,WI,53158,(262) 697-9146,42.56446285,-87.91735070,0,America/Chicago,,
386077,Sherwin-Williams Paint Store,2851 College Dr,Rice Lake,WI,54868,(715) 234-0002,45.47380405,-91.74344015,0,America/Chicago,,
386135,Sherwin-Williams Paint Store,5600 Carrie Frost Dr,Stevens Point,WI,54482,(715) 344-4630,44.50063565,-89.50801855,0,America/Chicago,,
383688,JR Manske Woodworking LLC,W205 Cedar Valley Rd,Stoddard,WI,54658,(608) 780-4808,43.66186273,-91.15817818,0,America/Chicago,,
311237,Bliffert Lumber \u0026 Hardware,10050 Durand Avenue,Sturtevant,WI,53177,(262) 770-4135,42.69901310,-87.90987431,0,America/Chicago,,
371350,Blake Stevens Wood Flooring,W228N2792 Duplainville Rd ste e,Waukesha,WI,53186,(262) 523-8444,43.07224883,-88.20223946,0,America/Chicago,,
383687,JC Licht Benjamin Moore Paint \u0026 Decor Store Wauwatosa,8834 W North Ave,Wauwatosa,WI,53226,(414) 778-0580,43.06075295,-88.02349705,0,America/Chicago,,
386170,Sherwin-Williams Paint Store,6634 W North Ave,Wauwatosa,WI,53213,(414) 259-5116,43.06101265,-87.99602210,0,America/Chicago,,
312770,Farrell Equip't - Wausau,7405 Commerce Drive,Weston,WI,54476,(715) 355-8300,44.89445705,-89.52964335,0,America/Chicago,,
385833,Sherwin-Williams Paint Store,217 Randolph St,Charleston,WV,25302,(304) 343-7546,38.35984980,-81.64613435,0,America/New_York,,
400712,Holt Lumber Company LLC,1726 E Pike St,Clarksburg,WV,26301,(304) 290-9714,39.27818650,-80.30218800,0,America/New_York,,
371783,Withrow Sharpening Services,4731 Spring Dr,Huntington,WV,25705,(304) 736-8262,38.40693550,-82.34846010,0,America/New_York,,
371830,Woodcraft of Parkersburg,4420 Emerson Ave,Parkersburg,WV,26104,(304) 485-4050,39.29297400,-81.52360290,0,America/New_York,,
167930,Sherwin-Williams Paint Store,401 Stone St,Cody,WY,82414,(307) 527-1118,44.53317296,-109.02817863,0,America/Denver,,
385891,Sherwin-Williams Paint Store,818 Country Club Rd,Gillette,WY,82718,(307) 685-3024,44.27483595,-105.49184585,0,America/Denver,,
291913,Jackson Lumber Inc.,130 S Gros Ventre St,Jackson,WY,83001,(307) 733-6000,43.47855822,-110.75686901,0,America/Denver,,
385964,Sherwin-Williams Paint Store,2900 Grand Ave UNIT 10,Laramie,WY,82070,(307) 745-7831,41.30850020,-105.55810990,0,America/Denver,,
