zip,lat,lon
38503,36.16318,-85.505716
10169,40.754515,-73.976393
19109,39.949652,-75.163654
21287,39.29916,-76.588327
38550,35.7698,-85.632721
47870,39.370152,-87.473514
70163,29.949981,-90.075462
70629,30.231071,-93.21864
80293,39.746079,-104.98972
97258,45.513258,-122.675435
20390,38.879019,-76.993695
37929,35.962404,-83.915969
47033,39.282202,-85.175385
59623,46.589915,-112.040677
75270,32.78126,-96.801922
98154,47.606211,-122.333792
04234,44.616266,-70.193834
05481,44.808335,-73.139602
18627,41.315591,-76.022356
20661,38.263698,-76.848986
22908,38.030979,-78.496585
28758,35.374886,-82.495691
37238,36.165697,-86.779462
37450,35.048966,-85.312169
39269,32.30114,-90.188903
47021,38.970151,-85.148555
47435,39.265756,-86.295158
70825,30.451972,-91.187756
91046,34.211677,-118.240922
36101,32.381774,-86.297649
47875,39.71447,-87.522214
84138,40.766735,-111.887272
28282,35.224815,-80.845277
34487,28.781477,-82.612719
47434,39.012767,-86.545689
33022,26.013848,-80.144066
45501,39.926336,-83.807448
95929,39.725787,-121.850213
04286,44.403191,-70.860193
35249,33.506573,-86.80316
46945,41.121096,-86.38516
47457,38.911834,-86.904716
52344,42.292007,-91.683283
76203,33.212131,-97.151813
79402,33.581238,-101.842013
83720,43.617707,-116.199731
02203,42.361445,-71.059453
16550,42.133783,-80.084949
31213,32.840081,-83.63935
31753,31.200446,-83.872846
45423,39.760399,-84.191116
68183,41.257093,-95.939786
89450,39.241348,-119.938309
90079,34.040587,-118.255404
18012,40.811314,-75.591615
18195,40.584272,-75.624789
27697,35.778803,-78.622967
32013,30.193666,-83.291204
43047,40.207958,-83.637975
28509,35.145759,-76.805927
33550,27.979504,-82.307012
44630,40.92694,-81.404064
45105,38.750434,-83.612373
46624,41.702511,-86.251633
63850,36.822362,-89.782141
72387,35.315679,-90.772679
01525,42.098995,-71.642964
13645,44.30878,-75.446555
30090,33.953141,-84.548159
45119,38.878121,-83.999247
14302,43.093896,-79.049193
32723,29.034536,-81.304522
33101,25.779764,-80.198763
35573,33.901324,-87.549994
46047,40.284181,-85.947381
48243,42.329948,-83.039531
95435,39.003149,-122.874798
99513,61.214772,-149.885658
10503,41.026556,-73.87531
28355,35.390535,-79.19515
42444,37.641551,-87.645554
49258,42.059989,-84.658414
85721,32.231069,-110.949568
05485,44.904048,-72.97568
46206,39.760267,-86.161071
46502,41.261016,-85.976594
96858,21.344563,-157.883446
98559,46.958822,-123.327364
05664,44.167124,-72.653179
43117,39.768736,-83.206074
84322,41.758224,-111.812556
14515,43.252837,-77.731642
27202,36.18558,-79.506028
44901,40.763934,-82.512509
47467,38.767697,-86.344469
63962,36.844028,-90.281507
75711,32.336975,-95.283818
77341,30.69825,-95.55896
95309,37.87142,-120.432387
11424,40.713968,-73.828087
12082,42.769967,-73.446682
17504,40.024472,-76.328494
56030,44.324821,-94.604835
95486,38.474137,-123.024203
32775,28.767044,-80.876699
40058,38.432649,-85.170003
46155,39.743565,-85.429499
65623,36.748889,-93.906575
83354,43.670143,-114.32231
17010,40.278117,-76.583356
17507,40.198053,-76.01624
32959,28.445127,-80.763703
40363,38.514407,-85.009763
43032,40.328595,-82.958098
43439,41.517587,-83.042752
45624,39.173003,-83.348687
47851,39.573584,-87.245956
65801,37.21421,-93.295218
90747,33.863785,-118.251354
01144,42.101894,-72.590907
19545,40.34051,-75.630476
21542,39.591216,-78.950784
63155,38.627871,-90.205457
80024,39.844106,-104.918414
93408,35.321107,-120.718897
08217,39.577032,-74.718816
14756,42.197034,-79.423654
17232,40.094631,-77.633439
39148,32.061734,-89.995248
43434,41.693283,-83.444751
77555,29.310761,-94.776472
90831,33.768308,-118.200762
15847,41.085923,-79.029677
21705,39.40886,-77.410008
30284,33.340288,-84.288571
38077,36.328517,-89.474404
47880,39.599748,-87.418844
72059,35.154708,-91.342138
30334,33.748652,-84.387894
30070,33.573282,-83.895589
46125,39.521866,-86.641816
53792,43.077166,-89.430412
53962,43.68353,-90.264986
72464,36.453208,-90.145504
79016,34.983383,-101.914804
06376,41.294494,-72.252858
12933,44.890994,-73.845341
15075,40.586508,-79.827063
29225,33.995404,-81.030051
46786,41.531483,-85.272397
97384,44.791099,-122.620074
99174,47.007232,-117.356887
13484,42.854205,-75.655448
13814,42.616514,-75.525978
16312,41.932135,-79.303214
17250,39.736238,-77.522871
25156,38.411803,-81.482194
35013,33.902164,-86.517774
46796,41.336656,-85.495795
61331,41.747703,-89.277542
71242,32.792233,-91.412918
76402,32.216519,-98.215848
10542,41.371147,-73.764367
30250,33.434846,-84.306078
50649,42.662488,-92.909726
63053,38.366493,-90.363972
06072,41.984664,-72.487589
18239,40.989676,-75.981362
30229,33.227934,-84.570341
46980,40.955958,-85.741521
45618,38.885073,-83.616344
45721,39.565814,-81.58343
76598,31.475478,-97.734902
87365,35.535889,-108.13794
30275,33.430654,-84.867864
39324,31.580375,-88.697438
41526,37.433707,-82.512566
70575,29.948922,-92.158095
92132,32.713672,-117.172039
04341,44.259968,-69.554864
10979,41.18237,-74.318814
47455,39.312957,-86.957761
47573,38.744146,-87.322038
47654,38.252954,-87.39102
11947,40.94301,-72.581883
36503,31.156758,-87.465398
36652,30.695925,-88.080342
13113,43.164221,-76.534883
14112,42.698262,-78.939582
31084,31.96152,-83.602557
40434,37.393495,-83.938776
53584,43.279367,-90.294675
98364,47.854353,-122.586113
05009,43.647933,-72.343999
24022,37.276862,-79.934277
31034,33.054623,-83.225513
53940,43.591278,-89.794431
65215,38.951687,-92.320389
24129,37.139573,-80.591735
41517,37.189643,-82.59976
47925,40.882047,-86.744766
49764,45.423537,-84.82824
53031,43.640401,-87.91782
53157,42.537694,-88.368555
74477,36.003882,-95.266587
95978,39.908439,-121.529616
01561,42.445825,-71.688484
29424,32.784887,-79.937725
31727,31.417779,-83.387396
40357,38.145187,-84.108414
48143,42.457271,-83.852177
74721,33.879785,-96.162468
79721,32.224895,-101.527363
13847,42.204496,-75.277712
35181,33.626438,-86.879972
15290,40.45733,-80.019291
17077,40.402378,-76.536464
32768,28.695755,-81.557944
44856,40.793984,-82.856263
46154,39.856378,-85.770398
13138,42.899118,-76.01468
43736,40.057683,-81.236607
45642,39.046916,-83.054118
49263,42.158094,-84.182119
58402,46.881949,-98.687913
66160,39.055816,-94.610055
72075,35.640856,-91.31073
13024,42.934596,-76.574232
22035,38.856315,-77.362851
28653,36.066028,-81.901025
31564,31.248716,-82.470948
32203,30.33702,-81.671293
71230,32.240305,-91.592824
85236,33.322922,-111.719613
13643,44.032212,-75.717601
17606,40.112734,-76.304715
17880,40.891097,-77.123864
68382,40.59722,-96.024177
99020,47.563185,-117.497051
04271,44.260967,-70.498732
06258,41.885659,-71.963526
16684,40.635431,-78.296894
30639,34.282737,-83.152397
45267,39.138086,-84.503156
61562,40.880988,-89.501449
02366,41.848753,-70.661176
42356,37.693614,-87.322974
87101,35.096687,-106.643394
25305,38.336819,-81.613139
70786,30.582437,-90.954355
76439,32.617963,-97.926819
97373,45.057999,-122.77642
10311,40.605231,-74.179534
28041,35.587422,-80.462535
70457,30.527464,-90.113355
93670,36.485557,-119.254153
08245,39.176509,-74.819028
23668,37.020264,-76.338549
24855,37.408711,-81.425011
03910,43.172952,-70.609686
28359,34.58685,-79.054744
47361,40.004184,-85.384931
60144,41.835076,-88.51986
62706,39.797886,-89.655398
04926,44.480319,-69.515208
17311,39.816966,-76.841834
25112,38.381037,-81.766295
30756,34.901053,-84.97459
43909,40.067659,-80.814932
95604,39.238526,-120.071431
49443,43.222007,-86.241585
70340,29.669742,-91.104288
03604,43.132288,-72.389804
13674,43.737328,-76.051881
14542,43.153106,-76.875842
60519,41.77748,-88.242553
71209,32.531362,-92.070982
72826,35.129532,-93.710153
28019,35.283896,-81.793877
46984,40.667737,-85.829789
56075,43.735161,-94.436621
83438,43.959665,-111.759258
49075,41.917513,-85.448603
88244,32.764127,-103.224949
04975,44.625378,-69.588327
23147,37.369636,-77.039114
30272,33.623122,-84.501756
35185,33.348974,-86.538784
28755,35.908203,-82.217538
35032,33.263126,-86.334052
35074,33.22236,-87.124251
35990,34.066728,-86.305243
38007,36.164233,-89.439192
38839,33.855572,-89.284062
42037,37.158305,-88.184495
47865,39.019096,-87.392584
68056,41.141242,-95.904413
80544,40.103105,-105.1715
15353,39.962227,-80.311151
05670,44.177237,-72.506059
06387,41.744107,-71.909865
13102,42.550304,-76.292002
47853,39.537458,-87.072845
15072,40.139324,-79.856063
28039,35.680389,-80.436238
30598,34.5966,-83.354162
12040,42.630519,-73.359094
17056,40.533518,-77.355554
38733,33.744626,-90.735133
44881,40.870304,-82.876744
55905,44.055948,-92.525906
79699,32.46219,-99.714942
19369,39.98069,-75.894734
33840,28.009157,-81.905049
40526,38.029736,-84.501378
78150,29.538151,-98.281563
13119,42.976556,-76.444902
17884,41.051986,-76.674978
43738,39.855347,-82.140488
47916,39.983429,-87.055233
04006,43.443994,-70.342944
30724,34.825178,-84.757885
47370,39.812813,-85.137775
48870,43.110264,-84.984823
56020,43.61458,-93.530173
61625,40.697698,-89.614572
16654,40.491883,-78.028557
16699,40.447211,-78.560505
71066,31.874781,-93.198262
72377,35.675299,-90.340104
98558,46.936152,-122.560492
16236,40.781222,-79.523713
17323,40.075225,-77.026693
19442,40.1327,-75.578788
33530,27.9077,-82.172352
51045,42.820319,-96.057947
92415,34.105054,-117.286848
31333,31.767828,-81.627458
32512,30.398995,-87.299246
33039,25.497969,-80.398172
40231,38.1955,-85.695227
46704,41.10366,-85.292142
15123,40.348186,-79.934828
47869,39.274994,-87.496599
50427,42.835528,-93.221176
71999,34.127255,-93.059309
56562,46.864506,-96.770166
68588,40.824921,-96.696429
11556,40.719939,-73.583402
14642,43.122834,-77.625114
30726,34.974872,-85.141048
46183,39.653964,-86.28129
51578,41.720068,-95.395078
54946,44.337097,-89.145114
98609,46.071811,-122.865709
19477,40.184453,-75.235796
63880,36.329979,-90.025872
75694,32.638328,-94.344401
96848,21.301329,-157.814276
15752,40.540915,-79.281757
17568,39.948019,-76.234129
32610,29.64076,-82.343353
52312,42.006168,-91.245263
58076,46.274056,-96.607449
01937,42.585723,-70.984051
15378,40.277789,-80.274385
25432,39.295447,-77.786803
30912,33.4702,-81.987917
71475,31.201296,-93.1246
72352,34.655967,-90.734283
40063,37.56954,-85.344634
43974,40.182205,-80.887645
46045,40.28961,-86.148659
71279,32.486719,-91.856879
85654,32.415139,-111.154573
16151,41.442851,-80.20567
17974,40.695924,-76.236127
14732,42.218904,-79.107166
16682,40.271993,-78.456469
17506,40.117172,-76.052736
60604,41.878113,-87.629071
10915,41.54018,-74.356996
14893,42.469472,-77.111769
28136,35.420501,-81.642411
55814,46.835186,-92.197125
94104,37.791412,-122.402129
05073,43.628412,-72.461574
31004,32.951665,-83.805316
45838,40.740406,-84.477816
72457,36.085439,-91.068234
83215,43.443135,-112.812428
04431,44.564528,-68.667723
46508,41.155122,-85.969414
15647,40.342641,-79.720034
27570,36.438631,-78.236608
69353,41.74705,-103.418918
73070,35.227641,-97.42718
07846,40.966823,-74.876834
47382,40.236883,-84.918433
13134,42.967368,-75.684678
16172,41.117708,-80.331045
54857,45.593407,-91.599298
61402,40.939903,-90.406354
76129,32.709324,-97.36269
97432,43.104294,-123.429446
54307,44.470458,-88.036594
57197,43.524551,-96.73861
80646,40.475379,-104.697597
25755,38.423592,-82.427923
35632,34.80768,-87.680572
21105,39.715129,-76.652282
47871,39.389709,-87.300219
08073,40.009508,-74.866845
47263,39.308848,-85.328478
49434,42.770029,-86.20771
01063,42.319584,-72.639539
27881,35.97022,-77.442266
28641,35.97546,-81.894868
32214,30.207684,-81.683226
38046,35.046002,-89.244092
40849,36.899375,-83.135503
43505,41.524228,-84.730909
46967,40.695045,-86.194834
47226,39.282638,-85.869051
92161,32.874072,-117.231563
98416,47.262706,-122.48196
10953,41.405855,-74.077917
40448,37.457088,-84.757625
43142,39.592923,-83.587788
14827,42.180651,-77.142885
19516,40.486855,-76.005264
28666,35.718637,-81.470616
44101,41.489929,-81.671842
54985,44.075638,-88.519717
07878,40.871598,-74.47824
47366,39.861237,-85.260631
17120,40.265123,-76.882763
38947,33.517185,-89.921182
43218,40.017566,-82.923723
63387,39.183555,-91.016734
49084,42.180349,-86.385082
30812,33.367452,-82.029067
44555,41.10726,-80.648749
66742,37.919584,-95.348902
93227,36.344445,-119.418562
17576,40.037111,-76.197806
23909,37.298993,-78.396307
56140,43.909432,-96.367168
60113,41.931309,-88.96413
61471,40.695781,-90.825065
47986,40.513775,-87.207189
69355,41.781956,-103.516937
26435,39.267149,-80.085325
46345,41.53036,-86.699931
64654,39.848589,-93.775568
29117,33.498276,-80.850086
44825,40.954424,-82.941927
46513,41.362876,-86.448101
67482,39.02689,-97.259713
12161,42.5337,-73.846164
14166,42.450971,-79.416054
19955,39.226969,-75.664724
38152,35.118273,-89.93745
45720,39.093601,-81.923103
61750,40.1225,-88.855673
72615,36.315419,-93.01203
95211,37.980264,-121.311149
27599,35.904045,-79.052134
49409,43.080755,-86.218375
77473,29.794594,-96.103745
98544,46.738971,-123.026988
17075,40.39366,-77.834499
38338,35.874646,-88.84878
62030,39.154609,-90.164457
26586,39.526547,-80.109518
37682,36.300321,-82.291672
45866,40.48878,-84.550493
68438,40.626558,-96.744665
76909,31.441425,-100.466262
27268,35.971399,-79.994696
12854,43.450009,-73.327576
14061,42.5911,-79.089486
29378,34.966792,-81.968697
98583,47.000882,-123.486663
62852,38.349942,-87.866757
20899,39.1444,-77.216175
29079,34.289086,-80.113167
43027,40.253735,-82.522816
77046,29.734428,-95.433099
38389,36.103118,-89.121406
43330,40.813493,-83.419408
77986,29.476607,-96.796078
80419,39.728414,-105.202468
04940,44.617983,-70.078802
14585,42.905821,-77.552937
19733,39.559085,-75.651523
31556,31.40505,-82.115244
33856,27.856161,-81.428206
47344,39.878548,-85.463972
15696,40.279783,-79.365884
23298,37.541707,-77.42953
45301,39.710981,-84.023014
75680,32.010317,-94.718133
35559,33.911639,-87.735364
67553,38.654479,-99.320027
80546,40.527112,-104.850247
15004,40.342219,-80.382854
75132,32.938662,-96.380424
99850,58.488208,-135.484316
02350,42.021013,-70.845791
06020,41.862788,-72.909934
55090,45.053731,-92.957987
58707,48.247706,-101.301268
98447,47.145262,-122.443631
18231,40.900734,-76.004552
36865,32.602618,-85.589334
45156,38.809892,-84.213589
47464,39.299786,-86.649954
65278,39.342148,-92.412206
72180,34.531162,-92.214438
77368,30.451225,-94.840633
93741,36.76743,-119.796035
17822,40.968662,-76.603296
20892,39.000635,-77.103711
47983,40.286325,-86.77353
76798,31.546107,-97.120959
90743,33.72953,-118.092436
98314,47.562471,-122.638719
38879,34.195185,-88.712124
62256,38.226376,-90.231493
63824,37.004943,-89.526454
70558,30.100525,-92.075759
98556,46.885644,-123.140966
16213,41.125548,-79.558302
17933,40.603688,-76.242608
46789,41.582671,-85.197403
51340,43.240489,-95.156123
95431,38.349069,-122.516176
32306,30.442319,-84.294482
35487,33.213827,-87.547643
96078,40.082374,-122.176071
07831,40.739211,-74.946813
30289,33.323596,-84.633698
43836,40.208699,-81.718579
52308,41.573345,-92.159358
66622,39.026315,-95.722224
93962,36.624716,-121.646487
16910,41.7046,-76.831056
21866,37.967128,-76.021365
28074,35.239358,-81.878193
29375,34.860536,-82.113828
40061,37.70974,-85.264093
40339,37.942173,-84.642798
70402,30.516501,-90.46926
62879,38.765021,-88.359032
79832,30.36324,-103.649247
05344,42.838938,-72.732683
10545,41.178573,-73.835465
45848,41.024493,-84.077088
14742,42.119453,-79.308881
15629,40.597437,-79.562908
24469,38.200975,-78.908253
36564,30.469787,-87.914526
15634,40.325272,-79.605972
32634,29.36466,-82.254275
37315,35.047214,-85.051644
47997,40.667691,-86.723792
61323,41.435484,-89.396058
64765,37.99678,-94.442531
67055,37.783374,-97.203149
86011,35.189512,-111.654712
12820,43.460074,-73.640713
15934,40.28096,-78.796162
29733,34.939453,-81.031719
30072,33.79141,-84.204844
36764,32.115184,-87.985264
32228,30.39186,-81.400074
45316,39.797545,-83.825229
47034,39.204329,-85.327328
65675,36.93093,-93.492387
66522,39.866134,-95.938181
42631,36.740393,-84.480989
74753,33.907851,-96.533959
47982,40.197262,-87.52689
72119,34.836907,-92.295044
13747,42.48997,-74.982049
43972,40.101754,-80.973719
71359,31.324701,-92.426319
06080,41.950485,-72.635178
17943,40.761663,-76.379394
75884,31.789238,-95.892617
38029,35.242098,-89.823522
60536,41.598542,-88.552061
74358,36.917964,-94.880518
07939,40.667279,-74.552164
15348,39.985733,-79.996203
21641,38.917043,-75.941779
27411,36.076615,-79.771513
49784,46.257681,-84.454857
02584,41.257578,-70.005294
61037,41.788389,-89.759781
29177,34.140505,-81.267506
30597,34.527577,-83.984589
47225,39.435508,-85.344466
56022,44.052625,-94.83861
72441,36.435603,-90.389364
01718,42.522816,-71.430271
15680,40.521066,-79.496354
42370,37.449977,-86.741129
43350,40.395564,-82.699799
74078,36.125273,-97.079718
79920,31.822773,-106.459822
68751,42.69043,-96.981426
70580,30.675428,-92.428438
90639,33.905746,-118.014907
40941,37.130055,-83.745555
50241,41.307698,-93.733845
14169,42.764514,-78.52935
43530,41.327921,-84.289447
43740,39.951429,-82.217201
44670,40.763006,-81.187916
47247,39.05972,-85.88785
50041,42.634332,-93.246598
67041,38.054094,-97.127536
18086,40.739162,-75.548368
28424,34.290349,-78.699676
37394,35.539186,-85.860646
39058,32.335712,-90.331549
56313,45.784022,-93.552745
73031,35.03381,-97.631399
04227,44.568652,-70.294791
05439,44.495652,-73.165216
17247,39.798776,-77.579352
39635,31.184305,-90.448574
50620,43.157125,-92.591191
64090,38.760043,-94.163889
68072,41.610126,-96.504696
71345,30.728356,-91.975451
37383,35.211405,-85.913222
42759,36.828162,-85.51444
50592,42.729257,-95.183407
16633,40.159722,-78.232513
18962,40.344604,-75.270454
19474,40.224264,-75.404995
29683,35.030088,-82.492939
95053,37.348462,-121.937271
15359,39.876616,-80.275632
45352,40.05012,-84.744314
47881,39.487284,-87.190049
72630,36.461353,-92.92079
61371,41.499321,-89.019862
31698,30.848992,-83.289627
37316,35.001661,-84.729673
47964,40.952296,-87.299596
19736,39.780331,-75.642813
27533,35.38746,-78.038964
32337,30.483148,-84.021121
39885,31.721896,-84.343026
46595,41.526314,-86.163421
50657,42.344546,-92.674044
22125,38.681729,-77.261861
45132,39.343936,-83.599545
54760,44.424142,-91.206127
43321,40.463053,-82.829033
45893,40.881452,-84.145379
88268,32.176322,-104.379342
32432,30.714114,-85.077237
53088,44.071746,-88.299592
72035,35.078887,-92.458269
79085,34.739899,-102.509167
10932,41.48216,-74.464285
15945,40.359077,-78.868714
02918,41.843839,-71.435018
15831,41.353064,-78.604278
17550,40.074909,-76.583516
26058,40.187138,-80.661917
29338,35.134468,-82.001787
29834,33.517756,-81.843006
47809,39.471403,-87.409894
72636,35.990981,-92.716181
85026,33.448905,-111.973547
96759,21.460185,-158.059966
15841,41.257905,-78.504358
43077,40.13705,-83.341267
44659,40.6948,-81.701825
62861,38.035177,-88.045277
56325,45.562902,-94.947199
62336,40.467551,-91.173341
77852,30.428385,-96.757581
94575,37.840961,-122.109502
12438,42.2103,-74.601029
60075,42.492576,-87.908663
83454,43.594581,-111.956873
99258,47.666041,-117.402348
43036,40.352136,-83.263182
92697,33.649727,-117.849085
17887,41.07531,-76.895759
45358,39.987264,-84.48778
57741,44.410498,-103.472882
61541,40.980378,-89.234952
67843,37.730253,-99.93724
13683,44.973878,-74.735483
15088,40.270567,-79.896214
36057,32.374662,-86.084602
43565,41.420445,-83.740106
45360,40.330159,-84.092195
53003,43.212283,-88.519618
63774,37.09425,-89.774723
08544,40.346492,-74.657848
12915,44.853444,-74.034955
27593,35.585803,-78.362338
40807,36.96402,-82.955591
35119,33.638022,-86.778579
45617,39.279642,-83.155586
04415,45.352922,-69.058231
15560,40.016912,-78.906652
43109,39.917249,-82.831886
49104,41.963527,-86.358893
75429,33.278511,-95.892297
44828,41.233963,-82.859475
50673,42.52505,-92.711288
55402,44.976069,-93.271161
72322,35.068836,-90.80794
07961,40.781113,-74.435151
13455,42.917938,-75.376567
15784,41.024489,-79.141065
24738,37.303215,-81.3201
72183,34.6015,-92.192268
17303,39.92609,-77.29762
28017,35.247082,-81.670682
43531,41.635044,-84.495666
45307,39.580612,-83.72337
14856,42.377324,-77.369404
23708,36.847681,-76.304081
45310,40.352937,-84.642673
12527,41.519348,-73.936846
08890,40.539047,-74.575409
15510,39.964326,-79.039955
19544,40.416876,-76.296566
33388,26.117118,-80.254165
35070,34.01366,-86.742656
71721,33.890889,-93.206447
84602,40.254108,-111.650082
97310,44.875911,-122.974514
98921,46.430723,-120.316813
35577,34.091668,-87.599289
45435,39.781088,-84.063113
91125,34.137644,-118.124952
12530,42.206908,-73.68415
21285,39.38749,-76.617005
56210,45.557332,-96.559589
25851,37.80255,-81.259402
45041,39.210865,-84.702469
46931,40.946907,-86.264552
23304,36.996135,-76.572107
50319,41.591141,-93.602996
54464,45.054774,-89.01748
74082,36.448822,-95.880889
11005,40.756643,-73.71424
26524,39.540768,-79.807202
27110,36.089246,-80.224832
99151,48.664465,-118.061215
99251,47.753833,-117.417864
28770,35.621106,-82.278167
63758,37.192135,-89.550526
21653,38.744016,-76.175776
36038,31.40789,-86.486923
50631,42.885148,-92.309518
43711,39.841865,-81.577973
12604,41.688427,-73.894464
13738,42.562317,-76.119762
54127,44.796922,-88.268174
02824,41.999441,-71.562125
19456,40.136643,-75.459637
40801,36.857008,-83.254924
46930,40.40946,-85.572582
57799,44.498152,-103.872505
15435,39.943193,-79.847283
15739,40.67872,-79.164571
50593,42.657988,-94.898247
52562,41.265387,-92.248586
66778,37.00045,-94.83891
70310,29.790543,-90.802982
71772,33.833785,-93.126452
29614,34.873714,-82.363011
48630,44.325497,-84.773269
27827,35.698211,-77.512233
48852,43.352631,-85.046437
50255,41.455931,-92.332086
02802,41.95213,-71.456233
17317,39.971309,-76.522617
14549,42.696731,-78.022097
95041,37.050534,-122.058279
27877,36.51881,-77.192219
60301,41.888654,-87.796538
64833,37.19381,-94.129842
52548,41.08548,-92.53063
48862,43.249903,-84.548412
02553,41.713138,-70.622283
40404,37.573157,-84.290332
44690,40.613106,-81.693638
66251,38.917163,-94.658844
67260,37.719325,-97.293383
15731,40.501216,-79.172943
30118,33.572902,-85.099437
45349,39.989039,-83.940579
15028,40.295232,-79.799006
23441,37.712102,-75.699413
45147,39.210768,-84.302556
45389,40.056317,-84.025348
46170,39.571624,-86.862651
71009,32.578008,-93.891836
27351,35.659775,-80.267892
29346,34.945184,-81.836208
52631,40.783093,-91.612355
71659,34.135067,-91.780736
72178,35.203821,-91.612682
95675,38.545458,-120.742909
56668,48.61505,-93.345358
93943,36.597649,-121.87331
02457,42.298309,-71.27302
17371,39.902613,-76.787991
48859,43.586849,-84.772768
72139,35.362156,-91.509915
75962,31.619839,-94.648445
08032,39.780545,-75.059612
28108,34.933185,-80.679471
16835,40.906681,-77.877341
16853,40.940357,-77.786143
55772,48.110172,-93.100224
61324,41.769935,-89.413597
65654,37.021684,-93.897529
43961,40.523512,-80.630385
46377,41.194282,-87.347795
47282,38.985368,-85.610034
48627,44.461678,-84.748646
72311,34.720727,-90.896838
34445,28.971387,-82.42406
43925,40.445981,-80.862313
60956,40.967685,-87.716245
68068,41.397607,-96.207509
89557,39.542443,-119.815919
91371,34.185015,-118.576088
92182,32.774983,-117.074228
12864,43.727403,-74.305353
18935,40.432826,-75.394995
88004,32.250185,-106.949226
45815,41.156945,-83.942593
50031,42.038807,-94.140029
93666,36.546208,-119.336177
02823,41.733362,-71.543668
44861,41.24259,-83.14623
60208,42.053554,-87.670259
70640,30.365879,-92.916564
25054,38.120523,-81.451884
58505,46.820285,-100.781059
59812,46.861226,-113.984509
43467,41.243263,-83.490878
88355,33.362914,-105.669404
54927,44.103128,-88.654369
27201,36.034172,-79.484829
55796,47.930019,-91.795004
63047,38.195501,-90.487417
03291,43.179773,-71.14197
36851,32.150424,-85.080888
43317,40.475145,-82.680931
47324,39.741177,-84.851755
68849,40.701456,-99.100884
18242,40.90602,-76.123495
27342,36.06636,-79.618597
30429,32.156771,-81.934857
45372,40.013912,-83.83835
45630,38.697389,-83.092891
58313,48.166169,-100.036646
50608,42.588138,-92.960793
68309,40.049051,-96.572866
85532,33.409566,-110.842059
15922,40.5185,-78.878018
50831,40.950844,-94.222363
42374,37.332691,-87.139599
46111,39.541991,-86.367394
98238,48.335597,-122.34451
07844,40.908616,-74.969576
55155,44.951919,-93.099363
11794,40.91919,-73.125015
38036,35.327248,-89.619386
50847,41.141664,-94.983877
32616,29.782044,-82.499316
45055,39.457057,-84.510899
17249,40.241883,-77.900179
89158,36.104781,-115.176621
43010,39.999627,-83.621903
61815,40.110725,-88.367954
95736,39.039122,-120.977494
95221,38.072286,-120.548466
98565,46.578391,-122.907094
08011,39.975279,-74.713802
19980,39.073522,-75.570169
20612,38.509514,-76.679329
39753,33.48448,-88.630491
43786,39.710868,-81.277046
81148,37.171822,-105.985415
06467,41.565463,-72.900239
44640,40.985543,-81.150705
51651,40.656567,-95.034694
90263,34.039281,-118.708146
21867,38.110276,-75.793973
49852,45.786249,-87.816777
52759,41.460439,-90.809851
41729,37.269213,-83.215709
45739,39.19112,-81.746416
47924,40.489843,-86.757837
49289,41.771403,-84.107074
68923,40.368328,-99.473203
74521,34.662141,-95.099369
17016,40.273106,-76.406884
18625,41.515032,-75.850156
43981,40.18442,-80.994283
44080,41.368405,-81.057809
08821,40.520721,-74.688338
26506,39.646781,-79.970152
28575,34.688187,-76.880939
53295,43.02227,-87.976617
15472,39.919407,-79.716834
21781,39.571253,-77.759805
52737,41.259178,-91.374738
87151,35.007689,-106.860341
53599,42.647308,-89.857206
73022,35.616939,-97.992248
30451,32.393273,-81.956218
45855,41.088192,-84.58349
32182,29.509246,-81.941044
44639,40.451729,-81.20975
72427,35.868766,-90.948959
15962,40.389404,-78.716371
17076,40.620926,-77.307498
86313,34.554222,-112.452883
98263,48.523789,-122.065597
07505,40.917008,-74.171936
21250,39.255611,-76.711179
39174,32.401019,-90.160257
80826,39.218744,-103.691289
94613,37.78072,-122.183029
21715,39.37876,-77.660722
14260,43.001682,-78.790638
16848,41.011313,-77.533288
49634,44.214721,-86.288768
18079,40.744052,-75.656866
52030,42.153194,-90.592277
57245,44.893654,-96.918338
61524,40.491238,-90.034652
74456,35.710845,-95.9926
04489,44.91075,-68.691209
30664,33.556259,-82.798319
56125,44.054516,-95.547738
10519,41.347163,-73.663362
14752,42.351735,-79.319805
92179,32.583904,-116.933475
14539,42.834075,-77.875281
16427,41.874637,-79.971279
17982,40.768001,-76.038084
45131,38.789761,-83.966967
49074,42.320279,-85.540318
70038,29.331064,-89.400699
07842,40.944622,-74.500876
62248,38.30589,-89.992855
73556,34.725983,-99.386657
98207,47.987223,-122.224193
45699,38.874131,-82.970465
47367,40.083663,-85.392067
75413,33.435954,-96.164755
17342,39.852798,-76.707836
13115,43.393725,-76.474679
60969,41.110968,-88.149713
22472,37.958833,-76.672509
50078,41.938595,-92.862908
55029,45.635165,-93.20119
14774,42.088784,-78.146662
72467,35.842221,-90.677602
76957,31.372301,-100.305145
83656,43.724975,-116.795398
19457,40.206881,-75.585751
19717,39.678689,-75.749962
25002,38.130879,-81.254724
50842,41.039906,-94.461796
52166,43.067951,-91.935511
65688,36.649279,-91.693279
01074,42.380823,-72.103895
56294,44.314874,-95.213085
15921,40.31643,-78.697865
43151,39.733173,-83.476623
13290,43.069136,-76.173017
15082,40.380317,-80.21059
16444,41.871224,-80.120756
34267,27.089306,-81.954297
47405,39.167655,-86.521101
48440,42.955721,-83.407839
52568,41.177898,-92.250771
27985,36.218808,-76.473719
44610,40.560865,-81.800867
45816,41.004537,-83.794005
45819,40.623958,-84.260391
47306,40.20677,-85.407238
06353,41.455998,-72.138986
07970,40.809387,-74.571554
19052,39.897179,-75.445336
14588,42.679746,-76.870399
27841,35.908579,-77.27636
45888,40.602322,-84.085692
48411,42.934196,-83.529554
51009,42.945024,-95.551435
21540,39.478781,-79.058903
45899,40.802675,-84.772307
52557,41.020067,-91.966364
15421,39.845249,-79.597386
06510,41.306193,-72.926613
14056,42.991805,-78.306603
33574,28.338027,-82.257098
43842,40.137444,-82.011816
34729,28.617449,-81.700797
53099,43.380446,-88.525704
75903,31.374077,-94.748009
01901,42.460419,-70.946379
20686,38.187079,-76.432826
36547,30.252206,-87.654504
48896,43.52125,-84.901015
51656,40.735257,-95.154337
04570,43.808546,-69.630765
08352,39.475445,-75.127242
65409,37.950967,-91.77954
88024,32.065401,-106.618009
17263,39.724078,-77.717245
27506,35.408583,-78.739274
43101,39.464497,-82.746107
46943,40.972585,-85.839988
95697,38.732881,-121.807195
17253,40.212399,-78.006251
30581,34.796301,-83.424477
32697,29.92816,-82.425529
57346,44.249138,-99.456674
73523,34.655169,-99.285311
13352,43.308948,-75.126654
44838,40.771565,-82.256155
94562,38.430651,-122.408853
34138,25.813921,-81.363212
63738,37.08984,-89.95723
11569,40.590374,-73.580415
29589,34.100602,-79.320161
49430,43.012006,-85.900493
55036,45.871312,-93.119704
06389,41.560396,-72.123465
15674,40.206798,-79.496381
73436,34.285608,-97.040507
02836,41.454039,-71.620233
13699,44.663703,-74.998445
24327,36.773635,-81.829717
26361,39.365117,-80.31774
28628,35.729174,-81.778268
38455,35.061981,-86.893642
51008,42.811254,-96.267221
97020,45.222642,-122.838847
26210,38.903148,-80.277888
15635,40.347904,-79.501557
52647,41.134185,-91.545051
94576,38.549256,-122.4758
03231,43.450897,-71.754096
15324,40.100705,-80.065386
13123,43.227964,-75.75321
83460,43.816379,-111.782607
98505,47.073195,-122.973645
52348,41.9933,-92.385955
27879,35.574488,-77.279651
30665,33.537349,-83.073991
44325,41.076124,-81.512285
71330,31.110023,-92.241499
21664,38.607572,-75.947113
79733,32.110338,-101.366796
45740,39.47703,-82.080095
13692,44.288621,-76.02574
08212,38.940414,-74.964284
29665,34.724825,-82.914632
63840,36.191637,-89.884209
29368,35.082619,-81.862846
43322,40.532546,-83.208117
83840,48.312613,-116.515056
23943,37.24321,-78.462039
43463,41.511458,-83.505088
95537,40.727152,-124.219177
10039,40.826287,-73.937526
30449,32.525339,-81.534514
43156,39.553806,-82.776293
47584,38.251069,-87.256759
52774,41.907538,-90.595907
25109,38.531302,-81.860557
63853,36.058277,-89.867412
79383,33.32435,-101.90802
55150,44.887411,-93.161007
16856,40.928771,-77.650034
43553,41.530662,-84.217902
62841,37.858686,-88.996437
14130,42.553172,-78.149542
66782,37.284955,-94.926099
97364,44.998839,-123.986967
02325,41.990101,-70.962408
12471,41.837924,-74.04193
19511,40.485917,-75.74323
45378,39.902945,-84.487797
63467,39.648489,-91.267284
18101,40.603231,-75.469505
24448,37.79711,-79.788524
07833,40.892819,-75.069436
54643,44.18818,-90.63237
72332,35.101162,-90.302348
45160,39.123667,-84.136971
15081,40.575072,-80.236104
47958,40.164523,-87.148628
13154,43.133795,-76.761877
38054,35.335804,-89.874415
43403,41.377844,-83.636555
16161,41.202311,-80.492827
87060,34.738681,-106.736554
24601,37.190597,-81.640566
51432,41.910095,-95.137973
76241,33.645414,-97.176257
95444,38.432624,-122.869241
08608,40.219081,-74.766843
29373,34.92447,-81.743043
54926,44.615607,-89.020239
17858,40.84241,-76.423278
55950,43.743455,-92.966283
62915,37.784449,-89.122134
40049,37.663524,-85.395025
41085,39.034976,-84.393912
14168,42.511876,-78.987407
14453,43.016056,-77.473575
17949,40.796066,-76.236125
29912,32.584548,-80.928494
17957,40.593575,-76.516637
20742,38.994183,-76.94344
23414,37.813754,-75.58691
41268,37.788502,-82.785236
85329,33.431771,-112.29641
07088,40.718342,-74.283764
14788,42.061465,-78.380575
32360,30.364998,-84.812403
74837,35.34312,-96.456133
01438,42.561088,-72.036074
10988,41.301494,-74.562447
30539,34.680607,-84.470127
63745,37.255887,-89.659456
23173,37.575763,-77.541537
60932,40.465104,-87.800118
92096,33.128156,-117.156194
19564,40.518015,-75.872059
25162,38.207656,-81.382999
30460,32.427122,-81.783189
45870,40.556255,-83.951444
53195,42.513955,-88.490108
04057,44.0956,-70.701768
63365,38.709576,-90.873384
12452,42.237405,-74.359025
38365,35.057656,-88.237619
38578,35.980308,-85.196306
46946,41.039275,-85.730239
05050,44.264058,-72.063843
16024,40.73975,-80.037228
57007,44.319236,-96.783974
80705,40.271114,-103.834267
99692,53.883787,-166.544899
06459,41.549892,-72.661536
46063,40.271794,-85.723961
35052,33.590682,-86.409897
45351,40.339553,-84.495733
37165,36.29113,-87.475439
53953,43.766096,-89.457916
16246,40.791717,-79.182161
46937,40.415348,-86.03693
61276,41.316601,-90.576297
39406,31.328937,-89.335063
64858,36.900862,-94.530534
51341,43.018185,-95.036
99102,46.79218,-117.25036
35060,33.557586,-86.928164
62961,37.340904,-89.253148
98235,48.463237,-122.231223
15561,40.093771,-79.090687
28330,34.910673,-79.823315
50012,42.029706,-93.650496
54637,43.878745,-90.270778
02841,41.507459,-71.330024
16840,40.924257,-78.20308
15275,40.452443,-80.184114
63742,37.160012,-89.446952
64849,37.254396,-94.445292
73743,36.56325,-97.992664
04541,43.886691,-69.484076
44049,41.266529,-82.305788
53176,42.643045,-88.414458
65726,36.619595,-93.242859
66501,39.052914,-96.236894
12417,41.906422,-73.990723
13121,43.484889,-76.309694
45859,40.693054,-83.785735
53947,43.746768,-89.137671
54980,43.986125,-88.765941
99124,48.001499,-118.953675
42061,36.882838,-88.766366
21890,38.158081,-75.700905
50426,43.415119,-93.017244
81043,38.119748,-102.223113
10517,41.298466,-73.86014
23486,37.517888,-75.806853
29724,34.775005,-81.012539
75849,31.396569,-95.476161
15430,40.039418,-79.654371
55384,44.935926,-93.63011
59851,46.871545,-113.876577
59855,47.600266,-114.117887
45319,39.91607,-83.943293
08072,39.544683,-75.412568
24020,37.35612,-79.943194
27340,35.945481,-79.310108
01347,42.563223,-72.509775
43002,40.057262,-83.168467
74171,36.050615,-95.952561
15460,39.807134,-79.90761
50634,42.418187,-92.214258
78674,30.670574,-97.598481
19345,40.029699,-75.569519
17039,40.292709,-76.240707
45032,39.502575,-84.00757
50272,41.088096,-93.256842
15366,40.159736,-79.973851
13163,43.078917,-75.706892
70050,29.38336,-89.595672
12226,42.679296,-73.80987
13051,42.883189,-75.910112
40830,36.776364,-83.331299
54654,43.268539,-90.954198
81030,38.104859,-103.511496
18921,40.529626,-75.171066
57061,44.244494,-97.044031
80939,38.872785,-104.675754
89319,39.279172,-114.987342
77843,30.615329,-96.340234
16724,41.746136,-78.389766
27825,35.835279,-77.171481
44415,40.770656,-80.704549
61258,41.521849,-89.913968
71272,32.529187,-92.651631
81227,38.549326,-106.2901
07756,40.21182,-74.006944
12069,42.946036,-74.279938
18085,40.741702,-75.254287
23884,36.917319,-77.280089
50652,42.264539,-92.692336
71426,31.491792,-93.461665
18440,41.559335,-75.765121
28362,34.369609,-79.128839
73032,34.400463,-97.050581
30609,33.933102,-83.372322
51451,42.185084,-94.695163
77561,30.134736,-94.735504
29899,33.928023,-82.250602
51244,43.244307,-95.934382
16253,40.956694,-79.343547
44850,41.035393,-82.684018
52168,43.203409,-91.953412
53817,42.940288,-90.972343
67053,38.247072,-97.345742
15761,40.63405,-78.890103
47836,39.649184,-87.172324
52657,40.767847,-91.516424
45854,40.760105,-83.952122
06350,41.648256,-72.069227
14853,42.446404,-76.481231
15446,40.026316,-79.386487
36559,30.56904,-87.903933
98623,45.799594,-121.493459
72426,35.856098,-90.041596
41612,37.354529,-82.722194
52752,41.274656,-91.191072
52801,41.521038,-90.574849
02357,42.063974,-71.077368
36082,31.802725,-85.955086
53069,43.112665,-88.432986
13103,43.326604,-76.104944
50152,41.968734,-93.817643
01745,42.292114,-71.499197
38644,34.45889,-90.475777
98430,47.116718,-122.568752
05141,43.158836,-72.560237
30807,33.457408,-82.648621
47035,39.310128,-84.904094
92278,34.235057,-116.058265
43931,39.672931,-80.872071
45328,40.116253,-84.496755
85709,32.141344,-110.990119
61955,39.581626,-87.587505
29046,34.112507,-80.161301
47965,39.954562,-86.919957
43157,39.843016,-82.546824
24246,36.866168,-82.743949
33858,28.245093,-81.558313
47236,39.151743,-85.725277
54417,45.027187,-89.654128
21051,39.472691,-76.455841
43541,41.300739,-83.829661
25810,37.583494,-81.349947
54215,44.226774,-87.803316
57439,45.33465,-98.100066
15379,40.243194,-80.425176
15733,40.988862,-78.959295
19043,39.900483,-75.308894
53047,43.260504,-88.628678
90095,34.071183,-118.443404
15007,40.651253,-79.931616
70148,30.02732,-90.067597
15640,40.223124,-79.732499
21052,39.205023,-76.439629
36476,31.354575,-86.548397
45070,39.589695,-84.558089
46998,40.575463,-86.350821
42758,37.374757,-85.201006
43111,39.502067,-82.2427
74945,35.583882,-94.817396
76253,33.625251,-97.313579
30111,33.831787,-84.655039
04683,44.235863,-68.823941
99039,47.338133,-117.231303
43070,40.220585,-83.956489
46959,40.612752,-86.112292
72553,35.7009,-91.482101
16939,41.680994,-77.014099
46537,41.457313,-86.306584
48710,43.556513,-83.987669
16140,41.093646,-80.510732
19383,39.936617,-75.606001
28089,35.320272,-81.66069
78535,26.24961,-97.731281
95974,39.497297,-121.755698
38776,33.424672,-90.927454
72369,34.455236,-90.789531
74050,36.072262,-96.06655
27555,35.562379,-78.203517
35545,33.642127,-87.93145
51011,42.915627,-96.513876
64841,37.078712,-94.411027
97336,44.356759,-122.850832
72052,35.142496,-91.779184
15035,40.384884,-79.807338
08320,39.38508,-75.1606
47160,38.157188,-86.05004
44243,41.147842,-81.340464
51363,43.433676,-94.946745
67334,37.023897,-96.177144
50573,42.876796,-94.622557
12453,42.092947,-73.936225
71415,32.025394,-92.142355
44874,40.969379,-82.369629
50032,41.665911,-93.542852
50165,40.850773,-93.308462
15763,40.907143,-79.128005
31051,32.143126,-83.8794
32192,29.350183,-82.111066
49335,42.746252,-85.66907
52036,42.472887,-91.34089
53571,43.277906,-89.353641
02647,41.630127,-70.310144
52071,42.362383,-90.542345
58202,47.921461,-97.075108
29659,34.211685,-82.64531
43547,41.49216,-83.876316
35896,34.75297,-86.651594
97057,45.004221,-120.751607
17254,39.96848,-77.58932
29122,34.238792,-81.328296
43967,40.02653,-80.946227
50432,43.223981,-93.797899
72445,35.978197,-91.026586
14854,42.511524,-76.607446
27708,36.0001,-78.943102
16563,42.117759,-79.98577
83203,43.025242,-112.428141
21077,39.158365,-76.699539
33051,24.723406,-81.021647
64420,40.486462,-94.289201
45172,39.074472,-83.386883
17865,40.986673,-76.789771
43414,41.451403,-83.617162
53167,42.730069,-88.225404
56080,44.081722,-93.857876
12884,43.088495,-73.592146
03233,43.424004,-71.931192
25051,38.156947,-81.709791
56287,44.475752,-95.326447
21714,39.410591,-77.510051
54458,44.497118,-89.306142
66863,37.833687,-96.076297
97134,45.461766,-123.970593
13623,44.448693,-75.75305
21762,39.48059,-77.248289
50231,42.237649,-93.602568
62523,39.843721,-88.952944
19554,40.512879,-76.103733
50218,41.348429,-93.877528
52219,42.237527,-91.425728
60029,42.058549,-87.784941
08740,39.928358,-74.127773
32463,30.628041,-85.58734
44682,40.397787,-81.403463
67364,37.038569,-95.824277
84334,41.78959,-112.15188
04267,44.224773,-70.770864
32079,29.977993,-81.807021
75475,33.485946,-96.257579
83218,43.318029,-112.164538
45051,39.099843,-84.655127
44068,41.90621,-80.678814
94964,37.940595,-122.490712
99329,46.139705,-118.14695
53501,42.603546,-89.075661
46103,39.689553,-86.61383
48502,43.014645,-83.689159
73066,35.501707,-97.328229
01242,42.333734,-73.249199
11547,40.829066,-73.644718
14545,42.66163,-77.710568
14778,42.077618,-78.482745
27861,35.817205,-77.319014
31704,31.549679,-84.055507
19375,39.900053,-75.73698
01224,42.503728,-73.201636
15444,40.013407,-79.908458
16665,40.389037,-78.434914
13020,42.816424,-76.074504
25855,37.940492,-81.153049
99662,61.841929,-165.583279
31599,31.562748,-81.901734
49458,43.948125,-86.114888
61013,42.375397,-89.636374
20765,38.846396,-76.547617
49921,47.091218,-88.57971
52595,41.288471,-92.615052
62997,37.983572,-89.590535
28619,35.760135,-81.606807
52056,42.604028,-91.072578
18503,41.41008,-75.667703
72313,35.530795,-90.13947
21810,38.290675,-75.689266
24816,37.461102,-81.705939
40020,37.934784,-85.387416
58452,47.54019,-98.229147
47420,38.919213,-86.549412
50163,41.222284,-93.241041
45621,39.11137,-82.609935
55366,44.67235,-94.234581
60456,41.731248,-87.731134
61043,42.066754,-89.104946
49027,42.350328,-86.067386
62517,39.59421,-89.433251
99775,64.857468,-147.834584
01608,42.26209,-71.801428
17861,40.77463,-77.076157
45155,39.042506,-83.752161
56371,45.433334,-94.637167
64065,38.952177,-94.404397
16619,40.683688,-78.415842
28554,35.475702,-77.592596
58255,48.996767,-98.353905
68664,41.704573,-96.786835
16328,41.650983,-79.72712
23551,36.923536,-76.292547
98539,46.637769,-123.273227
15734,40.719731,-79.009041
63820,36.824291,-89.325641
43722,39.919311,-81.519962
43433,41.504621,-82.880336
45673,39.203982,-82.811523
52757,41.803385,-90.355187
42022,37.144988,-88.944769
84408,41.192579,-111.939483
17080,40.640543,-76.802909
60183,41.940234,-88.409141
73746,36.68818,-98.662014
13410,42.928889,-74.611014
13859,42.371214,-75.249146
44809,41.132103,-83.293978
08329,39.286852,-75.005708
93043,34.170161,-119.202929
88003,32.278723,-106.745667
73705,36.339188,-97.902082
54841,45.607593,-91.778588
50552,42.456379,-94.460691
53812,42.580805,-90.602421
71497,31.749019,-93.097965
98345,47.700204,-122.624293
35615,34.662322,-86.875974
48724,43.457759,-83.926284
50839,41.048763,-94.822031
54931,44.270225,-88.668244
18701,41.243237,-75.885302
12132,42.471013,-73.633667
16940,41.977481,-77.233718
28042,35.422984,-81.507477
50102,42.245542,-93.400194
61027,42.333273,-89.755547
54160,44.118481,-88.101704
73901,36.754581,-101.075164
15863,41.015727,-78.838473
49119,41.875946,-86.549234
89085,36.309602,-115.198175
98811,47.734239,-120.373833
50529,42.722185,-94.200983
28331,35.196432,-78.648539
62250,38.540493,-89.264342
06901,41.053635,-73.538437
70813,30.527861,-91.197563
01840,42.706763,-71.160403
28101,35.255802,-81.075416
75687,32.105834,-94.963425
77204,29.720884,-95.343537
18081,40.563698,-75.281584
25818,37.86028,-81.191992
97147,45.685605,-123.88613
61363,41.254249,-89.182485
47907,40.422158,-86.913801
70391,29.995146,-91.060326
71428,31.609205,-93.088533
43336,40.283079,-83.576613
38723,33.229676,-91.038462
39595,30.334078,-88.578536
16631,40.27141,-78.347488
18413,41.647649,-75.532704
49791,45.481006,-84.599373
05030,43.39914,-72.408007
21652,38.718952,-76.281023
45336,40.442745,-84.257263
93665,36.963314,-120.650315
29667,34.764327,-82.756529
99727,65.976517,-161.139178
08248,39.194963,-74.657546
63140,38.739364,-90.324019
41142,38.27773,-83.073052
42332,37.250429,-87.088665
18950,40.434635,-75.066443
62078,39.47985,-90.486842
70836,30.387574,-91.083564
16113,41.280826,-80.424148
44665,40.835554,-80.987051
28725,35.382223,-83.268112
61419,41.199807,-90.117518
43962,40.673011,-80.889208
65320,39.066396,-92.945955
85191,32.984984,-111.446934
12172,42.289129,-73.738949
33786,27.932667,-82.8339
52307,41.791523,-91.902448
63878,36.503021,-89.822358
26451,39.204406,-80.403427
62953,37.209221,-88.847034
74947,34.99147,-94.515856
08039,39.685659,-75.277309
12456,42.032705,-73.997133
83825,48.247679,-116.607832
15564,39.729714,-78.845443
61346,41.506666,-89.719954
45783,39.175076,-81.839287
56035,43.819522,-93.272612
80310,40.003986,-105.261368
96751,22.10668,-159.305017
97331,44.56339,-123.281237
32399,30.383268,-84.231203
23316,37.294354,-75.965519
21130,39.474769,-76.189397
49942,47.260732,-88.41655
75848,31.772741,-96.334029
05904,44.416182,-71.706874
51459,42.044967,-94.637787
96747,21.916529,-159.631835
03871,42.980948,-70.777362
59231,48.403916,-106.544215
80131,39.476265,-105.00904
08074,39.716166,-75.16344
17027,40.157418,-76.982115
17762,41.284336,-76.699941
21560,39.565048,-78.706213
28367,35.169804,-79.723229
44619,40.905254,-80.954455
49863,45.61294,-87.551681
17069,40.458213,-76.98063
18327,40.983375,-75.146645
30018,33.71689,-83.804251
34760,28.557053,-81.62924
27873,35.653316,-77.776044
72424,36.391856,-90.728726
44702,40.799837,-81.376725
15631,40.089664,-79.585343
35584,33.819268,-87.087923
17235,39.857018,-77.697535
48620,43.807628,-84.380417
61857,40.11862,-87.843405
56369,45.469066,-94.335807
40310,37.750044,-84.772759
78712,30.283916,-97.732937
19127,40.029238,-75.226914
47845,39.193666,-87.233879
48069,42.471516,-83.1445
43761,39.66833,-82.148252
51550,41.692355,-95.873905
73435,34.357864,-97.495
20656,38.338457,-76.681318
28109,35.48289,-80.279892
02047,42.145534,-70.69505
14173,42.525944,-78.473112
33835,27.788246,-81.972591
42322,37.62126,-87.387256
48437,43.113049,-83.618412
94018,37.505997,-122.473318
06103,41.765103,-72.670756
13321,43.08896,-75.372252
47392,39.909974,-84.943965
68058,41.003954,-96.244019
51460,42.132415,-95.571034
93067,34.423101,-119.596155
38050,35.816301,-89.227092
43914,39.775225,-80.952806
28077,35.404802,-81.20277
33744,27.807285,-82.773051
72053,34.700535,-92.228432
28169,35.358117,-81.430602
50127,41.781222,-93.211283
83844,46.728763,-117.019905
46102,39.995552,-86.619922
71233,32.325145,-90.931697
80520,40.114073,-104.933438
72108,34.728038,-91.103615
91608,34.138735,-118.350857
22213,38.894645,-77.162396
34215,27.474427,-82.685724
75251,32.919435,-96.77478
38254,36.374442,-89.346612
10596,41.255981,-73.959468
45808,40.831504,-83.973358
28745,35.522124,-82.973977
43948,40.268346,-80.779965
70585,30.878323,-92.407716
52075,42.165739,-90.479174
67016,37.888815,-97.518173
04918,44.55034,-69.866468
15492,40.119795,-79.763063
11770,40.649645,-73.140324
16045,40.852766,-79.916305
73960,36.491667,-101.792613
02829,41.893373,-71.589036
33503,27.763831,-82.276174
54152,44.566466,-88.470528
40348,38.302972,-84.146105
53969,43.495662,-89.300282
53016,43.311063,-88.717679
43759,40.063059,-81.070519
80457,39.65097,-105.299732
98939,46.501013,-120.470706
15948,40.489733,-78.767045
81033,38.19577,-103.855605
37132,35.848732,-86.362829
61416,40.495917,-90.563071
02858,41.964154,-71.650109
14083,42.679203,-78.434411
43018,39.953801,-82.676136
50269,42.264454,-93.010632
81046,37.295922,-104.368605
27014,35.810049,-80.555744
93650,36.840197,-119.800121
27213,35.649255,-79.40828
06758,41.676348,-73.227358
74001,36.488677,-96.062405
93106,34.417259,-119.851302
29613,34.924255,-82.440488
31623,31.071366,-82.64404
52701,41.981984,-90.249063
62891,38.016005,-89.041198
48853,43.099962,-84.688515
56321,45.579722,-94.391868
76268,33.627895,-96.765105
46799,40.915851,-85.279882
82440,44.717507,-108.867737
96765,21.925564,-159.499116
47708,37.974249,-87.574336
88065,32.71371,-108.302292
13615,44.005307,-75.98307
46290,39.93453,-86.161858
27374,35.91758,-80.257749
78243,29.371037,-98.592987
43768,40.037761,-81.444709
06081,41.907559,-72.76818
18457,41.472094,-75.049165
45677,38.79599,-82.755727
10601,41.03289,-73.764783
17081,40.201172,-77.283279
50110,41.844205,-94.986027
99578,60.216265,-162.041999
07027,40.651331,-74.323152
39173,32.742416,-90.472172
22807,38.43459,-78.86887
47445,39.112883,-87.189453
37719,36.021862,-84.428085
74103,36.156146,-95.995692
43985,40.161779,-81.13209
47381,40.386692,-84.864622
70519,30.081749,-91.906967
43408,41.571834,-83.363479
44661,40.585377,-82.117401
27982,35.5659,-75.465481
14126,43.335884,-78.72858
43555,41.437778,-84.25579
15055,40.306293,-80.123516
70551,30.461914,-91.983452
48816,42.765009,-83.955981
06702,41.556461,-73.045886
12008,42.853488,-73.906535
12085,42.700531,-73.966639
17054,40.496849,-77.727253
80623,40.28534,-104.782547
83209,42.857816,-112.426196
24515,37.353195,-79.179018
19730,39.454954,-75.661037
94709,37.878291,-122.266252
07703,40.314341,-74.046746
45719,39.400194,-82.128464
71021,32.967708,-93.446542
16475,41.876432,-80.361052
63882,36.91639,-89.219749
13062,42.481368,-76.386027
28223,35.308875,-80.732499
47860,39.722063,-87.330168
99784,64.6828,-163.405534
48476,42.938318,-84.03453
38781,33.908716,-90.756821
66760,37.348316,-94.624352
14035,42.490983,-78.859431
28589,34.796151,-76.494019
48825,42.731621,-84.490348
62663,39.541057,-90.327474
71414,31.825687,-93.024517
25507,38.397073,-82.54935
50142,42.005555,-92.77582
56389,45.801276,-95.086381
93606,36.798715,-120.016273
14537,43.035317,-77.155992
31747,31.174618,-83.584923
77460,29.397434,-96.384512
17742,41.239052,-76.579668
01009,42.211386,-72.341809
10553,40.908607,-73.821566
15532,39.762264,-79.060773
28533,34.901925,-76.900858
16734,41.615684,-78.847378
78943,29.698796,-96.595534
36455,31.012604,-86.353816
50227,42.593886,-93.428181
98276,48.92775,-122.321038
44250,41.020952,-81.433138
48177,41.804838,-83.58159
61424,41.076634,-89.635092
66506,39.195974,-96.581468
16620,40.838548,-78.351235
26563,39.481033,-80.273771
54933,44.658611,-88.71404
13902,42.088824,-75.968883
56335,45.60137,-94.859334
90094,33.975307,-118.418708
92521,33.96714,-117.326372
52242,41.662939,-91.54355
61233,41.294676,-90.291318
49894,45.782823,-87.076331
49902,46.051168,-88.376162
80471,39.935049,-105.420534
16843,41.011798,-78.46194
22725,38.44051,-78.156075
34681,28.090702,-82.777914
71218,32.350797,-91.787398
06243,41.84487,-71.805029
29331,34.644241,-81.858033
47437,38.713566,-86.676839
20615,38.411433,-76.548803
78419,27.69696,-97.269235
21914,39.575123,-75.984569
75671,32.489068,-94.314972
07606,40.864801,-74.048115
54123,44.208779,-88.155184
62672,39.398009,-89.804455
53931,43.742542,-88.866939
61359,41.362452,-89.271459
21930,39.37013,-75.887336
11217,40.681671,-73.978529
16136,40.834932,-80.323771
98385,47.137939,-122.095041
72359,35.018514,-90.71833
31627,31.039606,-83.392113
45166,39.476597,-83.687759
36849,32.59914,-85.48927
43529,41.1904,-83.78491
68403,40.920566,-96.166772
61332,41.188817,-88.984548
74068,35.907256,-96.577887
04359,44.179541,-69.761284
14557,43.043449,-78.068195
25911,37.751761,-81.180434
45034,39.356535,-84.246301
74750,33.985488,-95.011517
17344,39.805322,-77.018876
50431,42.736478,-93.369881
49063,42.409875,-86.139682
49628,44.620998,-86.234097
12183,42.747904,-73.692466
64433,40.238844,-94.680901
96863,21.436909,-157.745463
16022,41.054553,-79.733232
18817,41.872254,-76.622944
26040,39.983582,-80.731377
30326,33.849615,-84.363508
36568,30.511814,-88.272373
19535,40.339729,-75.794304
14135,42.484894,-79.243699
19549,40.583253,-76.030814
52220,41.726613,-91.998528
03101,42.989027,-71.466111
16802,40.798586,-77.864859
60040,42.206525,-87.812818
53007,43.108448,-88.072232
78558,26.292747,-98.023689
02637,41.705726,-70.270928
27878,35.866059,-77.830532
18814,41.783946,-76.600757
30423,32.146336,-81.824114
16825,40.98763,-78.31155
18473,41.530249,-75.206824
29364,34.788287,-81.462342
93673,36.452353,-119.482381
65664,37.198054,-93.615176
70522,29.748439,-91.435682
16730,41.817823,-78.422791
62023,39.108699,-89.779025
12195,42.478801,-73.465002
75779,31.863226,-95.484612
06439,41.41568,-72.399699
15365,40.155676,-80.38545
63663,37.625409,-90.647867
46048,39.954255,-85.807463
67627,38.922235,-99.213448
44490,40.900361,-80.768289
77863,30.390769,-96.558881
04646,44.259993,-68.228607
61112,42.24197,-88.975223
05083,43.918433,-72.267806
61239,41.49477,-90.389711
41621,37.625962,-82.725484
48434,43.659867,-82.612562
54232,44.007345,-87.924787
61077,42.240128,-89.348043
71410,31.964224,-92.771219
19316,40.054083,-75.833836
26134,39.381465,-81.273534
32530,30.597113,-87.020019
76654,31.72749,-97.013346
73102,35.470652,-97.51909
41651,37.467118,-82.755289
64781,37.976643,-93.817473
50243,41.864564,-93.696739
92378,34.231995,-117.224887
98353,47.53864,-122.492613
01003,42.391883,-72.523584
11972,40.822663,-72.700008
42354,37.377978,-86.930568
67340,37.059513,-95.712198
16027,40.818332,-80.015411
14463,42.795434,-77.068892
03854,43.062147,-70.717071
37733,36.356736,-84.695035
77412,29.560824,-96.458267
08887,40.521516,-74.795943
17034,40.20861,-76.785533
62334,40.395595,-91.248792
72829,35.103569,-93.175277
79366,33.530315,-101.685343
82644,42.842884,-106.373906
81232,38.27535,-105.609007
31083,32.044134,-82.822001
99763,66.82821,-161.034669
44285,41.16264,-81.059593
53127,42.956246,-88.380422
30464,32.437229,-82.224961
03847,44.07198,-71.123943
42163,37.079683,-86.134702
62695,39.619374,-90.224197
97018,45.897546,-122.812402
26544,39.711623,-80.170951
42060,36.965854,-88.82813
75101,32.270024,-96.702449
78358,28.067949,-97.042232
08828,40.378417,-74.423384
18980,40.27276,-75.010943
02561,41.767811,-70.532854
78029,29.899539,-99.186974
08006,39.751289,-74.10676
04019,43.69042,-70.110321
32664,29.449347,-82.221854
47941,40.375342,-86.771242
23891,37.047636,-77.203719
98943,47.183995,-120.965412
63472,40.405293,-91.577311
16344,41.470477,-79.683991
15077,40.625093,-80.417391
52758,41.742414,-90.437314
20629,38.344109,-76.456029
48190,42.131617,-83.603327
11509,40.587963,-73.728528
71865,33.741705,-94.145956
23068,37.48976,-76.333362
08023,39.688108,-75.496899
43325,40.668063,-82.831265
62965,37.767341,-88.518311
04852,43.767426,-69.310059
62219,38.603613,-89.437167
33306,26.165508,-80.114094
61320,41.355293,-89.170438
77367,30.848145,-95.390115
68042,41.093728,-96.436419
34216,27.534798,-82.735123
18349,41.099516,-75.368194
79008,35.698383,-101.423838
72028,35.543456,-92.431432
97127,45.246263,-123.111527
13495,43.110927,-75.277596
70463,30.65807,-89.903817
60539,41.824632,-88.336198
36439,31.419287,-87.345189
14026,42.942195,-78.687972
14202,42.881493,-78.877484
16035,41.109134,-80.018446
45779,39.001232,-81.970716
53537,42.672679,-89.210601
33620,28.061368,-82.412801
60557,41.445845,-88.767989
01965,42.564101,-70.824723
68861,40.698946,-99.263886
55753,47.396738,-93.080468
13065,42.818812,-76.815768
36008,32.496116,-86.565398
71759,33.31508,-92.659656
07979,40.711205,-74.730643
28710,35.456921,-82.279711
23389,37.655265,-75.833086
76573,30.818652,-97.502432
05666,44.338194,-72.438856
44671,40.645174,-81.36568
28664,36.04244,-82.005917
46987,40.568813,-85.765358
80045,39.746661,-104.837224
33847,27.802851,-81.822059
70550,30.515714,-92.189654
02763,41.966866,-71.308574
15315,39.75743,-79.983181
38622,34.169492,-90.134577
72014,35.430262,-91.112129
63767,37.043581,-89.610378
74844,34.875738,-96.589142
92655,33.746029,-117.987602
95328,37.558036,-120.909415
32026,30.059065,-82.190472
65741,36.795809,-92.404237
20606,38.258011,-76.743306
40981,37.277868,-83.485324
07721,40.435334,-74.235966
15346,39.935584,-80.074474
73557,34.731024,-98.500784
97494,43.330557,-123.327782
87022,34.910012,-106.694816
28102,34.814818,-79.976632
55085,44.669691,-92.963426
74737,34.030741,-94.902967
90716,33.830473,-118.072959
95625,38.357311,-121.908639
24570,37.34859,-79.427169
52624,40.734794,-91.3361
06266,41.673661,-72.172813
98817,47.792389,-119.993594
07870,40.804243,-74.820672
97118,45.556365,-123.916492
15015,40.636282,-80.08158
16638,40.338208,-78.20095
54525,46.434358,-90.225507
19372,39.999056,-75.757445
20838,39.22409,-77.370287
21031,39.487392,-76.657938
11718,40.716435,-73.261514
44045,41.743895,-81.286268
21628,39.233174,-75.922049
48157,41.815464,-83.437467
45876,40.934176,-84.338664
50664,42.706961,-92.072256
78351,27.667801,-97.75258
43437,41.253957,-83.601779
94929,38.254528,-122.962371
58074,46.218057,-96.87601
62514,39.767497,-89.045007
28325,35.15337,-78.10422
13087,42.696836,-76.169764
98824,47.068516,-119.866543
02071,42.106425,-71.268951
47114,38.287515,-86.073418
57358,44.075188,-98.422024
13117,43.008063,-76.707683
41849,37.173991,-82.732572
71253,32.996085,-91.315728
36688,30.695541,-88.187867
39771,33.606669,-89.279109
62829,38.003336,-88.490961
08738,40.024765,-74.059612
13664,44.584013,-75.64546
85626,31.359301,-109.568278
93258,36.058332,-119.152094
30623,33.728681,-83.513005
17748,41.147811,-77.340152
61564,40.498515,-89.656218
78208,29.439875,-98.458105
98562,47.237991,-124.199826
25421,39.378211,-78.163825
53928,43.418098,-89.155032
05825,44.858403,-72.25285
63828,36.750369,-89.691841
95312,37.421071,-120.652983
13319,43.02709,-75.265991
16372,41.201025,-79.874512
05447,44.94219,-72.703176
32970,27.754026,-80.450493
63868,36.845769,-89.689692
21920,39.656246,-75.841007
89047,37.757726,-117.63865
73097,35.398931,-97.645011
52326,42.394756,-91.75651
56146,43.580062,-96.103432
22548,37.827225,-76.701525
43458,41.530446,-83.213365
06023,41.612592,-72.720093
68364,40.836151,-97.229918
74459,35.518777,-95.492126
75164,33.075574,-96.303404
36267,33.195092,-85.946532
78590,26.501875,-97.635063
03238,43.98164,-71.887014
49959,46.469886,-89.998077
08341,39.521486,-74.958651
62352,39.568163,-90.654562
53935,43.587632,-89.06555
55054,44.571531,-93.350679
16725,41.899312,-78.661955
70465,30.875781,-90.51384
22646,39.072518,-78.050929
68419,40.602959,-96.511279
16321,41.568325,-79.400859
36555,30.399667,-87.773019
56384,45.809944,-94.567527
68749,42.460326,-97.475323
19523,40.200867,-75.850772
30346,33.924277,-84.338809
41014,39.064811,-84.504526
43116,39.772755,-83.062758
27582,36.447352,-78.569089
74943,35.099974,-95.099411
26159,39.607357,-80.932238
61848,40.306942,-87.700962
82218,41.936235,-104.140039
53170,42.555548,-88.156246
15929,40.480233,-79.011209
24719,37.487241,-81.326586
61317,41.431965,-89.208181
56056,44.07278,-94.579472
15737,40.598761,-78.753567
21405,39.028145,-76.548016
54441,44.642011,-90.10604
16230,41.020482,-79.283246
43805,40.389985,-81.971796
06608,41.186475,-73.181251
08063,39.867297,-75.185621
13784,42.435289,-76.217749
19405,40.099644,-75.334292
88115,33.931766,-103.34467
49864,45.841522,-86.650397
04003,43.733675,-69.971397
64066,39.139616,-94.138543
29844,33.785183,-82.214131
07857,40.897942,-74.693366
71728,34.008912,-93.105276
74368,36.207257,-94.848247
91204,34.135557,-118.26094
61553,40.621388,-90.026814
15953,40.208407,-78.8849
72123,35.257764,-91.236698
21862,38.395818,-75.212931
99771,64.356124,-161.196462
32133,29.01214,-81.914706
38869,34.356295,-88.83632
65728,36.877092,-93.3353
78561,26.468912,-97.915781
16030,41.136202,-79.796907
06414,41.577044,-72.552334
61433,40.554375,-90.168989
96730,21.538215,-157.844346
62046,38.892463,-89.838728
62058,38.968437,-89.764607
21610,39.367115,-76.072496
20763,39.137262,-76.820091
17318,40.020192,-76.726062
43436,41.713539,-82.826002
21023,39.523198,-76.740196
43346,40.576822,-83.845209
74946,35.396251,-94.452432
35112,33.694069,-86.474733
14529,42.537549,-77.644143
43620,41.665178,-83.554722
26323,39.262277,-80.290552
12872,43.883923,-73.722977
68330,40.707409,-97.341196
99749,66.978607,-160.431777
24612,37.101469,-81.849825
57364,43.434393,-98.617803
95972,39.422772,-121.337648
24061,37.22582,-80.426238
63653,37.861318,-90.587878
60939,40.567001,-87.777093
48320,42.611935,-83.338092
12978,44.61294,-73.789918
62026,38.786212,-90.003857
95019,36.935853,-121.784476
21777,39.279296,-77.528727
62459,38.929977,-88.027782
62537,39.852606,-89.09325
07880,40.880001,-74.876253
27813,35.634739,-77.937516
67363,37.332888,-95.719728
17097,40.574148,-76.676881
15646,40.095153,-79.344493
55087,44.236212,-93.409214
64072,39.240552,-94.299635
01128,42.092296,-72.489135
16839,41.003239,-78.106435
61552,40.821419,-89.564892
79380,33.739154,-102.327823
27256,35.560484,-79.27462
56363,45.69715,-93.652212
25653,37.823634,-81.991248
46146,39.579642,-85.569555
61539,40.556359,-89.762845
63466,40.2662,-91.618556
66045,38.954328,-95.261527
54207,44.080075,-87.982256
87933,32.791109,-107.278867
28378,34.858772,-79.050603
61949,39.657567,-87.858415
39359,32.568531,-89.33207
50467,43.209092,-93.066238
65327,38.976539,-93.484089
70576,30.780968,-92.418253
44493,40.82192,-80.888597
11565,40.67502,-73.671722
95613,38.81263,-120.891712
07102,40.735659,-74.173605
44274,41.099446,-81.728537
45864,41.100214,-84.136736
49320,43.755143,-85.287539
60469,41.628697,-87.686312
46968,41.170477,-86.551835
05833,44.837389,-71.977498
08561,40.247399,-74.581329
14802,42.253779,-77.789892
85734,32.067613,-110.867172
74340,36.474142,-95.017845
98934,46.980641,-120.419425
61059,42.454648,-89.940823
70076,30.054467,-90.64973
18056,40.447051,-75.547229
62689,39.534044,-89.765721
81221,38.362378,-105.14243
74830,35.144519,-96.664618
13305,43.895228,-75.430765
85620,31.33849,-109.944654
93530,36.493858,-117.890389
94528,37.841477,-121.958154
06262,42.019311,-71.948384
46771,41.694627,-85.296924
71942,34.221234,-92.994236
13301,43.422874,-75.215877
24168,36.736039,-79.948755
30822,32.919257,-81.944353
72749,35.868416,-94.437597
04855,43.931932,-69.287741
28749,35.841043,-82.097874
45674,38.877863,-82.380851
57354,43.193624,-97.844102
40334,38.025073,-83.745044
56525,46.671573,-96.751935
16160,40.928358,-80.362385
75565,32.950209,-94.073953
43520,41.380047,-84.635669
23955,37.112362,-78.069873
26162,39.568702,-80.766701
30562,34.918996,-83.38368
14504,42.968432,-77.232698
06079,42.041768,-73.397479
38677,34.361968,-89.538578
23681,37.096813,-76.383535
10933,41.368021,-74.512999
90270,33.988557,-118.187688
12150,42.880523,-74.052689
19126,40.056119,-75.136564
52401,41.975486,-91.659172
75658,32.172179,-94.899076
08554,40.112984,-74.781093
14413,43.222891,-76.970649
19931,38.569298,-75.610451
43136,39.801631,-82.815387
32814,28.56947,-81.326469
15539,40.128381,-78.59338
22623,38.848927,-78.140664
18915,40.272505,-75.256209
45897,40.84148,-83.656145
61468,41.256502,-90.387431
72099,34.900648,-92.154384
08353,39.462418,-75.29244
12745,41.78502,-75.026358
51101,42.493688,-96.394184
18816,41.739764,-75.909739
49915,46.064638,-88.627095
95139,37.224877,-121.763856
06853,41.066116,-73.438002
60974,40.717984,-87.735903
04108,43.636765,-70.186808
58204,47.960469,-97.370795
50521,42.346223,-94.102821
18076,40.373755,-75.481545
18823,41.773948,-75.691554
55722,47.283261,-93.434435
08049,39.854575,-75.038137
13457,42.775248,-75.036865
12483,41.67459,-74.454933
39762,33.446514,-88.795832
32730,28.652057,-81.34348
73567,34.747384,-98.17093
12784,41.6672,-74.611776
63380,38.813115,-91.12213
19944,38.477868,-75.053083
77702,30.086285,-94.128289
12977,44.296612,-74.09891
99626,61.513975,-160.358929
77615,30.357102,-94.065681
12929,44.719713,-73.719082
61315,41.285326,-89.366593
68379,40.529115,-95.869802
11796,40.731247,-73.099419
61439,41.029203,-90.350207
62464,38.997956,-87.82379
06269,41.808938,-72.251617
51637,40.620441,-95.118338
23461,36.770602,-75.963772
72181,35.162396,-92.445162
60163,41.88793,-87.909467
63746,37.707841,-89.694828
67221,37.635429,-97.258223
01066,42.413039,-72.623639
95676,38.87433,-121.713844
27815,35.924689,-77.693027
15949,40.406525,-79.135235
49717,45.425791,-84.687367
71823,33.829113,-94.123319
40155,37.948316,-85.99416
18220,40.837296,-76.081511
11956,40.991089,-72.472124
07034,40.87948,-74.380104
46144,39.665814,-85.647072
55716,47.321718,-93.26434
14041,42.400393,-78.976646
34250,27.569606,-82.585138
14480,42.838209,-77.707442
12063,42.567308,-73.639545
51015,42.339375,-96.081085
52158,43.043143,-91.192527
49934,47.165644,-88.439092
32509,30.469744,-87.340363
43519,41.419465,-84.406872
94569,38.044092,-122.191943
40025,38.301619,-85.652127
72945,35.099425,-94.362627
75764,31.895231,-95.14368
15712,40.793174,-78.846905
92091,33.052389,-117.182817
23398,37.520559,-75.939732
46958,40.818129,-86.121097
33851,28.04481,-81.626341
02744,41.606252,-70.913632
13116,43.074532,-76.007925
02791,41.530554,-71.084996
59841,46.334211,-114.222998
24731,37.397354,-81.151631
05902,45.009587,-71.487927
19009,40.137798,-75.063121
07028,40.804798,-74.204569
54861,46.598934,-90.643311
01338,42.575889,-72.80665
18333,40.898344,-75.490978
28519,35.127835,-77.012553
45218,39.266233,-84.519763
17266,40.088568,-77.412933
53942,43.463955,-90.165331
98821,47.552197,-120.563703
24851,37.601371,-81.833685
34140,25.925119,-81.662613
44607,40.695908,-81.026873
74446,35.851152,-95.322222
98330,46.757092,-122.153221
71745,33.499739,-92.394977
71864,33.508168,-93.289815
67117,38.074214,-97.346242
75780,31.989107,-95.091218
75157,32.463433,-96.449255
45861,41.085878,-84.425651
62273,38.78684,-89.583768
15783,40.602966,-79.345018
01850,42.656045,-71.303309
27259,35.491435,-79.526237
64743,38.663695,-94.213956
02650,41.701947,-69.961453
52767,41.573826,-90.424992
71247,32.271289,-92.720338
38235,35.991104,-88.58126
73145,35.424279,-97.414037
74942,34.894594,-94.978025
21056,39.078951,-76.436246
16422,41.667548,-80.310188
65529,37.929116,-91.989143
68010,41.257091,-96.133346
17029,40.558017,-77.616997
70523,29.872128,-91.530498
95010,36.976355,-121.954723
15027,40.666338,-80.240179
22301,38.819957,-77.059285
27819,35.814154,-77.457328
29634,34.6756,-82.835245
78567,26.044155,-97.738421
48109,42.291245,-83.708195
23021,37.400964,-76.371839
95814,38.580568,-121.49559
05731,43.752116,-73.294096
05850,44.563804,-72.035658
47966,39.888495,-87.414389
51444,42.012169,-94.973518
50324,41.604709,-93.712724
08095,39.649298,-74.858006
75788,31.822539,-94.916146
23870,36.752475,-77.500167
65731,36.653457,-93.125924
47123,38.285576,-86.471806
43222,39.961192,-83.035484
52252,42.197129,-91.227238
08402,39.326385,-74.504473
42440,37.238676,-87.470011
58001,46.448366,-96.740812
21140,38.950842,-76.586726
39062,31.984861,-89.898316
66024,39.762082,-94.889502
18631,41.030711,-76.302779
20714,38.703075,-76.532853
90254,33.864259,-118.399303
25916,37.678176,-81.490278
79066,35.499266,-101.03425
78339,27.800017,-97.796112
17099,40.63673,-77.580106
22957,38.229674,-78.191677
95130,37.277676,-121.986238
55805,46.799685,-92.092366
03293,43.979296,-71.672741
08224,39.599334,-74.467435
85135,32.99495,-110.779898
74761,34.005089,-95.200867
31524,31.240597,-81.473387
61833,40.099196,-87.64723
84772,37.793286,-112.947567
18335,41.058231,-75.107671
44251,41.02819,-81.927641
42323,37.173258,-87.034023
77875,30.578914,-95.941674
95671,38.694464,-121.153753
72449,36.166607,-90.817171
11709,40.906313,-73.558244
73050,35.938315,-97.256014
41663,37.567286,-82.663407
77580,29.85752,-94.874131
99778,65.252359,-166.352133
13675,44.277033,-75.843656
15208,40.453891,-79.898794
61328,41.509284,-89.458993
62289,38.597636,-89.751278
72669,36.06479,-92.873627
04613,44.368835,-68.027614
49406,42.64076,-86.210618
50040,42.17363,-94.101233
43008,39.933044,-82.483203
62519,39.928801,-89.395313
92624,33.456649,-117.666808
24595,37.56071,-79.081021
37730,36.56839,-83.973561
41183,38.55033,-82.736653
62856,37.952271,-88.838385
97335,44.637754,-122.880457
28375,34.477245,-79.043363
16868,40.727271,-77.89064
98350,47.906498,-124.622368
40803,37.045821,-83.422606
18460,41.268824,-75.344812
23163,37.357073,-76.297334
85363,33.584969,-112.304916
64868,36.687541,-94.61285
68001,41.33371,-96.954903
15225,40.50668,-80.113844
31421,32.086966,-81.078188
42463,37.47262,-87.869452
12543,41.485945,-74.223538
40010,38.372519,-85.459505
14881,42.399919,-76.358882
89428,39.256879,-119.630973
64745,38.15126,-94.507744
64125,39.106463,-94.494153
17501,40.156733,-76.20608
93202,36.318686,-119.70752
07077,40.554147,-74.25306
12752,41.681031,-74.985485
23062,37.262931,-76.507489
60157,41.975298,-88.056215
07440,40.946468,-74.29304
49116,41.848108,-86.672121
36753,31.836973,-87.107572
11224,40.577372,-73.988706
83433,44.492859,-111.317901
12124,42.448502,-73.788651
23436,36.893756,-76.506917
36910,32.230807,-88.159321
32410,29.951994,-85.428336
64686,39.748701,-93.623824
07432,40.995809,-74.141262
12911,44.535492,-73.468293
80746,40.607064,-102.456953
41390,37.410075,-83.380732
20862,39.1808,-77.017395
41848,37.116337,-82.937277
49796,45.272213,-84.948286
44693,40.297769,-81.188203
23440,37.825183,-75.99022
95007,37.110125,-122.114345
45853,40.986494,-84.195186
94041,37.388239,-122.075351
10501,41.295591,-73.759425
28542,34.729932,-77.461943
02723,41.692208,-71.132132
79101,35.206072,-101.8395
94963,38.00761,-122.664748
07758,40.434236,-74.100665
61871,40.191174,-87.979219
55968,44.397037,-92.089941
70513,29.899977,-91.903269
51331,43.35956,-95.13082
58565,47.496387,-101.371365
99650,61.94257,-162.884603
95233,38.186187,-120.368557
17261,39.859807,-77.511706
40946,36.957598,-83.824614
31003,32.596881,-83.222928
40202,38.252811,-85.751946
15351,39.878508,-79.93059
75782,32.068956,-95.588366
13333,42.825234,-74.827936
42533,37.072195,-84.592355
19967,38.539706,-75.120863
99750,67.74279,-164.530444
66961,39.693369,-97.7756
27964,36.127053,-75.804257
16054,41.151962,-79.661156
16659,40.160029,-78.388322
61237,41.341768,-90.862181
03890,43.81501,-71.209375
49627,45.112422,-85.358744
20690,38.158366,-76.53478
63784,36.994979,-89.696024
13404,43.738437,-75.480939
56356,45.6336,-94.72762
62279,38.133836,-90.135803
02641,41.753951,-70.155393
61751,40.214556,-89.299252
19492,40.282294,-75.493445
16616,40.769816,-78.458443
13632,44.126946,-76.068232
14479,43.236298,-78.304495
23459,36.91681,-76.171748
21627,38.233114,-76.046404
75641,32.384546,-94.575669
95253,38.147169,-121.195284
55758,47.506036,-92.720175
38070,35.940437,-89.249173
53802,42.805457,-90.893602
60195,42.065367,-88.086587
62292,38.213149,-89.681962
38105,35.151419,-90.035468
70650,30.233755,-92.920679
12165,42.315193,-73.507601
11789,40.962028,-72.971008
72339,35.416034,-90.264922
77978,28.690358,-96.57791
32658,29.851858,-82.416554
62927,37.943544,-89.251992
13826,42.091802,-75.633696
46393,41.513891,-87.168001
12778,41.661739,-74.814205
04944,44.686891,-69.643928
78143,29.25871,-97.851241
78585,26.484168,-99.080648
23160,37.629084,-77.840754
64167,39.319092,-94.482038
02671,41.670336,-70.111068
22989,38.29321,-78.11901
01097,42.165868,-72.830985
76267,33.369335,-97.397099
59414,47.527748,-111.259956
17014,40.6596,-77.193604
89018,36.570645,-115.668006
11694,40.575314,-73.851235
65666,36.57483,-92.360456
99824,58.265381,-134.400144
39534,30.408572,-88.921273
48015,42.480563,-83.027424
79121,35.174461,-101.929219
08730,40.10841,-74.06217
78342,27.660163,-98.075692
04056,43.66059,-70.858688
78843,29.343574,-100.78914
70556,30.190636,-92.583797
52163,43.219765,-92.103146
96780,19.965975,-155.224929
25908,37.667767,-81.244349
37326,35.040252,-84.383286
79908,31.833114,-106.364975
80732,40.988467,-104.305251
14029,42.472913,-78.263441
54113,44.261995,-88.309534
07063,40.605118,-74.444522
79012,35.117246,-102.107254
67478,39.385696,-97.949921
02191,42.245077,-70.946528
63045,38.769628,-90.464026
46302,41.364467,-87.123692
60920,41.030214,-88.30379
76686,31.743177,-96.540199
74720,33.831478,-96.371632
95968,39.435177,-121.551779
16331,41.287515,-79.559279
18923,40.353617,-75.166702
71724,33.334924,-92.534802
08904,40.500795,-74.427911
38767,34.128071,-90.805499
64874,36.752144,-94.052997
02126,42.277436,-71.089968
17876,40.858162,-76.825783
28672,36.483327,-81.32672
39193,32.243461,-90.069892
70079,30.002153,-90.412317
66517,39.11092,-96.702353
32692,29.329319,-83.172494
41760,37.194137,-83.086065
24411,38.118186,-79.330583
31067,32.852296,-82.961654
52351,41.874913,-91.835325
07640,40.991681,-73.980202
61941,39.804583,-88.075037
08065,40.002615,-75.035273
06373,41.685382,-71.805355
25907,37.856018,-81.086217
62076,39.341875,-89.233793
85003,33.45052,-112.078343
34734,28.537003,-81.515454
98050,47.547343,-121.939703
88009,31.912585,-108.536315
94805,37.942209,-122.323545
60534,41.81239,-87.820036
16244,40.804985,-79.279083
22946,37.847883,-78.563525
18452,41.483875,-75.589585
78547,26.304187,-98.696403
95538,41.868335,-124.154257
18602,41.186018,-75.753988
22731,38.344129,-78.261453
08328,39.579668,-75.056375
78235,29.344242,-98.438991
63744,37.193333,-89.718347
92866,33.784537,-117.844791
74034,36.232619,-96.562884
77467,29.234174,-96.18241
85608,31.45693,-109.580927
84008,40.03344,-109.193763
99149,47.224937,-117.467951
04851,43.859145,-68.879348
20623,38.741615,-76.842456
62282,38.356433,-89.71286
77661,29.77996,-94.368614
41181,38.209151,-82.872923
99680,60.345143,-162.663729
91008,34.153159,-117.968818
23480,37.618681,-75.690659
17855,40.889993,-76.967853
33154,25.885908,-80.132227
08555,40.220742,-74.470155
90303,33.936291,-118.332639
43005,40.281612,-82.269007
14445,43.113062,-77.490306
91411,34.178517,-118.45963
33001,24.835499,-80.801568
42742,37.076439,-85.473074
12041,42.543675,-73.979677
02458,42.353585,-71.188192
15736,40.699417,-79.369284
24848,37.280144,-81.434355
32816,28.600084,-81.195983
56046,43.967814,-93.268871
24993,37.660986,-80.635179
57639,45.678661,-100.807036
18323,41.195599,-75.272693
42124,36.86374,-85.652139
06338,41.464584,-71.972828
36446,31.791513,-87.724483
72935,35.494338,-94.132753
03751,43.4413,-72.081635
14039,42.85148,-78.177691
25667,37.706189,-82.273768
29826,33.385382,-81.359584
05150,43.33715,-72.529077
74046,35.753208,-96.572917
27872,36.200954,-77.246027
28587,35.186789,-76.666791
19611,40.324674,-75.942857
28350,35.246712,-79.314996
48410,43.566289,-82.936223
60021,42.194762,-88.217181
49611,44.979986,-84.978744
13415,42.597126,-75.197316
71922,34.023241,-93.413401
95601,38.424865,-120.830278
93652,36.595012,-119.904577
50623,42.526923,-92.209673
50137,41.609715,-92.921578
18232,40.837221,-75.873962
56328,45.951903,-94.521467
27247,35.460914,-79.787864
55003,45.007476,-92.779064
34679,28.422752,-82.674162
87523,36.01112,-105.862884
75942,30.825788,-94.416471
74460,35.504767,-95.964493
77882,30.911384,-96.3791
97369,44.76005,-124.056774
78401,27.796812,-97.399092
13651,43.866158,-76.176966
18430,41.740828,-75.474185
98047,47.259534,-122.247477
99552,60.910742,-161.217154
93433,35.120888,-120.619664
10910,41.28157,-74.137957
25628,37.768114,-81.862466
04737,46.616369,-69.521899
78062,28.749449,-98.202784
76523,30.802735,-97.272414
25203,38.021238,-81.881629
77443,29.359204,-96.18075
08240,39.488059,-74.533973
13678,44.831635,-74.967796
07439,41.08009,-74.597626
75858,31.380811,-95.136741
81077,38.019499,-103.613443
05084,43.729655,-72.451522
44119,41.588256,-81.548746
48743,44.441124,-83.863151
44424,41.322011,-80.58324
98158,47.450455,-122.308014
76061,32.502595,-97.198145
70659,30.921932,-93.284285
13314,42.827552,-75.301026
11939,41.138956,-72.318687
24415,37.908591,-79.307709
28531,34.698038,-76.555547
72061,35.324341,-92.289884
54967,44.12674,-88.975792
78144,28.951209,-97.892578
69171,40.890659,-100.068161
16361,41.391037,-79.340239
68362,40.154197,-97.420811
62089,39.117829,-89.486654
59919,48.377418,-114.056424
63144,38.619444,-90.348189
24898,37.587407,-81.568403
29594,34.640233,-79.57736
94065,37.533418,-122.249558
92386,34.237036,-116.825291
49674,45.047907,-85.591578
99783,65.612081,-168.078096
32361,30.357645,-83.98866
30448,32.48824,-82.363384
48128,42.320411,-83.259969
94548,37.974295,-121.651441
43348,40.461198,-83.891401
74071,35.778762,-96.264795
12482,42.268399,-73.955913
21624,38.834413,-76.275743
48633,43.948976,-84.93383
74546,34.852076,-95.580117
95680,38.241412,-121.57832
26684,38.158218,-80.853278
45698,39.294292,-82.400525
29935,32.382648,-80.695597
01731,42.464648,-71.28483
04635,44.112753,-68.357532
60945,40.835123,-87.596704
98025,47.434394,-121.952354
75569,33.4412,-94.122717
76311,33.973218,-98.508394
03897,43.906901,-71.327623
31722,31.048275,-83.610855
99785,65.343196,-166.508946
43007,40.330881,-83.401894
88311,32.812102,-105.990607
08511,40.043738,-74.547654
33122,25.805005,-80.315071
60088,42.309632,-87.844061
75489,33.520308,-96.485194
79350,33.731452,-101.825896
71461,31.12101,-93.297735
60910,41.066399,-87.799584
11973,40.865846,-72.887206
33965,26.46768,-81.763678
95372,37.991289,-120.262791
16430,42.001124,-80.41894
62348,40.188341,-91.371244
16941,41.988296,-77.758047
93528,35.371876,-117.641803
34101,26.050185,-81.780621
16675,40.687866,-78.678982
29493,33.045319,-80.842769
43240,40.145121,-82.98282
28726,35.280999,-82.416555
22480,37.662553,-76.412226
10931,41.127177,-74.170503
57361,42.994574,-98.434602
63079,38.266315,-91.100066
71434,31.442012,-92.942844
38327,35.22405,-88.30206
83636,43.906938,-116.659563
55609,46.966501,-91.78876
89438,40.80374,-117.127161
76059,32.393655,-97.330665
05254,43.160037,-73.067098
11721,40.902425,-73.371427
97027,45.38565,-122.592827
32157,29.461528,-81.587765
23899,37.234417,-76.974083
89315,39.185485,-114.844867
58705,48.416121,-101.351834
60933,40.462578,-88.273801
61091,41.908183,-89.552363
11726,40.678993,-73.394445
95464,39.126246,-122.847075
12787,41.795394,-74.845029
97145,45.843727,-123.951648
74458,35.88232,-95.58786
49282,42.03305,-84.400783
16854,40.896976,-77.472324
28629,36.347483,-81.359161
64028,39.285202,-94.832349
46778,40.603758,-85.162194
82005,41.146344,-104.867879
33602,27.953704,-82.45631
27969,36.463307,-76.802587
31318,32.134838,-81.372263
39832,31.19106,-85.027892
93581,35.112906,-118.570979
87023,34.600498,-106.767483
28305,35.052609,-78.907244
12151,42.922667,-73.780649
24895,37.3763,-81.582936
24239,37.113037,-82.147305
41310,37.640672,-83.251494
49254,42.225629,-84.323633
54469,44.345149,-89.874087
70006,30.014032,-90.191345
75564,32.887825,-94.249636
25544,38.230777,-82.110192
26436,39.297278,-80.719427
77446,30.087117,-95.989557
77988,28.836933,-96.884758
33701,27.770793,-82.632806
27943,35.207826,-75.717187
56591,47.101357,-95.857318
98530,46.809954,-122.87544
06753,41.825193,-73.344628
76022,32.830632,-97.145045
41535,37.593691,-82.284236
14808,42.55807,-77.468832
52066,42.68589,-90.964
63770,37.594553,-89.700436
62848,38.434045,-89.166391
70524,30.557334,-92.318572
56153,43.826383,-96.024232
28308,35.172036,-79.014963
96037,41.544922,-122.920964
60967,40.624091,-87.581334
27956,36.399985,-76.001115
67505,38.031355,-97.9458
92222,32.783449,-114.54953
33921,26.772225,-82.252804
17881,40.780997,-76.686347
62876,38.277107,-89.194829
99324,46.043727,-118.385451
33924,26.538413,-82.193541
32355,30.16907,-84.209318
14511,42.999374,-77.89179
33158,25.63884,-80.311316
46590,41.219142,-85.804586
41538,37.303386,-82.588917
30412,32.080344,-82.486087
24943,37.838254,-80.733835
84301,41.613619,-112.127191
41712,37.37172,-83.138426
98639,45.640468,-121.966293
87567,35.994015,-106.018691
48229,42.249592,-83.140439
28009,35.407846,-80.107195
28088,35.54438,-80.61463
36454,31.35295,-87.203008
02663,41.89754,-69.969907
42252,37.2321,-86.498984
77866,30.494875,-96.214829
85640,31.569034,-111.044692
99679,61.104491,-160.938062
83116,41.759056,-110.549109
92173,32.55558,-117.051195
03850,43.698034,-71.302598
74554,34.925675,-95.719977
63674,38.036719,-90.659176
12465,42.157153,-74.460016
36088,32.419729,-85.717085
16624,40.565126,-78.606652
44439,41.454357,-80.955505
29439,32.647997,-79.960079
22746,38.626432,-78.021061
70743,30.025982,-90.770238
81124,37.285443,-106.106869
31028,32.63284,-83.68393
74866,35.066457,-96.846905
36512,30.998808,-88.018409
80133,39.113465,-104.899806
92637,33.608229,-117.726099
55435,44.873981,-93.335255
23081,37.19357,-76.752508
99620,63.02919,-163.536654
79073,33.956084,-101.949248
89420,38.508039,-118.180527
71034,32.184222,-93.304168
98590,46.710981,-123.996186
99758,65.151781,-149.372384
37665,36.579483,-82.573101
67476,38.544278,-97.436217
98243,48.613869,-123.006955
99745,66.051578,-154.232791
61936,39.803188,-88.726844
04673,44.296423,-68.667657
46216,39.865958,-86.009333
79344,33.856787,-103.014315
95368,37.713269,-121.085404
43523,41.338748,-83.998652
57621,45.772788,-101.081389
77587,29.661024,-95.228361
56032,43.777124,-93.568742
79776,31.77515,-102.555724
42130,36.925865,-85.786306
73488,34.493463,-97.555045
39342,32.424999,-88.64987
42338,37.554573,-86.786988
13469,43.214828,-75.302367
32925,28.25163,-80.610008
93223,36.301112,-119.207875
83223,42.183103,-111.404309
33839,27.97427,-81.755395
20194,38.981041,-77.340785
98644,46.319301,-124.05319
38631,34.361,-90.625543
93022,34.403276,-119.298355
82929,41.549363,-109.884876
57041,43.721837,-96.884158
38542,36.31578,-85.20116
77031,29.652205,-95.54623
22432,37.860855,-76.355437
78594,26.34637,-97.806243
52345,42.222424,-91.891704
30137,34.116557,-84.7657
75659,32.507254,-94.092462
37828,36.197826,-84.06886
80236,39.651633,-105.039699
92273,32.803021,-115.697968
46807,41.044892,-85.147574
33521,28.79792,-82.075174
02557,41.446403,-70.561761
78145,28.645392,-97.992487
77518,29.505183,-94.986711
78565,26.243544,-98.560982
99655,59.742402,-161.887147
25862,38.088168,-81.040489
48230,42.382395,-82.921842
68063,41.723443,-96.496909
66031,38.831962,-94.890083
25505,38.019684,-82.030755
97634,42.133724,-121.802382
24581,37.655216,-78.805765
39630,31.459306,-90.84535
25193,38.016778,-81.550923
05736,43.608152,-73.014368
97535,42.267976,-122.812339
58002,46.97109,-97.397242
64147,38.851782,-94.554647
38764,33.799139,-90.88412
33403,26.803774,-80.076385
48082,42.528022,-82.887195
50465,43.487021,-93.910562
35149,33.239597,-86.209926
51554,41.145106,-95.681207
94580,37.678001,-122.133367
62018,38.913876,-90.081863
72546,35.577135,-91.944853
79033,36.306844,-100.976612
36371,31.329961,-85.546258
51051,42.206095,-95.964941
94128,37.621955,-122.383797
24412,38.053722,-79.818136
60461,41.521399,-87.686878
87828,34.205751,-106.92055
13639,44.263676,-75.150529
41386,37.48224,-83.795846
31315,31.887679,-81.606009
18622,41.201232,-76.273515
38768,33.970883,-90.477488
13450,42.702585,-74.812602
70464,30.541322,-89.890516
17720,41.179084,-77.202589
28332,34.655389,-78.699284
65586,37.864779,-91.432955
72832,35.428288,-93.668646
70075,29.927459,-89.91921
29939,32.681259,-81.245338
34201,27.400662,-82.465793
93109,34.406408,-119.726927
97135,45.19858,-123.961925
03826,42.88808,-71.129845
34690,28.193745,-82.725706
77094,29.770918,-95.698677
91340,34.28667,-118.434817
97024,45.544172,-122.439611
78104,28.523624,-97.762016
78147,29.073446,-98.080406
12433,42.005335,-74.15527
83643,44.629195,-116.456067
32579,30.445672,-86.574308
25688,37.639548,-82.15821
36313,31.180207,-85.793716
62359,40.037373,-91.212083
32332,30.610125,-84.66511
31039,32.604098,-84.379104
02833,41.485769,-71.785311
99836,56.248273,-134.6522
70031,29.943492,-90.295565
77453,29.231938,-96.019246
12770,41.447019,-74.841017
05034,43.591594,-72.619742
12031,42.765752,-74.466129
43734,39.882489,-81.913656
71748,33.902984,-92.433246
64847,36.592151,-94.438637
23356,38.010003,-75.385368
54211,45.160359,-87.166369
34236,27.325788,-82.559997
50145,41.203854,-93.485143
76466,32.428875,-98.733107
62622,39.977864,-90.34305
21814,38.293076,-75.899296
12489,41.754008,-74.35221
88255,32.810923,-103.99922
70721,30.223391,-91.079505
46409,41.548258,-87.32423
78347,27.573374,-97.486404
02713,41.427083,-70.885662
55026,44.521428,-92.336214
34289,27.088812,-82.139203
74128,36.147408,-95.850349
95714,39.201159,-120.836798
22964,37.723829,-78.991072
21723,39.329107,-77.002611
21644,39.117239,-75.874393
60649,41.75934,-87.557025
32903,28.102377,-80.58217
55055,44.874399,-92.998647
80237,39.639871,-104.901711
30177,34.407133,-84.373997
04631,44.910939,-67.009163
54978,44.794239,-88.914001
67223,37.742442,-97.495566
25180,37.79026,-81.436267
18354,40.922603,-75.322095
75759,32.036141,-95.415783
60112,41.923732,-88.690217
95365,37.301183,-120.331482
77987,29.345578,-97.080203
73770,36.054081,-98.497896
59217,47.579432,-104.238602
72083,34.605783,-92.01177
35491,32.93662,-88.097773
91980,32.585191,-116.63254
14905,42.087725,-76.843282
97531,42.210128,-123.644729
17217,40.238223,-77.722346
78123,29.605116,-98.039135
95652,38.662638,-121.400828
22433,38.367057,-77.859386
48240,42.424483,-83.301271
82430,43.804187,-108.17914
49629,44.918988,-85.390286
72085,35.366681,-91.827731
14816,42.197734,-76.735603
25977,37.797837,-80.906563
26289,38.989709,-79.512691
12801,43.31116,-73.645286
56375,45.701222,-94.274581
18821,41.98982,-75.722697
13861,42.504527,-75.138979
75865,31.058171,-94.96239
77068,30.007063,-95.488362
84656,39.235172,-112.108787
33715,27.665801,-82.722722
33973,26.600661,-81.730435
12863,43.060305,-73.931602
33483,26.462605,-80.061762
78074,29.942285,-98.792226
28682,35.588254,-80.965153
16416,41.826056,-79.473138
91792,34.022581,-117.902359
72527,35.740376,-91.68317
77440,28.89016,-96.145464
78248,29.590028,-98.525262
95226,38.237473,-120.86645
50038,41.524809,-93.903096
61079,42.452934,-89.215121
63866,36.528537,-89.605643
12823,43.179961,-73.409117
85535,32.98647,-109.912689
34103,26.191352,-81.803331
12548,41.657925,-74.101503
71103,32.491546,-93.771694
28480,34.214753,-77.800506
33480,26.68522,-80.037632
70352,29.684424,-90.940194
33616,27.865139,-82.535398
65784,36.730108,-92.297404
71480,31.869951,-92.279136
13806,42.380639,-74.976099
12759,41.786481,-74.660721
25262,38.909198,-81.836263
75493,33.142229,-95.114425
28449,33.973269,-77.941888
85045,33.298893,-112.105877
60070,42.103663,-87.928972
76490,32.961949,-98.044304
76263,33.504346,-97.437358
32735,28.890423,-81.739039
04677,44.472889,-68.180863
63743,37.519108,-89.823448
23426,37.925149,-75.6918
56541,47.17327,-96.141377
42153,36.688944,-86.046827
26266,38.437566,-80.497397
06390,41.28791,-71.934996
98043,47.794329,-122.302607
11975,40.948268,-72.249625
78622,29.782595,-97.779435
99585,61.871555,-162.06087
84724,38.674153,-112.150144
49848,45.379216,-87.635741
73001,35.226206,-98.416515
22448,38.33631,-77.028454
65062,38.50121,-91.659734
40243,38.240228,-85.532614
98663,45.654667,-122.662337
75642,32.358198,-94.1782
03064,42.77938,-71.47492
32569,30.41138,-86.728401
78352,27.98154,-97.689782
28729,35.319556,-82.602883
12979,44.989281,-73.372178
96728,19.86198,-155.129014
49876,45.802174,-87.977377
77468,29.13719,-95.851225
95443,39.050131,-122.739631
26215,38.721568,-80.364888
62963,37.094559,-89.169921
63061,38.273403,-90.810499
47580,38.355203,-86.767156
99695,55.918199,-159.493298
04612,44.261725,-68.381404
63860,36.678151,-89.592139
83867,47.506245,-115.946984
39061,33.088405,-90.804386
58065,47.200352,-97.766154
98278,48.340604,-122.673992
97403,44.035412,-123.052413
33070,25.01103,-80.529313
84784,37.01867,-112.969318
12903,44.656927,-73.46311
32118,29.209639,-81.002321
89145,36.167493,-115.276239
93276,35.317597,-119.409306
76015,32.691638,-97.135959
68016,41.021834,-96.101719
20129,39.163358,-77.593204
93301,35.384336,-119.020562
87524,36.969739,-105.537486
18451,41.396999,-75.217929
59013,45.461319,-109.080551
03441,42.780686,-72.447028
98007,47.613825,-122.144365
25989,37.678587,-81.036977
08824,40.420727,-74.553458
05746,43.718925,-72.790075
43438,41.602607,-82.706506
40995,36.75268,-83.823241
49757,45.860184,-84.625834
46324,41.583791,-87.501995
59081,45.019784,-109.982939
20658,38.57071,-77.158356
35228,33.456044,-86.921648
84304,41.821842,-111.979131
73134,35.6151,-97.569399
38347,35.476299,-88.498514
72329,35.623914,-89.971523
18977,40.284173,-74.87417
46301,41.691837,-86.973274
03770,43.531294,-72.258811
31901,32.46435,-84.980144
72182,34.431083,-92.092137
27584,36.493383,-78.445998
63040,38.573668,-90.634357
15502,40.027236,-79.244025
99152,48.83693,-117.399892
72739,36.426805,-94.328765
14622,43.214044,-77.550946
47104,38.555878,-85.424338
04859,43.996564,-69.159454
63039,38.491673,-90.843735
33867,27.781088,-81.20204
34797,28.730468,-81.826624
81335,37.543801,-108.719791
41766,37.180487,-83.445314
85531,32.870869,-109.780728
88103,34.382137,-103.316944
81121,37.016916,-107.419824
74951,35.171573,-94.663636
71678,34.024635,-91.827185
44126,41.442665,-81.852734
31699,30.969613,-83.194305
06085,41.7489,-72.889435
38639,34.309083,-90.428534
21634,38.285946,-76.194292
05868,44.942293,-72.354214
95721,38.81614,-120.095999
93237,36.474499,-118.904268
94519,37.988804,-122.012764
26275,38.986933,-79.949988
05768,43.296861,-73.219222
14736,42.137107,-79.746404
24879,37.311992,-81.767655
97011,45.387422,-122.03674
70819,30.47174,-91.007785
74535,34.484118,-96.444883
18456,41.620762,-75.336858
66735,37.517994,-94.715108
03765,44.035225,-72.050198
32631,29.728502,-82.113414
03273,43.301982,-71.926953
13406,43.141426,-74.918203
55444,45.107682,-93.303205
95639,38.40854,-121.495365
31720,30.878154,-83.724572
33432,26.343798,-80.08221
63934,37.198552,-90.368661
88323,33.485337,-105.564843
87548,36.175928,-106.185341
99927,56.331881,-133.60642
12585,41.726404,-73.69151
60559,41.794371,-87.97286
79013,36.040954,-101.996154
97003,45.503723,-122.864778
60020,42.394859,-88.174127
88026,32.752019,-108.162996
25231,38.613149,-81.594671
31561,31.209066,-81.309933
34753,28.604341,-81.905549
39115,33.047869,-90.560389
29351,34.421036,-81.808045
77076,29.860021,-95.382184
54720,44.805042,-91.437019
53110,42.950505,-87.860883
42131,36.829776,-85.909054
47596,38.863159,-87.233824
70128,30.044717,-89.951375
96111,39.415013,-120.017132
12517,42.128263,-73.508622
12886,43.635164,-73.931497
11951,40.765722,-72.836722
78111,29.034959,-97.73698
67227,37.626915,-97.501132
63088,38.548627,-90.501705
72619,36.37357,-92.591504
01022,42.197187,-72.541872
22641,39.085212,-78.393228
70787,30.961632,-91.44071
55708,47.540312,-92.342174
93633,36.729122,-118.956235
55341,45.157755,-93.66275
27571,35.9246,-78.461452
60190,41.873621,-88.156243
98281,48.984669,-123.059496
54842,46.490793,-91.871965
60403,41.56819,-88.118732
76541,31.114384,-97.729347
53404,42.760834,-87.815278
74060,36.25735,-96.251151
18455,41.893001,-75.359193
25028,37.947147,-81.725572
04226,44.625548,-70.708226
38722,33.260304,-90.883939
99634,60.678696,-162.015137
95232,38.360526,-120.577243
37396,35.001888,-85.503458
99550,57.867012,-152.856248
20687,38.063698,-76.339689
40110,37.94005,-85.651234
84745,37.208408,-113.262655
92808,33.856247,-117.740232
11738,40.837767,-73.037682
28452,34.005054,-78.555914
06755,41.649317,-73.480094
54474,44.873714,-89.61975
95405,38.438136,-122.669057
99736,66.069488,-162.764572
05649,44.138925,-72.370594
73624,35.359659,-99.171886
13124,42.661074,-75.823604
25547,37.919787,-81.94458
06418,41.326124,-73.082574
93241,35.24526,-118.90528
29404,32.897841,-80.052445
84094,40.571647,-111.861939
24316,36.955705,-81.668988
11797,40.820208,-73.47245
29152,33.972657,-80.467319
75116,32.66066,-96.911882
99753,64.941084,-161.145458
28801,35.594539,-82.557972
95346,38.070475,-120.173353
73520,34.268706,-97.977189
80905,38.81891,-104.838348
97125,45.663043,-123.216945
77415,28.936977,-95.706673
12176,42.384523,-73.966117
34950,27.443788,-80.330974
85053,33.629595,-112.131846
99721,68.149752,-151.697066
72170,34.574348,-91.421572
44137,41.409027,-81.562762
98333,47.257686,-122.646552
25059,38.244588,-81.223691
27936,35.247856,-75.59873
54845,45.803543,-92.144504
77617,29.530784,-94.469858
39477,31.795734,-89.038321
08247,39.048975,-74.786219
72383,34.491175,-91.039601
41559,37.380019,-82.390157
99561,60.151941,-164.252067
43617,41.664195,-83.728053
95367,37.7297,-120.946758
24093,37.385139,-80.868737
82322,42.24648,-107.548191
33759,27.975567,-82.712224
62098,39.383756,-90.29943
98595,46.897218,-124.107857
55442,45.048181,-93.430093
91763,34.07206,-117.698288
76880,31.444902,-98.315136
12416,42.095928,-74.279125
26667,38.244547,-80.999505
60474,41.185566,-88.275234
13345,43.687077,-75.32333
95480,38.684685,-123.368051
91377,34.184724,-118.766517
29809,33.416161,-81.689293
61801,40.10952,-88.211031
12838,43.32986,-73.406378
70747,30.87426,-91.672236
77619,29.945971,-93.916656
98394,47.320469,-122.78968
51242,43.432274,-96.338057
73668,35.224604,-99.976077
72677,36.264412,-92.700636
41408,37.802104,-83.287042
66112,39.114955,-94.770108
95653,38.697075,-121.978414
56658,48.112487,-93.932981
28160,35.360671,-81.922286
29662,34.779208,-82.30308
33183,25.700602,-80.405729
81228,39.031633,-106.27699
74463,35.770005,-95.551033
49507,42.930584,-85.655257
60109,42.054489,-88.540912
92083,33.198084,-117.248364
57214,44.480491,-97.195146
05041,43.956573,-72.538613
37851,36.56559,-83.792466
04611,44.463625,-67.622031
53044,43.738345,-87.783011
64150,39.172175,-94.632499
06320,41.348837,-72.102029
76559,31.083202,-97.614056
62843,38.38221,-88.199061
72165,35.576596,-91.4665
62203,38.601691,-90.075971
23303,37.903366,-75.506367
78050,29.089151,-98.502462
72351,35.675945,-90.097725
41607,37.625065,-82.856903
94589,38.141467,-122.24687
75039,32.884959,-96.937297
32176,29.33538,-81.064459
78579,26.08921,-97.946286
70736,30.633975,-91.338448
53920,43.670723,-89.604598
76628,32.037791,-96.969837
72440,35.992386,-91.264695
65305,38.733116,-93.553158
36723,32.068375,-87.294343
27967,36.222319,-76.908397
99754,64.902073,-157.693531
72718,36.264638,-94.220694
33028,26.014716,-80.340171
41834,37.252198,-82.955302
26293,38.782355,-79.936517
16333,41.749226,-78.932294
01244,42.117456,-73.278635
93261,35.81148,-119.116738
84621,39.05142,-111.835095
05260,42.811616,-73.26265
14872,42.24134,-76.870803
18617,41.17054,-76.077533
77062,29.575781,-95.134334
58219,47.476068,-96.878197
96719,20.240159,-155.833027
98582,46.523681,-122.625742
44129,41.390459,-81.7353
33036,24.901896,-80.698998
25401,39.457168,-77.972428
25048,37.947329,-81.430769
74556,34.458207,-96.201347
98923,46.666086,-120.717225
04265,44.280563,-70.037314
04347,44.287241,-69.81804
99769,63.679706,-170.483324
95679,38.916595,-122.285276
89054,35.920973,-115.190516
54180,44.330219,-88.178304
75054,32.613848,-97.025353
80819,38.947428,-104.998103
85942,34.773906,-110.034184
95619,38.680605,-120.814261
92831,33.87951,-117.896036
17215,40.083767,-77.878633
34229,27.191211,-82.484136
41267,37.881714,-82.438842
02180,42.474208,-71.097665
71677,33.76185,-91.490645
62028,38.958193,-90.354834
57773,43.594435,-103.592474
12460,42.429272,-74.169025
89142,36.148113,-115.031001
99747,70.118453,-143.686818
62362,39.776193,-90.764319
57426,45.73484,-98.493636
75441,33.427656,-95.642911
20617,38.543841,-76.852511
13774,41.958737,-75.184604
38359,35.372232,-88.351119
72212,34.785888,-92.415028
88052,32.450264,-106.601839
12086,42.996145,-74.1086
33056,25.948892,-80.243585
57706,44.158789,-103.101868
98641,46.570991,-124.041625
92551,33.88274,-117.224878
61742,40.634613,-89.27252
77350,30.808479,-94.912079
29923,32.848248,-81.238594
24167,37.255259,-80.724536
10994,41.098072,-73.972649
41226,37.98017,-82.954983
33477,26.918903,-80.07606
55306,44.730944,-93.291381
47453,38.939993,-86.771307
85202,33.379757,-111.875018
33901,26.623381,-81.883191
84743,38.208247,-112.185731
72340,34.958544,-91.038698
36528,30.240424,-88.238319
72431,35.632571,-91.079409
77454,29.54538,-96.238523
99037,47.636616,-117.199994
44055,41.434058,-82.134095
13776,42.471138,-75.34124
79369,33.943198,-102.159111
78040,27.513375,-99.50214
36321,31.210866,-85.299218
98358,48.044909,-122.687459
78802,29.146243,-99.921055
88342,32.389294,-106.108507
70534,30.165634,-92.454959
78598,26.541967,-97.419907
46016,40.097821,-85.681485
20143,38.875302,-77.562249
66220,38.959691,-94.819014
85343,33.337759,-112.690863
12939,44.432877,-74.16073
77080,29.81835,-95.522439
97388,44.880014,-124.018204
47552,38.111636,-86.99415
27821,35.322066,-76.874087
33068,26.216395,-80.213958
92586,33.707681,-117.200428
05362,42.935221,-72.660424
11957,41.202981,-72.117081
70358,29.214732,-90.027546
99767,65.499413,-150.153341
54625,44.132865,-91.525052
87547,35.810977,-106.207688
20769,38.991875,-76.809211
79703,31.98001,-102.131551
01434,42.53206,-71.61374
26615,38.826274,-80.734588
39576,30.28981,-89.383391
78951,29.620516,-96.836597
79002,35.204414,-100.770299
62967,37.584276,-88.735808
84520,39.530686,-110.418374
60512,41.701366,-88.439887
20632,38.422801,-76.95482
89004,36.041627,-115.412576
08203,39.421713,-74.392873
95571,40.365541,-123.94428
83713,43.639,-116.33746
98222,48.570667,-122.817466
25141,38.630175,-81.024705
99011,47.618653,-117.64842
23801,37.23613,-77.335804
68634,41.390754,-97.506616
86331,34.76009,-112.116991
22845,38.776665,-78.845149
84129,40.653577,-111.962063
16864,41.154254,-77.798547
83868,47.516331,-116.182813
03869,43.219815,-70.843107
30149,34.316789,-85.220289
34996,27.188173,-80.1878
24974,37.641769,-80.448356
03852,43.495003,-70.986034
72747,36.370358,-94.580852
91733,34.045809,-118.053756
68514,40.934063,-96.650743
26660,38.356051,-80.7051
55346,44.878622,-93.481287
72428,35.741421,-90.216729
38623,34.354003,-90.309813
58379,47.896628,-98.821626
74430,35.129363,-95.646448
45449,39.664147,-84.237985
12974,44.060043,-73.464841
26037,40.335049,-80.585918
01537,42.158966,-71.897051
75010,33.039081,-96.872596
53553,42.912324,-90.296958
75934,30.895058,-94.759121
85028,33.581606,-112.008136
44454,40.923729,-80.545358
77050,29.902887,-95.269296
06282,41.94887,-72.08482
34743,28.329321,-81.355148
93429,34.867662,-120.539904
77451,29.463216,-96.025392
26720,39.277648,-79.331243
48040,42.910313,-82.480603
75573,33.348093,-94.229102
42032,36.742358,-89.110499
30288,33.652897,-84.327107
24850,37.378059,-81.885155
25972,38.032122,-80.706902
68380,40.242606,-96.405599
01966,42.640699,-70.62025
32550,30.381433,-86.345668
99641,60.881767,-162.464564
82635,43.421808,-106.21834
32132,28.980108,-80.920894
93004,34.278191,-119.164558
36556,31.207957,-87.965164
12036,42.532547,-74.689392
04237,44.4945,-70.734421
74565,34.81983,-95.822508
47514,38.1486,-86.594016
63567,40.413304,-92.704585
04430,45.65364,-68.59734
99630,60.370272,-166.267711
93669,37.290909,-119.548365
66770,37.080735,-94.715342
03856,43.038509,-70.967954
33473,26.503291,-80.192245
20675,38.583482,-77.015238
71339,31.005742,-91.936359
80004,39.81378,-105.122182
12140,42.68195,-73.571973
33716,27.879858,-82.652797
82934,41.612466,-109.995644
98836,47.471923,-120.438475
35135,33.628093,-86.195731
75094,33.01983,-96.613463
18632,41.45936,-76.37747
85926,33.769253,-109.979275
98030,47.367214,-122.198051
92377,34.152363,-117.404068
48184,42.274474,-83.395633
79032,34.287801,-101.894919
33413,26.663715,-80.151341
27042,36.352819,-80.064203
95463,39.18956,-123.580591
18828,41.797443,-76.110303
21010,39.390932,-76.292629
99677,60.894438,-146.668561
41547,37.53812,-82.094543
95420,39.359358,-123.766011
38552,36.217685,-85.813769
91354,34.458422,-118.55414
64022,39.201655,-93.672247
32323,29.891511,-84.613733
34498,29.031552,-82.736088
70375,29.695664,-90.531568
95467,38.812954,-122.548099
08317,39.400688,-74.829634
25005,38.606199,-81.257079
07822,41.138775,-74.708337
91701,34.137828,-117.600301
60136,42.105188,-88.380424
31823,32.797846,-84.811418
32839,28.488069,-81.407208
61535,40.578864,-89.516514
83122,42.821735,-110.958386
12998,44.091296,-73.603669
46214,39.792817,-86.291528
70342,29.693147,-91.23834
60487,41.563837,-87.830349
16217,41.346142,-79.181312
89446,40.878797,-117.953217
99604,61.509167,-166.111471
40161,38.008168,-86.401197
95930,39.548715,-121.159878
63955,36.602079,-90.678656
73008,35.510852,-97.642541
22309,38.720336,-77.106155
97121,46.203684,-123.981263
98056,47.51256,-122.188902
14069,42.600306,-78.638389
13777,42.258939,-75.986621
42788,37.529664,-86.027886
76643,31.449362,-97.197582
33548,28.146279,-82.482303
24313,36.910809,-80.796966
95376,37.736819,-121.433998
99569,58.804969,-158.529169
42156,36.86448,-86.047071
27939,36.235206,-75.879817
59863,47.300207,-114.182582
62536,39.629019,-89.652265
24269,37.072772,-82.380679
36277,33.761331,-85.81521
93208,36.129777,-118.639777
84124,40.677751,-111.797558
73455,34.229981,-96.760353
94931,38.325172,-122.716977
18371,41.156225,-75.036657
76650,31.980079,-96.863626
76902,31.544368,-100.724514
78728,30.453764,-97.686695
35457,33.304137,-87.773144
78540,26.549081,-97.991646
84024,41.007673,-111.447161
75180,32.719382,-96.618565
04421,44.409006,-68.815533
62266,38.484804,-89.6573
62982,37.424825,-88.365319
48314,42.612074,-83.053489
79367,33.589372,-102.168049
35091,33.783484,-86.789474
73440,33.961721,-96.889375
38141,35.01603,-89.854765
44485,41.240379,-80.847801
21679,38.920478,-76.094115
78938,29.813771,-96.708409
36766,31.955047,-87.086673
21917,39.671632,-76.097397
72526,35.877612,-91.766207
76308,33.854833,-98.5373
93244,36.38634,-118.989715
84076,40.447153,-109.840165
95493,39.222323,-122.985488
16110,41.494656,-80.387377
70036,29.684562,-90.131823
03839,43.268772,-70.985508
78413,27.685823,-97.406015
95148,37.333429,-121.781668
05463,44.871325,-73.3492
48469,43.441469,-82.558181
53140,42.620224,-87.828347
75041,32.880196,-96.651555
84042,40.341125,-111.724706
59333,46.277146,-106.194636
99547,52.223414,-174.203358
63030,38.143218,-90.752184
06065,41.974681,-73.007663
37848,36.237034,-83.681748
76554,30.967883,-97.376957
72801,35.28058,-93.141594
30566,34.238652,-83.896845
99773,66.880505,-157.149979
56720,48.563465,-96.904542
40737,37.011038,-84.147979
24957,37.896072,-80.396796
71406,31.734226,-93.505319
99765,64.730679,-158.131037
32951,27.944655,-80.502999
29175,34.442656,-80.606602
71466,31.215909,-92.748853
28511,34.901116,-76.345763
40178,37.681237,-86.422431
97050,45.67358,-120.781632
91931,32.837596,-116.580305
76831,30.757565,-98.957787
83232,42.134701,-111.971027
27617,35.908845,-78.772396
01084,42.361724,-72.874987
78575,26.033306,-97.550231
83277,43.074569,-112.681207
65557,37.516799,-92.144602
01950,42.812358,-70.891095
42285,37.264181,-86.297573
77345,30.053105,-95.157943
02652,42.049534,-70.094987
99777,65.184004,-152.055102
63750,37.150162,-90.163028
99788,66.646753,-143.789298
72587,36.219736,-91.817286
87514,36.529556,-105.600602
32408,30.156773,-85.754657
79240,34.883937,-100.760664
85377,33.823214,-111.913271
23976,36.855538,-78.5791
81501,39.071844,-108.546
89002,35.998452,-114.961812
27960,35.073231,-75.998527
95663,38.857372,-121.182526
76940,31.436812,-100.126944
82515,42.897138,-108.566831
99147,47.859324,-118.462023
31045,33.282948,-82.794508
74052,36.066692,-96.570042
78597,26.273207,-97.27637
27954,35.91271,-75.685335
54603,43.857742,-91.251775
29572,33.769526,-78.792285
76071,33.011335,-97.474362
66543,38.63957,-95.599414
78658,29.595952,-97.622539
40316,37.93661,-83.52052
99789,70.213483,-150.989674
19951,38.685257,-75.255153
34661,28.620835,-82.261099
13483,43.406118,-75.814663
82842,44.571412,-106.939501
23108,37.656133,-76.720486
48374,42.473843,-83.519976
02807,41.176783,-71.577054
29451,32.828009,-79.750481
75601,32.508595,-94.724189
28007,35.121694,-80.130521
31328,32.00433,-80.890787
13841,42.40746,-75.840256
27890,36.41418,-77.587745
40958,36.809878,-83.596918
76077,32.281995,-97.713766
32064,30.293277,-82.991953
85371,33.967316,-114.390048
23161,37.715706,-76.935229
40376,37.79294,-83.714047
12965,44.705892,-74.683958
21648,38.5088,-76.239792
42254,36.661062,-87.643916
95944,39.54016,-120.851449
42762,37.455344,-86.39315
47010,39.501581,-84.848717
95975,39.224325,-121.153696
24536,37.490862,-79.32367
36913,31.960734,-88.446676
99558,62.631627,-160.215106
57027,43.192125,-96.519558
74026,35.716909,-96.77966
83827,46.778344,-116.173678
28909,35.001138,-83.903263
38946,33.377039,-90.355874
79508,32.269967,-99.830323
96731,21.678079,-157.969207
31527,31.075118,-81.416005
81426,37.866128,-107.820786
72515,36.27639,-92.056388
65686,36.626859,-93.443782
19954,38.89701,-75.520457
79378,33.02766,-102.446749
85336,32.508771,-114.743963
92879,33.882614,-117.528205
36031,32.247749,-85.769534
82942,41.699569,-108.765057
26152,38.979139,-81.177705
25261,38.83338,-81.090148
83648,43.049186,-115.86586
81126,37.161451,-105.347251
24280,36.954813,-81.943423
24539,36.840575,-78.931411
65727,37.765849,-93.295111
89449,38.955158,-119.911473
87021,35.192118,-107.878974
87750,35.824979,-104.927063
50434,43.257488,-93.448583
84776,37.62961,-112.08248
48362,42.782351,-83.269423
24201,36.611602,-82.168628
50101,42.667138,-93.634216
77614,30.306015,-93.747906
58236,48.718443,-97.504782
26327,39.122886,-80.94277
95923,40.183804,-121.136688
83666,43.961533,-115.973898
30234,33.332567,-84.025298
29575,33.629139,-78.970404
99665,62.667392,-159.535075
49675,44.384164,-86.225376
84732,38.445321,-111.904087
99786,67.090944,-157.887097
82073,41.174864,-105.437857
59756,46.174143,-112.834586
12987,44.364183,-73.759382
99782,70.647539,-159.939272
40771,36.862499,-84.037627
77476,29.676603,-95.973393
65589,37.237297,-91.827444
38565,36.262955,-85.009854
84628,39.935745,-112.1343
22401,38.299272,-77.486658
92258,33.92155,-116.559564
95547,40.569463,-124.077504
79761,31.855583,-102.348437
38745,32.974211,-91.039242
26629,38.56367,-80.704268
41052,38.656441,-84.775333
76824,30.936768,-98.467066
38481,35.028051,-87.488656
57571,43.041253,-99.090095
99742,63.752679,-171.68834
27842,36.526749,-77.851988
24082,36.633271,-80.131234
27508,35.959012,-78.25091
87040,35.137707,-107.412885
26142,39.214984,-81.454579
35114,33.222515,-86.866567
98628,45.848608,-121.066798
97366,44.581254,-124.047978
01350,42.727772,-72.985346
77362,30.156589,-95.671465
79231,33.941637,-101.065843
37701,35.791709,-83.987225
78161,29.286151,-98.050314
39572,30.250826,-89.604803
55782,47.832953,-92.206005
87083,35.644968,-106.363648
65443,38.131713,-92.094612
12434,42.362378,-74.508698
82422,44.49769,-108.379467
95986,39.361516,-120.765192
02764,41.851929,-71.153598
73441,33.867323,-97.440147
99564,56.295019,-158.393324
42458,37.853465,-87.430617
94021,37.250345,-122.249636
04256,44.104897,-70.40468
26761,39.271397,-78.695001
70644,30.792345,-92.945596
86403,34.476908,-114.344135
61701,40.475855,-88.99267
68954,40.614718,-98.233726
72845,35.36165,-93.377876
01474,42.673143,-71.748378
85627,32.007788,-110.235535
41201,38.062355,-82.762329
04252,44.036688,-70.058799
65282,39.382472,-91.839756
74760,34.163146,-95.355768
83520,46.544148,-116.326467
87417,36.750143,-108.351987
40012,37.912954,-85.16734
49272,42.394756,-84.351271
70733,30.289843,-90.800199
99648,55.934456,-159.155754
62301,39.931155,-91.388714
99770,66.611235,-160.097617
78652,30.134626,-97.860639
59914,47.876133,-114.303177
80622,40.538696,-104.441956
03217,43.725967,-71.642579
99590,62.896051,-160.112989
50118,41.459792,-93.378688
38949,34.179756,-89.428097
70082,29.571513,-89.752824
78004,29.857679,-98.537702
24351,36.579431,-80.765127
42603,36.783616,-85.014101
03442,43.020284,-71.903705
65566,37.808607,-91.161474
99774,66.023711,-149.080307
95636,38.611654,-120.48682
83126,42.581108,-110.904209
22943,38.040171,-78.778343
97344,44.868832,-123.465972
30017,33.888722,-83.963687
58644,47.13237,-102.348714
35979,34.829959,-85.612557
28668,36.424156,-80.97524
26348,39.462424,-80.545248
38962,33.872154,-90.185241
96779,20.909974,-156.384337
65783,37.710693,-92.903269
25211,38.46869,-80.88841
83220,42.344881,-111.382503
92230,33.908785,-116.768782
49654,45.009769,-86.136299
77531,29.038855,-95.401937
83826,48.983727,-116.151874
49130,41.774422,-85.860349
77976,28.940564,-97.13418
14714,42.289988,-78.241131
77481,29.471484,-95.570843
63433,39.511304,-91.116943
48173,42.073679,-83.212774
41135,38.362748,-83.270796
87553,36.220387,-105.734355
85748,32.219012,-110.752137
96742,21.176668,-156.965748
87583,35.282182,-105.35227
82335,41.761698,-106.825523
32561,30.340667,-87.116593
75072,33.187899,-96.699951
46162,39.555779,-85.953942
27536,36.325908,-78.406772
05441,44.773789,-72.787344
81003,38.277652,-104.656426
99583,54.887802,-163.408322
35988,34.557889,-85.796884
28733,35.427397,-83.776971
82423,44.987313,-108.587815
35974,34.362751,-86.010291
89027,36.814532,-114.093334
36790,32.736428,-86.908481
04645,44.064664,-68.62081
48738,44.549569,-83.336163
42516,37.221659,-84.784892
48353,42.646151,-83.714412
53803,42.559139,-90.355078
36901,32.421636,-88.14733
98225,48.758248,-122.50652
46765,41.23312,-85.032277
52044,42.768078,-91.323268
42741,36.975229,-85.255401
66429,39.09377,-95.534186
36025,32.545369,-86.340906
78732,30.380104,-97.891857
62928,37.475405,-88.567239
84014,40.936646,-111.833312
28373,35.09347,-79.485597
56281,44.948323,-95.164811
74472,35.250048,-95.259719
75434,33.416263,-95.344129
96063,40.370374,-121.606194
38844,33.83904,-88.255872
87317,35.58023,-108.752428
95830,38.490508,-121.284171
96133,38.620964,-119.505184
81019,37.942304,-104.835772
65777,36.517396,-91.980986
63438,39.968514,-91.687967
92281,33.050343,-115.612651
56566,47.245965,-95.604853
23153,37.779727,-77.955874
82412,44.790361,-108.553046
31829,32.566221,-84.725442
39054,32.798549,-90.935253
99336,46.214052,-119.17573
48876,42.648423,-84.733104
49636,44.891248,-85.964596
72022,34.606423,-92.493912
74842,34.618599,-96.615173
78931,30.038364,-96.44144
79849,31.56691,-106.258375
17723,41.435297,-77.471356
77855,31.154981,-96.103067
97902,42.913311,-117.49413
28582,34.748284,-77.150455
12071,42.569706,-74.41519
99704,64.288447,-149.202428
93616,36.65468,-119.594333
52359,41.354312,-91.810076
77530,29.789356,-95.113987
77977,28.680828,-96.801866
76086,32.752204,-97.78927
22720,38.480496,-77.648214
72955,35.614629,-94.437681
13472,43.697447,-75.068069
83025,43.594208,-110.846575
56533,46.398688,-96.1421
63540,40.098346,-92.397896
77432,29.035751,-96.228247
95375,38.225689,-119.960116
35774,34.765246,-86.226525
92320,33.98738,-117.050284
23055,37.768214,-78.217011
45789,39.551276,-81.255011
74722,34.379582,-94.898278
80521,40.593083,-105.127429
57429,45.161167,-98.300506
94536,37.570508,-121.98125
49826,46.323306,-87.052838
65083,38.1475,-92.443614
12582,41.543465,-73.724951
49833,46.268336,-87.294628
86028,35.032476,-109.815501
48051,42.689938,-82.826099
40350,38.304672,-83.873854
54173,44.640749,-88.014886
58310,48.566713,-99.553099
72140,34.380707,-91.186485
45890,40.979927,-83.494768
98593,46.402675,-123.010116
92210,33.699892,-116.32955
26731,39.149865,-79.064169
37691,36.36791,-81.755247
14783,42.067192,-78.92861
58224,48.167781,-97.943082
80427,39.793654,-105.524087
49283,42.20139,-84.556087
72905,35.263063,-94.242068
82837,44.726993,-106.277909
75470,33.587176,-95.802008
50454,43.385059,-92.739334
27509,36.131468,-78.773709
22509,38.106151,-77.073566
79314,33.630178,-103.03047
49303,43.271549,-85.860632
59076,46.282518,-107.068474
58853,48.061128,-103.72747
57047,43.517551,-97.215251
34637,28.307711,-82.464832
56434,46.337962,-94.934379
79788,31.603154,-102.983513
93605,37.176219,-119.249523
47163,38.545232,-85.679349
32461,30.308898,-86.054011
70772,30.437481,-91.464796
04024,43.83632,-70.685245
76685,31.339417,-97.008179
59102,45.774768,-108.581321
99154,47.391292,-118.355776
79353,33.783578,-102.591413
89022,38.518412,-117.014924
79053,34.408017,-102.579402
68452,40.401587,-97.852541
25503,38.608945,-82.115017
23952,36.917525,-78.279219
63675,37.314474,-90.694768
72951,35.3005,-93.889348
50835,40.706376,-94.375545
98645,46.331865,-122.760081
49642,43.904253,-85.783959
25444,39.430835,-78.513474
82323,41.029544,-107.520699
03218,43.336884,-71.273836
26838,38.808793,-79.058414
61743,40.878048,-88.781428
65620,37.017469,-92.955719
55601,47.235637,-91.365953
37028,36.628017,-87.852264
84516,39.128434,-111.067081
76884,31.690741,-99.569051
97841,45.46824,-117.940325
47588,38.02871,-86.804334
21160,39.70025,-76.306543
87402,36.796608,-108.151748
76131,32.881821,-97.345943
78501,26.215817,-98.239572
71831,33.771695,-93.851461
75028,33.032998,-97.064618
54935,43.775457,-88.432601
95681,38.998092,-121.354198
83815,47.726282,-116.789948
30733,34.414593,-85.050554
79372,33.424804,-102.501112
73043,35.734241,-98.403655
71043,32.886012,-93.887836
68667,41.115455,-97.306937
99548,56.271969,-158.789108
32080,29.816985,-81.265123
05677,44.401904,-72.698172
46731,40.793538,-85.099634
99746,65.705524,-156.310953
30005,34.08905,-84.217019
99761,67.62087,-163.057747
38637,34.950824,-90.048695
42058,37.058337,-88.465707
72683,35.932007,-93.115062
78609,30.746922,-98.451367
32683,29.274237,-82.769519
99643,57.218798,-153.329674
83651,43.586036,-116.627262
52588,40.857851,-92.160154
53033,43.239613,-88.25398
50119,41.313063,-92.939705
32061,30.083085,-82.516655
30285,32.987673,-84.258191
84653,40.047985,-111.668488
29639,34.303669,-82.428794
31547,30.790347,-81.535288
63535,40.580678,-92.674502
87749,36.577591,-105.127259
47612,38.194602,-87.701537
96722,22.18838,-159.460894
24433,38.424017,-79.424832
59827,45.892583,-114.088429
93651,37.002388,-119.514858
70442,30.703049,-90.333198
40022,38.151401,-85.342927
61311,41.040152,-88.862201
52593,40.772293,-92.746226
99644,57.910127,-152.382358
84542,39.742906,-110.48845
62846,38.150884,-88.855063
04756,47.321708,-68.298213
65065,38.132046,-92.669926
71965,34.654748,-93.737364
71401,31.794781,-91.944613
58262,48.681,-97.877567
41421,37.992048,-83.194702
86329,34.485888,-112.276637
35775,34.542934,-86.705959
33043,24.669652,-81.260781
84623,39.453838,-111.58845
52257,41.914849,-92.172388
31814,32.19736,-84.864974
49871,46.424714,-87.538923
95560,40.142727,-123.838819
38772,33.562525,-91.087659
03586,44.21841,-71.80024
99625,59.068246,-156.901021
79780,31.039416,-103.65751
99580,59.345782,-157.487023
04450,44.915921,-68.927942
71952,34.276513,-93.821435
72133,34.096022,-91.483353
05827,44.676706,-72.362574
79223,34.231669,-100.480873
92395,34.504828,-117.298985
83809,48.062337,-116.581152
06801,41.369778,-73.389503
37151,36.309201,-86.04302
44677,40.874634,-81.858587
48095,42.778744,-83.048072
48464,43.210907,-83.419044
65064,38.402845,-92.471423
36578,30.737389,-87.771888
42722,37.276586,-85.716132
72828,34.930718,-93.534996
17763,41.502453,-76.912176
92591,33.534332,-117.109211
37863,35.786377,-83.563687
67012,37.657681,-96.558732
87735,36.048689,-105.119781
98617,45.640493,-121.134015
72066,34.978458,-91.71668
27573,36.399017,-78.97513
65744,36.624477,-92.893379
76939,31.268563,-100.590295
95913,39.629004,-122.192151
99136,46.674693,-117.948898
26298,38.456206,-80.286154
99923,56.000439,-130.037307
37934,35.87618,-84.180016
03465,42.828798,-72.188943
78677,29.347767,-97.59018
99131,48.297748,-118.094973
65335,38.513709,-93.322812
61251,41.729093,-90.072903
26855,38.975009,-79.220717
54858,45.519382,-92.457844
88414,36.779584,-104.025877
87070,35.022532,-105.740476
52530,40.989078,-92.296206
99741,64.741422,-156.873394
71407,31.517243,-92.48646
98592,47.33395,-123.076235
35755,34.509624,-86.117547
37019,35.390902,-86.709331
33040,24.54461,-81.921737
24322,36.799014,-81.113662
49347,43.312299,-85.345236
65050,38.521827,-92.686401
79025,34.949401,-102.201165
48028,42.580209,-82.61662
99624,57.489377,-153.853499
56386,46.114439,-93.519502
47270,38.839337,-85.722862
40115,37.750296,-86.230107
33950,26.915655,-82.044296
56028,44.226257,-93.71742
03057,42.908885,-71.694199
77663,30.512662,-94.406722
27310,36.174072,-79.992233
72679,35.735176,-92.801028
71666,33.744892,-91.261168
24924,38.201301,-80.164874
56091,43.914434,-93.686188
68717,42.38335,-97.222448
04761,46.117239,-67.975572
67150,37.028169,-98.197912
42764,37.429579,-85.620541
56425,46.343935,-94.276015
29229,34.145968,-80.894404
96038,41.6071,-122.545715
78362,27.853993,-97.196496
44010,41.765276,-80.847485
55931,43.508662,-91.385229
73555,34.501511,-98.965923
92582,33.807607,-117.015163
50052,40.643287,-93.44438
77384,30.233846,-95.49577
44072,41.471152,-81.32492
04843,44.238406,-69.064039
56518,46.490076,-95.250361
77993,28.855654,-97.419639
11954,41.046357,-71.948827
79258,34.243411,-101.296434
65676,36.578048,-92.599028
65730,36.623583,-94.224668
89026,35.749227,-115.284749
04923,45.044494,-69.449898
93623,37.476596,-119.674433
79247,34.396883,-99.380703
99659,63.458499,-162.134486
68881,41.434669,-99.359595
70789,30.940581,-91.082957
15411,39.747331,-79.343516
95046,37.099308,-121.59924
55780,46.67613,-92.677707
58713,48.523646,-100.614056
97882,45.907338,-119.349551
47020,38.817577,-84.923626
30147,34.13494,-85.22206
99723,71.253861,-156.798246
50477,42.987396,-93.327325
47120,38.460364,-86.18872
04555,44.101248,-69.482658
55005,45.396107,-93.218464
93534,34.71766,-118.15232
04454,45.515606,-67.533996
97357,44.752661,-123.825581
65280,39.233565,-91.754613
60437,41.156902,-88.556083
83842,47.444837,-116.546548
95587,39.969684,-123.75537
32908,27.956179,-80.698269
79719,31.460655,-103.404137
30189,34.124224,-84.570679
28772,35.139069,-82.836919
55367,44.895242,-93.976028
96019,40.687354,-122.39945
49037,42.334561,-85.249172
15310,39.792537,-80.481074
59933,48.71944,-114.768386
70353,29.358143,-90.700118
31648,30.708359,-83.00837
78635,30.202352,-98.541681
59856,47.379863,-114.737432
70552,30.042453,-91.659967
37765,36.572344,-83.058614
03445,43.020616,-72.214374
63566,40.029563,-92.952336
31327,31.423165,-81.290082
31050,32.721537,-83.937295
05473,44.241845,-73.19471
65603,37.533454,-93.856535
68946,40.106742,-99.990473
04254,44.445337,-70.138076
29469,33.243672,-80.131055
96750,19.534274,-155.892062
78564,26.671224,-99.131115
31735,31.969555,-83.973306
32065,30.175071,-81.871668
34471,29.161789,-82.126817
38339,35.052376,-88.514705
92249,32.726068,-115.48215
03246,43.576535,-71.482263
05730,43.38845,-72.785262
65658,36.546676,-93.638135
87723,36.058822,-105.375556
96760,19.55233,-155.05481
66419,39.360679,-95.598882
77960,28.653515,-97.252385
51441,42.113316,-95.315424
38558,36.009851,-84.866557
59640,46.768033,-112.367823
65657,36.839394,-93.018217
50239,42.142774,-93.202933
78254,29.530564,-98.72718
28718,35.159132,-82.634981
62903,37.674118,-89.276234
04929,44.773091,-69.301537
39560,30.374244,-89.170776
37313,35.376389,-85.695496
37141,36.614476,-86.698935
99614,59.937452,-164.062208
98220,48.684945,-122.195194
64018,39.454719,-94.721261
55019,44.411004,-93.250262
85268,33.606701,-111.737015
27047,36.314134,-80.569112
56160,43.829148,-94.805151
81242,38.471839,-106.072905
64620,39.894531,-94.089951
72529,36.289134,-91.567606
57636,45.032464,-101.438087
62469,39.351236,-88.333827
50039,41.829925,-94.014887
98853,47.466322,-119.282052
99503,62.043689,-158.174466
29928,32.167062,-80.753591
79326,34.099124,-102.214321
84007,40.345116,-110.203186
66775,37.701935,-95.148771
78039,29.31215,-98.834792
13695,44.102929,-74.922258
56043,43.649395,-93.222428
23963,37.200973,-78.798547
23011,37.477354,-76.812452
72730,36.030478,-94.268678
65054,38.483962,-91.946925
67341,37.34437,-95.428356
26238,39.101783,-80.158407
62452,38.590061,-88.014703
84782,37.379912,-113.667644
70458,30.262007,-89.794167
64676,39.646173,-93.030107
49929,46.798725,-89.09564
75668,32.907075,-94.678637
37819,36.568255,-84.205753
44212,41.244488,-81.828842
99702,64.651336,-147.045241
55933,43.647848,-92.685059
74438,35.513228,-95.762052
54737,44.71841,-91.981626
04643,44.539862,-67.826998
25534,38.08441,-82.275024
05155,43.175084,-72.823352
12819,43.591007,-73.46881
29074,34.441127,-80.818402
93246,36.317668,-119.927482
68810,40.863259,-98.467445
83602,44.091006,-116.146459
51520,41.969195,-95.459299
04097,43.845606,-70.241251
32899,28.570183,-80.627676
30746,34.592095,-85.032872
52232,41.804868,-92.347089
59748,46.046104,-112.696033
56458,47.195795,-95.002022
64036,39.200558,-93.935126
04655,44.655762,-67.378971
70507,30.278324,-92.028037
61451,40.938697,-89.939478
68445,40.401474,-97.086612
95387,37.554375,-121.244651
42436,37.416086,-87.564358
95934,40.0601,-120.907957
78391,28.179576,-97.708393
24935,37.566111,-80.80565
54653,43.821366,-90.926922
51365,43.309619,-94.733283
49872,46.018233,-87.082192
63439,39.803818,-91.859595
65287,38.883655,-92.52232
37325,35.253065,-84.604887
99748,64.314143,-158.778761
84665,39.192121,-111.616247
76064,32.309287,-97.03736
72663,35.938718,-92.332714
65436,37.623801,-91.96361
97539,42.576422,-122.786215
62473,39.021484,-88.567904
96113,40.188076,-120.145684
62892,38.808565,-89.07566
48450,43.252306,-82.540855
67515,38.599313,-100.065329
23938,36.904221,-78.006223
52760,41.552238,-91.068571
78879,29.647104,-99.711307
50671,42.650429,-91.795819
50862,40.811604,-94.647731
70448,30.36218,-90.039451
77650,29.438515,-94.663658
42232,36.855418,-87.66123
64636,40.128144,-93.982727
37014,35.873015,-86.632923
51543,41.657919,-95.073131
70755,30.594669,-91.529819
24176,37.005545,-79.692495
84324,41.494331,-111.941164
92066,33.215412,-116.535834
96106,39.735482,-120.543862
68440,40.0539,-97.012623
35907,33.890841,-86.01802
53505,42.661074,-88.820897
25133,38.474596,-81.101457
66741,37.720033,-94.663918
28693,36.471773,-81.559009
33476,26.800973,-80.65306
99034,47.886178,-117.762403
30620,33.929472,-83.758457
65001,38.27761,-92.004757
94512,38.13115,-121.821736
23126,37.923461,-77.144316
49637,44.636211,-85.71054
72001,35.058317,-92.885863
22935,38.253962,-78.562656
62013,38.956374,-90.57358
98240,48.948225,-122.620684
73757,36.280109,-97.446871
44846,41.319407,-82.605833
71048,32.835964,-92.850708
78623,29.955285,-98.216849
54485,45.393438,-89.220286
33849,28.226068,-82.068886
27203,35.728462,-79.78653
63330,39.259958,-90.790393
97437,44.099083,-123.38707
59026,45.48538,-108.784438
78410,27.837656,-97.593129
99653,60.15673,-154.33961
50520,42.80919,-94.397929
26296,38.764498,-79.553568
56295,45.043139,-95.848874
96128,40.348899,-120.406017
62297,38.052121,-89.806332
14884,42.479522,-77.893852
61731,40.612579,-88.483885
33872,27.505242,-81.546028
97737,43.499532,-121.761312
35087,34.306453,-86.584296
24555,37.666966,-79.468292
55339,44.723428,-93.95696
04475,45.192986,-68.594777
49268,41.868704,-83.929015
56680,47.659009,-93.954669
42352,37.514811,-87.0859
24243,36.784268,-82.919771
82714,44.551895,-104.680045
18846,41.621411,-76.229986
59867,47.390653,-115.562589
21541,39.541472,-79.380026
56050,44.259143,-93.947348
26276,39.033666,-79.732665
48417,43.261282,-83.939194
93205,35.573416,-118.486441
18854,41.790666,-76.355714
83237,42.027452,-111.778558
14174,43.249139,-78.998325
62923,37.342143,-89.035402
39363,32.097188,-88.781868
63829,36.03551,-90.308867
97022,45.346725,-122.319961
49971,46.710437,-89.628683
62438,39.325541,-88.870056
56117,43.523053,-95.687166
68360,40.950556,-96.956412
04863,44.068815,-68.853314
74423,35.642284,-95.219757
48841,43.112204,-84.239315
99675,62.982698,-156.083829
72128,34.313396,-92.63536
13363,43.337328,-75.512822
18830,41.959087,-76.114452
77457,28.700403,-95.945058
80733,40.357168,-103.474672
63350,38.904226,-91.351355
53961,43.463686,-89.944341
42044,36.957582,-88.263203
31638,30.906417,-83.512186
36470,31.515188,-87.565908
12028,42.944934,-73.440913
76452,31.760412,-98.397118
85737,32.414615,-110.946561
61417,40.772229,-90.54413
55012,45.437981,-92.788354
64459,39.928729,-94.645016
23106,37.715627,-77.20717
77428,28.672888,-96.156984
97042,45.207722,-122.537224
47519,38.590059,-86.983869
99622,59.877575,-163.177317
75556,33.154789,-94.062407
62436,39.182449,-88.256092
34953,27.24968,-80.383236
48350,42.739418,-83.531044
61810,39.910131,-87.918408
38226,36.474282,-88.657034
26321,39.052245,-80.694146
84657,38.818586,-111.938937
14476,43.329379,-78.0428
42280,36.956981,-87.099164
89826,41.930723,-115.410766
95417,39.687908,-123.650699
49650,44.739836,-85.887151
36263,33.467247,-85.360162
52660,40.994596,-91.29937
37860,36.240151,-83.179967
72751,36.463315,-94.119873
13071,42.675114,-76.542579
28277,35.049856,-80.818019
62374,40.407678,-90.910538
48727,43.306497,-83.181103
51231,43.105665,-95.741308
77867,30.742731,-96.570727
45148,39.290218,-83.887266
42020,36.686797,-88.286523
26346,39.289995,-81.060075
68728,42.387427,-96.930001
22538,38.192794,-77.27549
83812,47.019444,-116.284061
65541,37.643728,-91.758724
24139,37.014888,-79.452893
28464,34.782225,-78.02108
96029,39.939297,-122.489191
27233,35.892512,-79.70498
27314,36.31036,-79.19625
63036,37.976284,-90.372096
75153,32.166522,-96.358838
62887,38.186329,-88.369035
56455,46.440986,-94.000623
92327,34.867845,-116.835051
21711,39.668396,-78.019569
04438,44.598927,-68.92833
69036,40.027907,-100.298018
68444,40.41117,-97.584712
99612,55.084993,-162.316806
61007,42.199421,-89.591073
75856,31.201358,-95.25369
35647,34.967655,-87.117034
62518,40.051402,-89.203009
65354,38.643566,-92.885997
38333,36.128104,-87.95446
65501,37.45461,-91.541535
37086,36.022237,-86.559384
46763,41.297037,-85.249074
71956,34.610493,-93.133011
62942,37.635784,-89.473569
84633,39.939789,-111.891247
51647,40.605426,-95.345104
58244,48.11034,-97.657525
24095,37.22321,-79.737268
24138,37.051815,-80.31735
99632,62.11233,-163.664502
58355,48.578444,-98.39595
68975,40.61881,-97.948619
37690,36.25121,-82.559009
74936,35.395424,-94.727941
78012,28.771756,-98.453507
85551,32.737814,-109.562282
81615,39.213371,-106.942734
83548,46.336718,-116.507654
55784,47.058391,-93.165281
50066,41.798081,-94.233396
46057,40.337951,-86.378006
97452,43.874112,-122.750081
52164,42.854706,-91.906611
30527,34.480907,-83.781838
95429,39.756049,-123.358701
49050,42.504302,-85.245704
54246,45.373209,-86.899374
65076,38.379486,-92.194056
24059,37.155906,-80.131958
71243,31.95173,-91.816093
27305,36.51577,-79.216717
32445,30.97052,-85.197338
49820,46.19009,-85.654163
30739,34.805906,-85.215958
36722,32.082439,-87.571494
56355,45.941442,-95.245716
97534,42.019254,-123.699385
50622,42.673622,-92.333317
67332,37.043368,-95.236567
75705,32.375415,-95.076528
28073,35.198574,-81.483785
92372,34.448675,-117.634916
99759,69.737125,-162.834621
74452,36.121366,-95.068301
32738,28.904744,-81.188232
97730,44.522652,-121.645373
96071,40.694474,-121.457269
05873,44.405064,-72.216725
99353,46.313808,-119.387768
63450,39.668909,-92.15026
37140,35.863435,-87.652441
76681,31.915937,-96.436057
62974,37.779479,-88.796733
87032,34.867859,-106.041992
77616,30.566807,-94.209042
37878,35.596591,-83.981296
26169,39.072207,-81.571589
04949,44.369093,-69.336
14471,42.743071,-77.491175
49070,42.53933,-85.62939
46133,39.595055,-85.310832
56239,44.504141,-95.910813
77517,29.359526,-95.14081
50594,42.585595,-94.039503
62886,38.378661,-88.534706
56450,46.236874,-93.843027
49312,43.686004,-85.783517
76870,31.604321,-98.529648
62853,38.516087,-88.912168
52746,41.716455,-90.670392
68321,40.400056,-95.696669
25545,38.459122,-82.227154
37877,36.15113,-83.406846
98555,47.5334,-123.063352
57016,43.878074,-96.957571
71825,33.877866,-93.556441
57718,44.170504,-103.369156
05840,44.598729,-71.747173
87008,35.14945,-106.402006
65660,37.323909,-92.270747
49325,42.760797,-85.301726
76377,34.008318,-98.258589
75127,32.699397,-95.791444
38337,35.778321,-89.028763
44086,41.675726,-81.058597
51548,41.317134,-95.635511
23919,36.580366,-78.134851
32343,30.478331,-84.504689
89437,39.501156,-119.468805
74567,34.450336,-95.336203
99694,61.62092,-149.830993
62545,39.767754,-89.384972
53048,43.573797,-88.457153
65077,38.769625,-91.818502
59751,45.689965,-112.297556
50551,42.482417,-94.754854
52038,42.586686,-91.561477
70651,30.571997,-92.960871
68837,41.669902,-99.073071
77560,29.866863,-94.587444
45778,39.353532,-81.893066
50117,41.679966,-94.790568
31781,31.560566,-83.796317
23843,36.850366,-77.811813
71002,32.120379,-93.11254
24464,37.860625,-79.109957
83348,43.280321,-114.126336
62284,38.864144,-89.310441
59932,48.05217,-114.242598
12514,41.877409,-73.764423
55315,44.71469,-93.691863
63458,39.992451,-92.019907
75976,31.519361,-94.950427
16133,41.267778,-80.114451
62365,39.796408,-91.165114
93220,35.378735,-118.781845
53024,43.332043,-87.932727
93042,33.255655,-119.503588
52584,40.653474,-92.240759
83287,42.021675,-111.457289
84073,40.345859,-110.41634
33042,24.665275,-81.503095
72156,35.287278,-92.682972
37360,35.437578,-86.254328
97441,43.751829,-124.166146
50612,42.285484,-92.386851
52134,43.471562,-92.400791
27023,36.093825,-80.450175
40313,38.137482,-83.402595
54026,45.227579,-92.53474
98566,47.406546,-123.969588
76459,33.275311,-98.390215
58339,48.972517,-99.324612
28460,34.52332,-77.417074
76678,31.651121,-96.749192
29943,32.491142,-81.146707
14820,42.195309,-77.370388
61073,42.423752,-88.993888
29643,34.507566,-82.975315
62339,40.128504,-91.0381
42355,37.85631,-86.993641
48721,44.79677,-83.32924
95728,39.294653,-120.401407
76469,32.336117,-99.202392
77519,30.218323,-94.575058
23894,37.137093,-77.824648
55073,45.276262,-92.830353
05444,44.620499,-72.887348
16362,41.450497,-79.965179
92021,32.835732,-116.874617
52135,43.02061,-91.662781
67475,38.589659,-97.055151
57661,45.26651,-100.977565
62673,40.097105,-89.9688
37059,35.984992,-85.90307
86442,35.089613,-114.560868
29624,34.435943,-82.624115
04671,45.067341,-67.149953
21841,38.223771,-75.281087
78007,28.476072,-98.408487
56670,47.828897,-94.865169
68964,40.235195,-97.902786
65702,37.053256,-92.485409
27502,35.719615,-78.907172
31832,31.958169,-84.614896
56034,44.028598,-94.181962
17211,39.754707,-78.414571
42151,36.659928,-85.544839
32346,29.982274,-84.380578
86029,34.970555,-110.01311
43345,40.508496,-83.586161
56161,43.707031,-95.324827
38076,35.123773,-89.466428
78069,29.188365,-98.671845
73551,34.307588,-98.880594
97633,42.03414,-121.562829
93516,35.008132,-117.642563
52315,42.001821,-91.969805
61442,41.103273,-90.923968
87519,36.764696,-105.635034
97417,42.94021,-123.214865
72537,36.448984,-92.234056
74738,33.895691,-95.443392
96068,41.102992,-121.19834
99637,60.529752,-165.106622
46303,41.373627,-87.479284
96126,39.549726,-120.403579
22958,37.892769,-78.894292
66830,38.596073,-96.091023
04530,43.887982,-69.826723
81225,38.962294,-107.016317
62011,39.128667,-89.217556
99602,62.185115,-159.858776
74577,34.733498,-94.86177
61747,40.416122,-89.435257
96141,39.098928,-120.205231
82844,44.806077,-107.195736
68324,40.554076,-96.290145
36260,33.587905,-86.001061
61730,40.532622,-88.734397
30567,34.180798,-83.676554
62478,39.179972,-87.743616
66008,39.718181,-95.176388
37656,36.399971,-82.630786
55969,44.082639,-91.876555
37680,36.574631,-81.725538
65690,36.592338,-91.264476
57024,43.985418,-96.681515
72760,35.84052,-93.702256
03755,43.732434,-72.139155
36852,32.756611,-85.278908
22650,38.765084,-78.364632
27978,35.672202,-75.773128
37035,36.381108,-87.133983
49071,42.226439,-85.775518
99579,58.224788,-157.456539
24352,36.709011,-80.531193
68409,40.907716,-95.95418
40468,37.651388,-84.982532
35098,34.139446,-87.03884
24122,37.426197,-79.69213
87551,36.699368,-106.661441
30535,34.573655,-83.574769
57563,43.349949,-100.421261
43155,39.627314,-82.535203
67492,38.819721,-96.959508
26585,39.600778,-80.435913
64750,37.921459,-94.113212
66042,38.422764,-95.079878
97489,44.11146,-122.60682
95325,37.480803,-120.244862
04648,44.654537,-67.631543
32147,29.634671,-81.787036
49618,44.302589,-85.590049
68328,40.474387,-96.840805
54405,44.96753,-90.282268
95616,38.554147,-121.798514
71073,32.51414,-93.311486
37713,36.081457,-83.134285
37348,35.121827,-86.430786
38328,35.668697,-88.208588
81087,37.391644,-102.412798
23315,36.73739,-76.840511
57021,43.274875,-96.980559
30818,33.26956,-82.326081
59848,47.710009,-114.689787
79377,32.929648,-102.133506
12973,44.2841,-74.568534
48432,43.901679,-82.974888
68846,41.062699,-97.883831
29105,33.806395,-81.593579
65710,37.485556,-93.421088
42170,36.856531,-86.569712
84715,38.332217,-111.603131
99363,46.045569,-118.885254
76874,30.476915,-100.122717
54003,44.783102,-92.446405
56565,46.048626,-96.315142
98601,45.938373,-122.437855
24069,36.576893,-79.642569
39561,30.707671,-89.154823
84635,39.39071,-112.721528
54734,45.093283,-92.114129
89314,38.862677,-115.641802
56641,47.201891,-94.260143
78842,29.639773,-101.005136
59007,45.170774,-109.194932
65735,38.039886,-93.486638
76474,31.958671,-98.775052
54560,46.036677,-89.552305
99555,59.288961,-158.664343
49446,43.539803,-86.378167
28660,35.968615,-80.856248
32320,29.731534,-85.054224
29163,33.417579,-80.44645
67840,37.052337,-99.952272
67512,38.239061,-98.3351
99554,62.710997,-164.649719
99150,48.806233,-118.610771
13436,43.780383,-74.6591
99546,51.85567,-176.668632
36548,31.480372,-87.970958
51018,42.449661,-95.680771
55922,43.562105,-91.895571
64493,39.630595,-94.304498
66714,37.636602,-95.698621
83547,45.308337,-116.344568
57421,45.755478,-97.907063
32082,30.111553,-81.371747
48720,43.831749,-83.393304
56251,45.143722,-94.920176
85123,32.713078,-111.678371
83533,46.115669,-116.240833
93463,34.606422,-120.135431
79789,31.774778,-103.270419
85929,34.171165,-109.965072
81410,38.80969,-107.976469
82450,44.50397,-109.433833
83822,48.171288,-116.999708
38827,34.511227,-88.242369
04762,46.976391,-68.114962
76637,31.774623,-97.756011
83446,44.36515,-112.212801
66416,39.525706,-95.86324
99591,56.600936,-169.681052
96135,39.812985,-120.20928
50262,40.862401,-93.819055
04758,46.559272,-67.853225
55324,45.053776,-94.433007
83336,42.56468,-113.824645
66970,39.950165,-98.016856
48022,43.023396,-82.802404
87027,36.127313,-106.947373
59033,45.724181,-109.73519
50559,43.209075,-94.324743
65246,39.370188,-92.993886
56226,45.40733,-95.678281
54827,46.801174,-91.111594
99918,55.916873,-132.695503
80475,39.410988,-105.608182
80532,40.483892,-105.465565
38392,35.457967,-89.028052
54867,45.821701,-91.203121
58009,47.32658,-97.244403
68976,40.602317,-99.709135
24944,38.384639,-79.769328
78588,26.73968,-98.39852
83325,42.589607,-114.236404
80478,40.022149,-105.856936
80469,40.214461,-106.967989
59082,45.849173,-110.290444
86003,35.242516,-111.202037
67021,37.776118,-98.910519
68789,42.535428,-97.983803
87554,36.548538,-106.070143
37308,35.342635,-84.993756
74641,36.807356,-96.860722
80473,40.449427,-106.160134
93260,35.819086,-118.661189
49744,44.993123,-83.657097
49918,47.439583,-87.829749
67049,37.170582,-97.846447
59461,48.471199,-111.211268
59240,48.842241,-106.240509
55983,44.291403,-92.806985
63560,40.367197,-93.115387
63543,40.35242,-92.014125
30454,32.436077,-82.730358
87935,33.254706,-107.22865
93928,36.082739,-121.470787
56754,47.983396,-96.187004
54213,44.695162,-87.528228
67454,38.69884,-98.112105
56731,48.913017,-97.072561
64449,40.0412,-94.978475
99553,54.117318,-165.830835
68631,41.68998,-97.355634
48749,44.053935,-83.900947
68655,41.648119,-98.261209
78841,29.843444,-101.473569
82943,41.70196,-109.183982
99791,70.480786,-157.325459
71944,34.240165,-94.321995
68062,42.198845,-96.67751
32356,29.859235,-83.415003
74540,34.571036,-95.708133
39643,31.246549,-90.014258
53551,43.079479,-88.916098
04979,44.93938,-69.808142
76481,32.996252,-98.698362
31041,32.382361,-84.167801
68742,42.350211,-98.499895
49255,41.768259,-84.862872
98950,46.815145,-119.971371
86351,34.778463,-111.785141
88254,32.627878,-104.404823
71030,32.183671,-93.793639
54748,45.075083,-91.26302
56576,46.475948,-95.739557
68820,41.112899,-98.701416
76370,33.45617,-98.89571
83424,43.901882,-111.19763
35651,34.460909,-87.480151
29530,33.996055,-79.740075
92275,33.207817,-115.880817
83546,46.573071,-115.791519
79056,36.217254,-100.221361
56663,47.505946,-94.44265
38476,35.843364,-87.209904
38236,36.178011,-88.275798
67468,39.459362,-97.25749
36317,31.634584,-85.389501
58362,48.230989,-99.059859
72017,34.887328,-91.387903
39824,31.528358,-84.864795
38674,34.86837,-88.892398
73841,36.548017,-99.619271
85650,31.498887,-110.201319
98381,48.288607,-124.45685
56349,45.718186,-95.520153
82060,41.28812,-104.497508
54563,45.460162,-90.970548
80420,39.324401,-106.11611
85352,32.691195,-113.896256
51649,40.850406,-95.527041
31567,31.630886,-82.706228
04485,45.34797,-69.60251
48701,43.586877,-83.557827
38044,35.215364,-88.807847
99660,57.179076,-170.322824
78963,29.91692,-97.028763
69042,40.475456,-100.379004
37082,36.094872,-87.115266
67345,37.370365,-96.20051
73074,34.833426,-97.274183
32536,30.750432,-86.597598
95982,39.173231,-121.805673
42204,36.69589,-87.088999
54839,46.356374,-91.150715
28606,36.051784,-81.306878
71839,33.292126,-93.743268
55990,43.728463,-92.259118
68039,42.113604,-96.340497
78675,30.434638,-98.707142
28436,34.246636,-78.283897
67131,37.425145,-96.9469
57272,45.108232,-97.4837
67628,39.627384,-99.001622
39461,31.20579,-88.732706
64652,40.021508,-93.418192
54746,44.547856,-90.86441
04982,45.107462,-70.393952
57751,43.869135,-103.426932
57420,45.281852,-100.142521
31085,33.427349,-83.6277
36269,33.739797,-85.383876
84013,40.295983,-112.094474
56710,48.218079,-96.997665
56524,46.216786,-95.615481
92389,35.824572,-116.274755
54733,45.27866,-91.850182
57239,45.510884,-97.31312
98930,46.269222,-119.892008
55756,46.375388,-92.601355
67442,38.646058,-97.775762
97414,42.967578,-124.1561
54447,45.106647,-90.72209
68960,40.083803,-99.138983
03597,44.744941,-71.381331
32449,30.268296,-85.218138
84638,39.501927,-112.257709
49725,45.985831,-83.989467
59760,45.755936,-111.592435
74555,34.249162,-95.964544
64726,38.527153,-93.921941
04781,47.150199,-68.613495
83123,42.236912,-110.268354
53517,43.056983,-89.832329
96737,19.107314,-155.780612
68945,40.560983,-98.773268
33944,26.955129,-81.450021
76953,31.727528,-100.31996
99720,66.563762,-152.767992
56448,46.78812,-94.082154
88350,32.613868,-105.65282
35585,34.419353,-87.828938
97522,42.633855,-122.434112
99549,56.965241,-158.586416
75566,33.152559,-94.490158
88314,33.110333,-105.867203
66754,38.004856,-94.885625
57213,44.57012,-96.536883
57224,45.811883,-97.155275
99651,58.952583,-161.747032
81057,38.123016,-102.901912
57570,43.252173,-100.885154
66094,39.959183,-95.341745
28525,35.132291,-77.686672
78877,28.953437,-100.60675
36071,31.706685,-86.397754
79539,33.359951,-99.889262
73024,35.370939,-98.80878
93668,36.657616,-120.293101
68844,41.053759,-99.063394
92304,34.548749,-115.690805
85173,33.268271,-111.136483
57251,45.276515,-96.934706
92254,33.543837,-115.998275
79003,35.639808,-100.082662
84765,37.337765,-114.017951
35983,34.172844,-85.766155
56270,44.559922,-94.965267
84790,37.046092,-113.557306
56207,45.505918,-96.066571
97463,43.740681,-122.387167
71945,34.500308,-94.384724
98621,46.400335,-123.543675
93522,36.316298,-117.592333
79058,35.594731,-101.951347
05766,43.984937,-72.996775
67106,37.463347,-97.758054
99919,55.645685,-132.49613
50164,41.499934,-94.433324
58062,46.637537,-97.839516
83821,48.523392,-116.846526
63532,39.766564,-92.571886
84521,39.417033,-110.762446
75944,31.354095,-94.38768
66097,39.328599,-95.246083
67450,38.626311,-98.457346
69037,40.184984,-101.405741
55702,46.957364,-92.637569
36861,32.890893,-85.849191
51523,41.915211,-96.06771
84752,38.251007,-112.88724
57046,42.957636,-97.306648
59273,48.306968,-106.942674
87501,35.708182,-105.851021
82310,42.445655,-107.877513
57794,43.120679,-102.407006
57782,43.249431,-103.180503
48621,44.721241,-84.012674
32350,30.574972,-83.325794
56289,45.333188,-95.224451
68715,41.971271,-97.605926
29564,33.475902,-79.856124
91934,32.648992,-116.152565
82646,42.977645,-106.768219
89021,36.640213,-114.471026
59354,46.177031,-104.420639
78338,26.856162,-97.732223
50653,42.968576,-92.885635
81024,37.229315,-104.711619
97635,41.929992,-120.294195
75959,31.512269,-93.839109
95570,41.113752,-124.08264
97819,44.485996,-117.763025
63952,37.009877,-90.64274
59323,45.916835,-106.722011
29434,33.140888,-79.843725
93526,36.857125,-118.258145
99925,55.550203,-132.945947
73092,35.131203,-98.073831
37826,35.558226,-84.589828
49777,45.285818,-83.479655
74636,36.822566,-97.522218
81237,38.616312,-106.621254
85939,34.431428,-110.085261
81620,39.61303,-106.503056
27844,36.242713,-77.946425
67513,38.445112,-99.538302
98294,47.838377,-121.766185
78001,28.231577,-99.221995
96084,40.795834,-121.868694
54175,45.304391,-88.62536
64426,40.516654,-93.861005
59487,47.587366,-111.638996
84061,40.764039,-111.318822
55613,47.573365,-90.986359
49680,44.648125,-85.241466
83235,44.618424,-114.053247
74850,35.109686,-96.10715
75838,31.4789,-96.229757
27875,35.455706,-76.504667
56276,45.240992,-96.307336
49782,45.618554,-85.543684
79051,36.444349,-102.224098
95548,41.589864,-124.06069
99608,57.590981,-154.363413
29452,32.717609,-80.470698
49094,42.050304,-85.11357
84069,40.365189,-112.485465
39427,31.489296,-89.82901
71316,31.288968,-91.755272
79749,32.255488,-101.834148
28421,34.505123,-78.167047
58772,48.959575,-102.63371
53910,43.886678,-89.807748
04451,45.57744,-68.211789
79538,31.976237,-99.702377
97639,42.428528,-121.491604
56023,43.771611,-94.012902
68761,42.021589,-97.956375
84742,37.517737,-113.158779
78932,30.164115,-96.718195
36765,32.588164,-87.522245
68952,40.081713,-98.679112
99571,55.26629,-162.805022
82055,41.370798,-106.256463
97329,44.371153,-122.289743
93239,36.032769,-119.986409
67422,39.032152,-97.59933
85334,33.593912,-114.363356
72460,36.347012,-91.153514
58067,46.072878,-97.49869
80476,39.670628,-105.834343
54524,45.828177,-90.392415
73540,34.467092,-98.560889
56592,47.531609,-96.007823
79565,32.378574,-101.102996
58528,46.323996,-100.595218
39859,30.987638,-84.812759
93954,36.172975,-120.902682
39665,31.641253,-90.214036
29052,33.798313,-80.741302
89039,35.26574,-114.872449
71276,32.581774,-91.159545
89317,38.904533,-115.016277
88262,33.126398,-103.403889
67868,37.820265,-100.710263
55308,45.41369,-93.835326
95468,38.918887,-123.605684
54112,45.054691,-88.05484
82215,42.466858,-104.70063
57737,44.555435,-102.517339
99693,60.850556,-148.03387
58415,46.361573,-98.485453
86042,35.861758,-110.384151
39745,33.298333,-89.46959
59006,45.92083,-108.08888
57365,43.811327,-99.416428
97909,44.210938,-117.379018
50535,42.452741,-95.164045
56170,44.16455,-96.095184
50430,42.977287,-93.956552
85362,34.285451,-112.843222
97707,43.826223,-121.492124
75497,32.921857,-95.576169
87940,32.64207,-107.006626
98845,47.439304,-119.935355
83870,47.138599,-116.853614
67632,39.329657,-99.581063
99672,60.569633,-150.761371
38627,34.454558,-89.23804
64622,39.49255,-93.542717
65324,38.097093,-93.009748
76363,33.513208,-99.523946
78650,30.303885,-97.218899
15861,41.352795,-78.036198
56511,46.842476,-96.016346
89825,41.904428,-114.709644
99722,68.165374,-145.401362
57271,44.75847,-97.538215
39332,32.3043,-88.998857
89061,36.07011,-115.906249
78827,28.430942,-99.723746
81330,37.234851,-108.478286
65567,37.849482,-92.54003
99606,59.737057,-154.902414
54531,45.752823,-89.774652
36539,31.348624,-88.394107
59716,45.287116,-111.38874
76519,30.994797,-97.033363
93505,35.108958,-117.956461
99157,48.918184,-117.796302
31566,31.182755,-81.805594
59755,45.270967,-111.943619
29111,33.778496,-80.020582
56652,47.708135,-95.22766
40379,38.308222,-84.690353
67423,38.96562,-97.974945
80510,40.2125,-105.6066
95563,40.894251,-123.56406
36740,32.626783,-87.836571
66449,39.390138,-96.856465
59477,47.44284,-111.974484
97480,44.128446,-123.832726
99706,64.009705,-144.681574
67511,38.433638,-99.050582
71326,31.772181,-91.585739
96062,40.555597,-122.091265
83328,42.570241,-114.616281
97731,43.089622,-121.855238
78369,27.42933,-99.08597
87724,35.172012,-104.985298
78662,29.944801,-97.443564
87064,36.183894,-106.538655
93543,34.475278,-117.969599
58069,46.243089,-97.839604
79534,32.753255,-100.224591
81646,39.1044,-108.005195
29123,33.757417,-81.261261
57331,43.474415,-98.044848
70354,29.43028,-90.342585
49961,46.449553,-88.702147
73857,36.270809,-99.332734
56574,47.198997,-96.705549
92060,33.350376,-116.864443
84522,38.86031,-111.223206
32577,30.740981,-87.379367
38222,36.445536,-88.157903
57386,44.506667,-97.996974
82638,43.058737,-107.254284
71642,33.388539,-91.876108
69135,42.144777,-100.266113
66940,39.802418,-97.453186
38456,35.33467,-87.265611
37174,35.719255,-86.898188
39827,30.947615,-84.210378
39756,33.756717,-88.741085
79770,31.854982,-103.912233
98829,48.297285,-119.805681
84756,37.742488,-113.54774
67491,38.383354,-97.901877
58632,46.672998,-103.965468
93201,35.856859,-119.507526
75968,31.252156,-93.954016
73756,35.978568,-98.111886
36855,33.028908,-85.308151
67134,37.476985,-98.67207
39152,32.207475,-89.585474
39841,31.292866,-84.685044
56311,45.897453,-95.895579
36026,32.77548,-86.130993
30139,34.432341,-84.705495
79230,34.710122,-100.053583
76828,32.006167,-99.292204
58445,47.558604,-98.781494
55314,44.776384,-94.607125
76836,31.422466,-99.587642
86431,35.425209,-114.247385
38461,35.595141,-87.339879
64637,39.575717,-93.917412
76848,30.839235,-99.563748
73569,33.936131,-97.782013
73729,36.392827,-98.454409
78886,29.155307,-99.18621
30477,32.862554,-82.400822
12108,43.467735,-74.435462
38961,33.962265,-89.884233
83615,44.705694,-116.042463
85544,34.383579,-111.477279
57340,43.792912,-97.852171
68768,41.999989,-97.070194
85172,32.904833,-111.955451
55605,47.952837,-89.660012
75643,32.005834,-94.361607
57468,45.49498,-97.743213
74801,35.315129,-96.969671
78044,27.73253,-99.229736
79233,34.498476,-100.494137
93529,37.777706,-119.188102
76671,31.988449,-97.531227
79537,32.27586,-100.219861
59844,48.000416,-115.939432
56646,47.783068,-95.633256
54442,45.358854,-89.65898
38876,34.21359,-88.230292
57650,45.830929,-103.034682
58323,48.841487,-98.923128
84710,37.469176,-112.510553
58775,47.710059,-101.861201
78379,27.306614,-97.780427
90704,33.399325,-118.435329
29580,33.653101,-79.551975
76463,32.455408,-98.418168
29593,34.493107,-79.856964
67119,37.23869,-97.176546
96799,-14.324258,-170.751146
96067,41.316888,-122.317447
31009,32.270181,-83.000516
82732,43.723972,-105.582726
54103,45.63688,-88.516296
66873,38.612773,-96.666147
82933,41.269258,-110.497834
64742,38.508095,-94.541195
59448,48.263152,-112.849472
58716,47.804326,-101.067845
93428,35.585,-121.041474
71933,34.413747,-93.355793
79503,32.887469,-99.696382
58641,46.66713,-102.486272
87731,35.700849,-105.399029
54850,46.940645,-90.57083
59256,48.907561,-104.5528
75453,33.009868,-95.93267
30425,32.682022,-82.094572
67647,39.936787,-99.526067
58479,47.088795,-98.20338
82936,41.054019,-110.180295
39079,32.930988,-89.88886
39346,32.965035,-89.095535
86343,34.192694,-112.319545
67838,38.058041,-101.133767
99776,63.328691,-143.486599
86016,35.752462,-111.641148
96738,19.871941,-155.802163
59338,46.640459,-105.640492
80426,39.875477,-106.990946
67514,37.861953,-98.202381
57584,43.490154,-100.061799
66548,39.670854,-96.762724
67159,37.427657,-98.309416
35643,34.672577,-87.201931
54554,46.060032,-89.064052
99572,60.529893,-149.952595
63625,37.563413,-90.997619
31542,31.142701,-82.119407
55781,47.680868,-93.065077
88416,35.477253,-104.209466
54966,44.210102,-89.50478
99633,58.78516,-156.885872
59424,47.353027,-110.108208
31512,31.545696,-83.018356
76827,31.527193,-99.136616
54515,45.512603,-90.491098
86508,35.352067,-109.08707
54664,43.48833,-90.642904
81136,37.71951,-105.813477
79063,34.517009,-102.115148
85925,34.01885,-109.352493
92310,35.334411,-116.763014
66857,38.103409,-95.633361
58277,47.608405,-97.823277
83427,43.357538,-111.753549
30731,34.564178,-85.471885
56760,48.240377,-96.445796
75928,30.671395,-93.71134
97342,44.739311,-121.879087
29437,33.135176,-80.417764
58369,48.95891,-99.813735
67649,39.140977,-98.688549
55971,43.819894,-91.75781
74644,36.5597,-97.095983
49793,46.214575,-85.047394
97532,42.518364,-123.656431
59647,46.462548,-111.65395
16921,41.723136,-77.522427
83324,42.871953,-114.262189
27962,35.762002,-76.776452
99666,62.440625,-165.145536
80434,40.903319,-106.284985
72738,36.162486,-93.886698
59242,48.411173,-104.443382
39116,31.896441,-89.538254
67751,39.117291,-100.35627
79742,31.360283,-102.852658
77983,28.376402,-96.696758
75147,32.426069,-96.06456
57776,45.236414,-103.507964
86436,34.738969,-114.416933
71747,33.053051,-92.22566
99610,60.280964,-151.273
83627,42.913544,-115.537294
68981,40.286007,-98.892394
58057,46.425466,-97.267553
97604,42.977733,-122.206736
37022,36.514582,-86.317038
23015,37.929642,-77.642802
66439,39.656331,-95.540086
32009,30.422502,-81.973824
04768,46.796816,-69.054521
49743,45.266958,-83.893364
95546,41.185995,-123.731494
99330,46.494519,-119.030287
87729,36.303412,-104.817842
49655,44.024932,-85.43205
58430,47.508825,-100.256876
32628,29.653159,-83.162979
83332,42.797531,-114.928868
39352,32.674323,-88.481726
78375,27.39631,-98.171285
97709,43.897567,-121.858605
41003,38.52964,-84.390246
68753,42.854067,-99.485011
59035,45.304795,-107.94896
75148,32.124647,-96.02579
48763,44.246047,-83.613405
77378,30.478056,-95.384905
58744,48.120173,-100.591065
93562,35.701221,-117.307544
58755,48.625964,-102.95095
37722,35.815156,-83.201096
66544,39.688855,-96.273293
59419,47.966391,-112.316989
59465,46.93772,-110.707881
83312,42.113303,-113.636354
76887,31.031568,-99.158464
54517,46.121051,-90.934042
86437,35.395095,-113.597852
87004,35.368875,-106.597242
04964,44.94362,-70.826469
87061,34.705002,-106.381477
97760,44.384504,-121.245576
75550,33.498221,-94.890845
57622,44.682659,-101.566327
74006,36.712522,-95.895054
99017,47.184114,-117.886748
63068,38.565884,-91.244062
95075,36.793553,-121.191975
30648,33.870769,-83.038175
56257,44.969258,-96.402151
54642,44.152076,-91.044944
57063,42.930268,-97.684565
59546,47.899298,-108.539285
59071,45.2462,-109.629564
59930,48.866728,-115.133187
96777,19.227605,-155.466558
67734,39.542948,-100.88884
92338,34.787721,-116.251208
87562,35.406624,-105.655221
58762,48.673209,-100.940087
54102,45.498029,-88.014598
31719,32.090308,-84.310747
66862,38.154999,-96.556128
29728,34.764953,-80.400558
99829,58.024766,-135.30821
56452,46.957022,-94.448224
99668,61.653861,-157.10302
76270,33.461447,-97.758976
74640,36.57102,-97.649023
85933,34.357093,-110.509263
67629,39.699951,-100.199353
97870,44.787989,-117.186563
66854,38.252132,-95.988479
39867,31.842843,-84.93075
97436,43.643348,-123.586975
82242,42.647281,-104.136182
95568,41.484857,-123.491487
62984,37.754002,-88.146249
58833,48.887154,-103.520335
56570,46.917931,-95.367116
58794,48.269343,-102.791266
79094,34.840077,-101.5097
67430,39.575518,-98.442139
76484,32.740311,-98.302489
36351,31.425502,-85.9066
58564,46.266095,-101.344234
58423,47.428453,-99.830534
81642,39.312809,-106.567699
68859,41.458741,-98.82218
38664,34.811462,-90.329253
36785,32.277617,-86.823481
96093,40.765478,-122.941428
57332,43.5505,-97.656776
59545,48.939152,-111.21972
69220,42.918531,-100.168594
69027,40.502503,-101.524265
56761,48.608619,-95.697081
93512,37.891866,-118.554569
81411,38.251835,-108.97886
82428,44.298594,-107.590462
69141,41.304148,-102.936017
99649,57.50519,-157.287053
58787,48.756322,-101.813659
59031,45.498166,-107.374537
81652,39.466243,-107.673259
97873,44.128299,-118.995005
99733,65.838617,-144.175331
80822,39.677784,-102.678662
93222,34.886245,-119.220436
89042,37.798162,-114.358597
83462,45.300529,-113.817801
59547,48.703466,-108.98602
57562,43.897568,-100.958429
83322,43.316817,-114.966954
99832,57.965619,-136.071325
99682,61.190862,-151.184237
99663,59.40119,-151.624586
84086,41.417628,-111.201226
84515,38.910823,-109.35248
96110,41.241917,-120.124629
85639,31.771716,-111.68229
81633,40.387427,-108.46898
59454,48.76895,-111.985097
96132,40.900067,-120.513882
58581,46.049857,-99.805692
98362,48.030261,-123.329376
59065,45.271112,-110.673496
89831,41.715996,-116.098342
88025,33.108583,-108.725916
97732,43.485397,-118.323574
56711,48.984208,-95.058739
56685,48.238688,-94.531271
97833,44.933827,-118.072967
69132,40.814912,-101.006611
59418,46.803651,-109.855632
57455,45.00698,-99.683039
59316,45.347046,-105.071917
99638,53.007863,-168.718502
80736,40.811815,-103.027237
99926,55.138352,-131.470425
59276,48.965743,-105.214128
98852,48.365489,-120.669753
83468,44.922252,-113.592213
97712,43.77784,-120.40625
80805,39.296843,-102.437367
82723,43.991936,-104.430623
97637,42.472998,-119.960274
88436,36.158639,-103.158755
67747,39.042059,-101.061021
97063,45.224901,-121.301127
86538,36.421077,-109.633858
69335,42.020655,-102.142622
57435,45.153847,-98.914249
59083,46.563108,-107.559493
57457,45.877277,-99.154299
55725,48.350302,-92.530677
58524,46.622101,-100.073951
58483,46.668133,-99.432794
49839,46.59846,-86.146442
69144,41.342468,-101.62135
57476,44.706167,-98.615249
89496,39.19947,-118.571012
82932,42.124393,-109.385213
57714,43.329195,-101.914725
97444,42.440347,-124.327441
89828,40.735333,-115.34339
89426,41.477569,-117.61734
87820,33.937649,-108.58682
98857,46.990068,-119.024761
85341,31.972569,-112.719502
83243,42.232852,-112.665036
80740,39.744369,-103.384859
92280,34.129347,-114.985225
73946,36.935479,-102.80408
57522,44.510544,-99.963858
79330,33.018178,-101.262086
49808,46.823114,-87.85267
83435,43.978916,-112.586433
87018,36.108441,-107.530966
59441,46.827529,-109.069119
84023,40.903341,-109.217325
79845,29.653344,-104.397247
99661,55.262272,-160.709422
69217,42.26594,-99.716152
69133,41.219563,-103.471892
67950,37.062774,-101.867684
78067,27.103631,-99.363349
84511,37.527347,-109.411511
49768,46.639554,-85.118081
99755,63.75455,-149.211207
80862,38.922172,-103.058029
99401,46.087207,-117.249856
57576,43.906086,-100.292316
79518,33.30818,-100.745809
67863,38.565231,-101.208163
67859,37.235142,-100.770135
80117,39.395522,-104.389585
87364,36.133635,-108.712048
88029,31.844879,-107.694722
59746,45.384931,-113.059097
88121,34.679819,-103.977198
67733,39.329761,-101.506468
59532,48.593531,-110.080727
59837,46.535047,-113.283235
99556,59.834338,-151.57731
67850,38.631411,-100.638969
82058,42.153086,-105.608898
93254,34.946218,-119.802837
57634,45.773244,-101.865567
86504,35.860391,-109.139361
88422,36.345284,-103.991476
58520,46.67407,-101.568257
80428,40.843694,-106.925249
97848,44.722177,-119.580554
82229,42.877643,-104.985904
83255,43.711763,-113.459371
68711,42.194967,-99.039009
99689,59.484561,-139.419308
79778,31.258503,-101.973541
89020,36.562525,-116.41983
89830,41.321657,-114.177126
59411,48.892066,-113.398244
86535,36.823128,-109.865633
97817,44.728775,-118.60596
83227,44.158678,-114.495906
59012,45.323605,-106.627201
99734,70.422628,-149.299665
82725,44.876792,-105.702593
82051,41.603073,-105.648828
67762,38.841393,-102.000884
69122,41.099788,-102.086763
69219,42.713708,-101.025102
59315,47.4523,-104.868428
69367,42.814352,-103.316932
96015,41.51178,-120.87766
97735,43.390117,-120.992389
89822,40.4922,-116.188965
78860,28.401006,-100.230598
59451,47.390215,-109.390087
99707,65.155019,-146.25258
84716,37.944418,-111.44226
88434,35.120075,-103.335512
89003,36.946108,-116.764346
80864,38.699006,-104.187552
59319,45.411852,-104.165377
79236,33.603167,-100.29976
87011,34.082253,-105.972281
97751,44.131635,-119.780362
59085,46.323085,-110.187893
97738,43.484045,-119.156464
85542,33.324677,-110.310846
59868,47.221041,-113.54046
80820,38.777049,-105.566978
59460,48.074045,-110.506987
81220,38.297911,-107.477679
70643,29.737191,-92.779067
58496,47.140886,-99.309026
67155,37.274948,-99.137561
59312,47.037569,-106.263943
04732,46.571018,-68.491485
99830,56.771079,-134.089981
78357,27.933768,-98.567347
86544,36.544317,-109.142198
85320,33.835575,-113.232201
59078,46.42268,-109.489288
38485,35.356672,-87.782248
69024,40.240961,-100.863894
82210,41.711626,-104.758303
88343,33.235068,-105.067785
88230,33.21917,-104.397563
58627,47.234399,-103.27265
97636,42.657898,-120.578432
58562,46.361322,-102.008606
89883,40.84892,-114.157677
59067,45.970297,-109.223835
99766,68.276605,-165.986279
57775,44.093016,-102.001651
58620,46.505983,-103.338434
93461,35.63334,-120.268391
67547,37.938109,-99.472318
59715,45.693722,-110.906093
69354,42.381413,-103.381836
99726,66.75531,-151.414738
87357,34.829377,-108.409286
84728,39.333131,-113.912398
59274,47.846151,-105.418762
82922,43.142442,-110.45682
78631,30.33977,-99.30658
59223,47.912807,-106.206866
85553,33.793838,-111.223484
82327,42.141638,-106.630301
97880,45.088669,-118.882506
73654,35.85851,-99.374149
98827,48.856329,-119.752106
85605,32.307852,-109.47082
76430,32.804487,-99.22307
67731,39.765932,-101.537318
79839,31.42078,-105.64224
79846,29.387969,-103.990395
85625,31.876026,-109.664234
59537,48.843205,-107.988067
58757,47.686282,-102.555817
99587,60.965808,-148.876643
89405,40.450464,-119.469243
98361,46.53842,-121.504864
57620,45.377258,-102.540212
93527,35.922932,-118.078936
84034,39.992371,-113.878933
92309,35.249196,-116.156236
59326,46.770357,-104.859403
59416,48.037972,-111.526826
80103,39.7912,-104.093839
69120,41.432195,-100.242481
59820,46.897452,-114.609123
97843,45.504563,-119.880612
81154,37.634046,-106.667927
34974,27.148849,-80.914061
89415,38.517193,-118.788741
76930,31.110531,-101.119614
73842,36.821781,-99.216173
87827,34.362281,-108.137414
69148,41.688782,-102.610804
89404,41.841663,-118.878658
99724,66.318235,-146.795494
99840,59.560379,-135.338279
84734,38.36269,-110.576846
99732,64.079431,-141.971999
79855,30.930866,-104.860712
99757,63.790253,-152.461794
88353,34.499108,-105.103307
79781,30.61472,-101.76562
89001,37.337655,-115.302378
59318,47.501154,-107.51385
99701,67.37543,-149.728458
83525,45.740081,-115.393231
79834,29.182737,-103.262462
86053,36.758183,-111.056391
99678,59.263241,-160.472561
79848,30.11968,-102.397964
86320,35.374687,-112.623878
86052,36.286604,-112.143353
97736,42.674267,-118.901909
79837,32.095261,-105.162407
99676,62.571112,-149.60647
86435,36.005447,-112.945058
99613,59.070918,-155.377509
99764,62.685441,-141.822756
69152,42.065394,-101.149699
82513,43.627771,-109.629169
89316,39.671344,-116.013637
84533,37.405415,-110.537252
99586,62.690716,-144.237987
99674,61.591292,-148.061929
89310,39.474204,-117.140299
99781,67.468627,-146.064642
99640,60.718588,-155.572329
99729,63.243983,-147.978063
99588,62.707758,-146.719388
99573,61.569192,-145.670475
99691,62.728975,-153.582886
99667,61.698414,-152.13613
99635,61.068571,-153.003192
99627,63.548518,-154.575649
99566,61.270747,-142.60583
99738,65.149633,-142.654406
99557,61.468883,-155.215247
